ISO-10303-21;
HEADER;
/* Generated by software containing ST-Developer
 * from STEP Tools, Inc. (www.steptools.com) 
 */

FILE_DESCRIPTION(
/* description */ (''),
/* implementation_level */ '2;1');

FILE_NAME(
/* name */ '02-Rocker Box.step',
/* time_stamp */ '2026-03-07T22:22:02+05:30',
/* author */ (''),
/* organization */ (''),
/* preprocessor_version */ 'ST-DEVELOPER v20.1',
/* originating_system */ 'Autodesk Translation Framework v14.24.0.0',
/* authorisation */ '');

FILE_SCHEMA (('AUTOMOTIVE_DESIGN { 1 0 10303 214 3 1 1 }'));
ENDSEC;

DATA;
#10=MECHANICAL_DESIGN_GEOMETRIC_PRESENTATION_REPRESENTATION('',(#109,#110,
#111,#112,#113,#114,#115,#116,#117,#118,#119,#120,#121,#122),#4351);
#11=ITEM_DEFINED_TRANSFORMATION($,$,#2613,#2865);
#12=ITEM_DEFINED_TRANSFORMATION($,$,#2640,#2866);
#13=ITEM_DEFINED_TRANSFORMATION($,$,#2661,#2867);
#14=ITEM_DEFINED_TRANSFORMATION($,$,#2661,#2868);
#15=ITEM_DEFINED_TRANSFORMATION($,$,#2661,#2869);
#16=ITEM_DEFINED_TRANSFORMATION($,$,#2661,#2870);
#17=ITEM_DEFINED_TRANSFORMATION($,$,#2661,#2871);
#18=ITEM_DEFINED_TRANSFORMATION($,$,#2682,#2872);
#19=ITEM_DEFINED_TRANSFORMATION($,$,#2682,#2873);
#20=ITEM_DEFINED_TRANSFORMATION($,$,#2682,#2874);
#21=ITEM_DEFINED_TRANSFORMATION($,$,#2682,#2875);
#22=ITEM_DEFINED_TRANSFORMATION($,$,#2682,#2876);
#23=ITEM_DEFINED_TRANSFORMATION($,$,#2703,#2877);
#24=ITEM_DEFINED_TRANSFORMATION($,$,#2717,#2878);
#25=ITEM_DEFINED_TRANSFORMATION($,$,#2738,#2879);
#26=ITEM_DEFINED_TRANSFORMATION($,$,#2752,#2880);
#27=ITEM_DEFINED_TRANSFORMATION($,$,#2773,#2881);
#28=ITEM_DEFINED_TRANSFORMATION($,$,#2773,#2882);
#29=ITEM_DEFINED_TRANSFORMATION($,$,#2782,#2883);
#30=(
REPRESENTATION_RELATIONSHIP($,$,#4398,#4397)
REPRESENTATION_RELATIONSHIP_WITH_TRANSFORMATION(#11)
SHAPE_REPRESENTATION_RELATIONSHIP()
);
#31=(
REPRESENTATION_RELATIONSHIP($,$,#4399,#4397)
REPRESENTATION_RELATIONSHIP_WITH_TRANSFORMATION(#12)
SHAPE_REPRESENTATION_RELATIONSHIP()
);
#32=(
REPRESENTATION_RELATIONSHIP($,$,#4400,#4397)
REPRESENTATION_RELATIONSHIP_WITH_TRANSFORMATION(#13)
SHAPE_REPRESENTATION_RELATIONSHIP()
);
#33=(
REPRESENTATION_RELATIONSHIP($,$,#4400,#4397)
REPRESENTATION_RELATIONSHIP_WITH_TRANSFORMATION(#14)
SHAPE_REPRESENTATION_RELATIONSHIP()
);
#34=(
REPRESENTATION_RELATIONSHIP($,$,#4400,#4397)
REPRESENTATION_RELATIONSHIP_WITH_TRANSFORMATION(#15)
SHAPE_REPRESENTATION_RELATIONSHIP()
);
#35=(
REPRESENTATION_RELATIONSHIP($,$,#4400,#4397)
REPRESENTATION_RELATIONSHIP_WITH_TRANSFORMATION(#16)
SHAPE_REPRESENTATION_RELATIONSHIP()
);
#36=(
REPRESENTATION_RELATIONSHIP($,$,#4400,#4397)
REPRESENTATION_RELATIONSHIP_WITH_TRANSFORMATION(#17)
SHAPE_REPRESENTATION_RELATIONSHIP()
);
#37=(
REPRESENTATION_RELATIONSHIP($,$,#4401,#4397)
REPRESENTATION_RELATIONSHIP_WITH_TRANSFORMATION(#18)
SHAPE_REPRESENTATION_RELATIONSHIP()
);
#38=(
REPRESENTATION_RELATIONSHIP($,$,#4401,#4397)
REPRESENTATION_RELATIONSHIP_WITH_TRANSFORMATION(#19)
SHAPE_REPRESENTATION_RELATIONSHIP()
);
#39=(
REPRESENTATION_RELATIONSHIP($,$,#4401,#4397)
REPRESENTATION_RELATIONSHIP_WITH_TRANSFORMATION(#20)
SHAPE_REPRESENTATION_RELATIONSHIP()
);
#40=(
REPRESENTATION_RELATIONSHIP($,$,#4401,#4397)
REPRESENTATION_RELATIONSHIP_WITH_TRANSFORMATION(#21)
SHAPE_REPRESENTATION_RELATIONSHIP()
);
#41=(
REPRESENTATION_RELATIONSHIP($,$,#4401,#4397)
REPRESENTATION_RELATIONSHIP_WITH_TRANSFORMATION(#22)
SHAPE_REPRESENTATION_RELATIONSHIP()
);
#42=(
REPRESENTATION_RELATIONSHIP($,$,#4402,#4397)
REPRESENTATION_RELATIONSHIP_WITH_TRANSFORMATION(#23)
SHAPE_REPRESENTATION_RELATIONSHIP()
);
#43=(
REPRESENTATION_RELATIONSHIP($,$,#4403,#4397)
REPRESENTATION_RELATIONSHIP_WITH_TRANSFORMATION(#24)
SHAPE_REPRESENTATION_RELATIONSHIP()
);
#44=(
REPRESENTATION_RELATIONSHIP($,$,#4404,#4397)
REPRESENTATION_RELATIONSHIP_WITH_TRANSFORMATION(#25)
SHAPE_REPRESENTATION_RELATIONSHIP()
);
#45=(
REPRESENTATION_RELATIONSHIP($,$,#4405,#4397)
REPRESENTATION_RELATIONSHIP_WITH_TRANSFORMATION(#26)
SHAPE_REPRESENTATION_RELATIONSHIP()
);
#46=(
REPRESENTATION_RELATIONSHIP($,$,#4406,#4397)
REPRESENTATION_RELATIONSHIP_WITH_TRANSFORMATION(#27)
SHAPE_REPRESENTATION_RELATIONSHIP()
);
#47=(
REPRESENTATION_RELATIONSHIP($,$,#4406,#4397)
REPRESENTATION_RELATIONSHIP_WITH_TRANSFORMATION(#28)
SHAPE_REPRESENTATION_RELATIONSHIP()
);
#48=(
REPRESENTATION_RELATIONSHIP($,$,#4407,#4397)
REPRESENTATION_RELATIONSHIP_WITH_TRANSFORMATION(#29)
SHAPE_REPRESENTATION_RELATIONSHIP()
);
#49=CONTEXT_DEPENDENT_SHAPE_REPRESENTATION(#30,#4378);
#50=CONTEXT_DEPENDENT_SHAPE_REPRESENTATION(#31,#4379);
#51=CONTEXT_DEPENDENT_SHAPE_REPRESENTATION(#32,#4380);
#52=CONTEXT_DEPENDENT_SHAPE_REPRESENTATION(#33,#4381);
#53=CONTEXT_DEPENDENT_SHAPE_REPRESENTATION(#34,#4382);
#54=CONTEXT_DEPENDENT_SHAPE_REPRESENTATION(#35,#4383);
#55=CONTEXT_DEPENDENT_SHAPE_REPRESENTATION(#36,#4384);
#56=CONTEXT_DEPENDENT_SHAPE_REPRESENTATION(#37,#4385);
#57=CONTEXT_DEPENDENT_SHAPE_REPRESENTATION(#38,#4386);
#58=CONTEXT_DEPENDENT_SHAPE_REPRESENTATION(#39,#4387);
#59=CONTEXT_DEPENDENT_SHAPE_REPRESENTATION(#40,#4388);
#60=CONTEXT_DEPENDENT_SHAPE_REPRESENTATION(#41,#4389);
#61=CONTEXT_DEPENDENT_SHAPE_REPRESENTATION(#42,#4390);
#62=CONTEXT_DEPENDENT_SHAPE_REPRESENTATION(#43,#4391);
#63=CONTEXT_DEPENDENT_SHAPE_REPRESENTATION(#44,#4392);
#64=CONTEXT_DEPENDENT_SHAPE_REPRESENTATION(#45,#4393);
#65=CONTEXT_DEPENDENT_SHAPE_REPRESENTATION(#46,#4394);
#66=CONTEXT_DEPENDENT_SHAPE_REPRESENTATION(#47,#4395);
#67=CONTEXT_DEPENDENT_SHAPE_REPRESENTATION(#48,#4396);
#68=NEXT_ASSEMBLY_USAGE_OCCURRENCE('Component1:1','Component1:1',
'Component1:1',#4409,#4410,'Component1:1');
#69=NEXT_ASSEMBLY_USAGE_OCCURRENCE('Component2:1','Component2:1',
'Component2:1',#4409,#4411,'Component2:1');
#70=NEXT_ASSEMBLY_USAGE_OCCURRENCE('40x40 L brackets v1:1',
'40x40 L brackets v1:1','40x40 L brackets v1:1',#4409,#4412,
'40x40 L brackets v1:1');
#71=NEXT_ASSEMBLY_USAGE_OCCURRENCE('40x40 L brackets v1:2',
'40x40 L brackets v1:2','40x40 L brackets v1:2',#4409,#4412,
'40x40 L brackets v1:2');
#72=NEXT_ASSEMBLY_USAGE_OCCURRENCE('40x40 L brackets v1:3',
'40x40 L brackets v1:3','40x40 L brackets v1:3',#4409,#4412,
'40x40 L brackets v1:3');
#73=NEXT_ASSEMBLY_USAGE_OCCURRENCE('40x40 L brackets v1:4',
'40x40 L brackets v1:4','40x40 L brackets v1:4',#4409,#4412,
'40x40 L brackets v1:4');
#74=NEXT_ASSEMBLY_USAGE_OCCURRENCE('40x40 L brackets v1:5',
'40x40 L brackets v1:5','40x40 L brackets v1:5',#4409,#4412,
'40x40 L brackets v1:5');
#75=NEXT_ASSEMBLY_USAGE_OCCURRENCE('40x40 L brackets v1(Mirror):1',
'40x40 L brackets v1(Mirror):1','40x40 L brackets v1(Mirror):1',#4409,#4413,
'40x40 L brackets v1(Mirror):1');
#76=NEXT_ASSEMBLY_USAGE_OCCURRENCE('40x40 L brackets v1(Mirror):2',
'40x40 L brackets v1(Mirror):2','40x40 L brackets v1(Mirror):2',#4409,#4413,
'40x40 L brackets v1(Mirror):2');
#77=NEXT_ASSEMBLY_USAGE_OCCURRENCE('40x40 L brackets v1(Mirror):3',
'40x40 L brackets v1(Mirror):3','40x40 L brackets v1(Mirror):3',#4409,#4413,
'40x40 L brackets v1(Mirror):3');
#78=NEXT_ASSEMBLY_USAGE_OCCURRENCE('40x40 L brackets v1(Mirror):4',
'40x40 L brackets v1(Mirror):4','40x40 L brackets v1(Mirror):4',#4409,#4413,
'40x40 L brackets v1(Mirror):4');
#79=NEXT_ASSEMBLY_USAGE_OCCURRENCE('40x40 L brackets v1(Mirror):5',
'40x40 L brackets v1(Mirror):5','40x40 L brackets v1(Mirror):5',#4409,#4413,
'40x40 L brackets v1(Mirror):5');
#80=NEXT_ASSEMBLY_USAGE_OCCURRENCE('Stopper:1','Stopper:1','Stopper:1',
#4409,#4414,'Stopper:1');
#81=NEXT_ASSEMBLY_USAGE_OCCURRENCE('Teflon spacer - Alt bearing:1',
'Teflon spacer - Alt bearing:1','Teflon spacer - Alt bearing:1',#4409,#4415,
'Teflon spacer - Alt bearing:1');
#82=NEXT_ASSEMBLY_USAGE_OCCURRENCE('Stopper (1):1','Stopper (1):1',
'Stopper (1):1',#4409,#4416,'Stopper (1):1');
#83=NEXT_ASSEMBLY_USAGE_OCCURRENCE('Teflon Spacer - Alt bearing:1',
'Teflon Spacer - Alt bearing:1','Teflon Spacer - Alt bearing:1',#4409,#4417,
'Teflon Spacer - Alt bearing:1');
#84=NEXT_ASSEMBLY_USAGE_OCCURRENCE('Teflon- Az Bearing:1',
'Teflon- Az Bearing:1','Teflon- Az Bearing:1',#4409,#4418,
'Teflon- Az Bearing:1');
#85=NEXT_ASSEMBLY_USAGE_OCCURRENCE('Teflon- Az Bearing:2',
'Teflon- Az Bearing:2','Teflon- Az Bearing:2',#4409,#4418,
'Teflon- Az Bearing:2');
#86=NEXT_ASSEMBLY_USAGE_OCCURRENCE('bottom wood:1','bottom wood:1',
'bottom wood:1',#4409,#4419,'bottom wood:1');
#87=SHAPE_REPRESENTATION_RELATIONSHIP('SRR','None',#4398,#98);
#88=SHAPE_REPRESENTATION_RELATIONSHIP('SRR','None',#4399,#99);
#89=SHAPE_REPRESENTATION_RELATIONSHIP('SRR','None',#4400,#100);
#90=SHAPE_REPRESENTATION_RELATIONSHIP('SRR','None',#4401,#101);
#91=SHAPE_REPRESENTATION_RELATIONSHIP('SRR','None',#4402,#102);
#92=SHAPE_REPRESENTATION_RELATIONSHIP('SRR','None',#4403,#103);
#93=SHAPE_REPRESENTATION_RELATIONSHIP('SRR','None',#4404,#104);
#94=SHAPE_REPRESENTATION_RELATIONSHIP('SRR','None',#4405,#105);
#95=SHAPE_REPRESENTATION_RELATIONSHIP('SRR','None',#4406,#106);
#96=SHAPE_REPRESENTATION_RELATIONSHIP('SRR','None',#4407,#107);
#97=SHAPE_REPRESENTATION_RELATIONSHIP('SRR','None',#4397,#108);
#98=ADVANCED_BREP_SHAPE_REPRESENTATION('',(#123),#4341);
#99=ADVANCED_BREP_SHAPE_REPRESENTATION('',(#124),#4342);
#100=ADVANCED_BREP_SHAPE_REPRESENTATION('',(#125),#4343);
#101=ADVANCED_BREP_SHAPE_REPRESENTATION('',(#126),#4344);
#102=ADVANCED_BREP_SHAPE_REPRESENTATION('',(#127),#4345);
#103=ADVANCED_BREP_SHAPE_REPRESENTATION('',(#128,#129),#4346);
#104=ADVANCED_BREP_SHAPE_REPRESENTATION('',(#130),#4347);
#105=ADVANCED_BREP_SHAPE_REPRESENTATION('',(#131,#132),#4348);
#106=ADVANCED_BREP_SHAPE_REPRESENTATION('',(#133),#4349);
#107=ADVANCED_BREP_SHAPE_REPRESENTATION('',(#134),#4350);
#108=ADVANCED_BREP_SHAPE_REPRESENTATION('',(#135,#136),#4340);
#109=STYLED_ITEM('',(#4458),#123);
#110=STYLED_ITEM('',(#4457),#124);
#111=STYLED_ITEM('',(#4456),#125);
#112=STYLED_ITEM('',(#4456),#126);
#113=STYLED_ITEM('',(#4459),#127);
#114=STYLED_ITEM('',(#4460),#128);
#115=STYLED_ITEM('',(#4460),#129);
#116=STYLED_ITEM('',(#4459),#130);
#117=STYLED_ITEM('',(#4460),#131);
#118=STYLED_ITEM('',(#4460),#132);
#119=STYLED_ITEM('',(#4456),#133);
#120=STYLED_ITEM('',(#4456),#134);
#121=STYLED_ITEM('',(#4457),#135);
#122=STYLED_ITEM('',(#4457),#136);
#123=MANIFOLD_SOLID_BREP('Body1',#2487);
#124=MANIFOLD_SOLID_BREP('Body1',#2488);
#125=MANIFOLD_SOLID_BREP('Body1',#2489);
#126=MANIFOLD_SOLID_BREP('Body1',#2490);
#127=MANIFOLD_SOLID_BREP('Body1',#2491);
#128=MANIFOLD_SOLID_BREP('Body1',#2492);
#129=MANIFOLD_SOLID_BREP('Body2',#2493);
#130=MANIFOLD_SOLID_BREP('Body1',#2494);
#131=MANIFOLD_SOLID_BREP('Body1',#2495);
#132=MANIFOLD_SOLID_BREP('Body2',#2496);
#133=MANIFOLD_SOLID_BREP('Body1',#2497);
#134=MANIFOLD_SOLID_BREP('Body1',#2498);
#135=MANIFOLD_SOLID_BREP('Body1',#2499);
#136=MANIFOLD_SOLID_BREP('Body2',#2500);
#137=FACE_BOUND('',#427,.T.);
#138=FACE_BOUND('',#428,.T.);
#139=FACE_BOUND('',#429,.T.);
#140=FACE_BOUND('',#430,.T.);
#141=FACE_BOUND('',#431,.T.);
#142=FACE_BOUND('',#432,.T.);
#143=FACE_BOUND('',#433,.T.);
#144=FACE_BOUND('',#435,.T.);
#145=FACE_BOUND('',#436,.T.);
#146=FACE_BOUND('',#437,.T.);
#147=FACE_BOUND('',#438,.T.);
#148=FACE_BOUND('',#439,.T.);
#149=FACE_BOUND('',#440,.T.);
#150=FACE_BOUND('',#441,.T.);
#151=FACE_BOUND('',#451,.T.);
#152=FACE_BOUND('',#452,.T.);
#153=FACE_BOUND('',#453,.T.);
#154=FACE_BOUND('',#454,.T.);
#155=FACE_BOUND('',#456,.T.);
#156=FACE_BOUND('',#457,.T.);
#157=FACE_BOUND('',#458,.T.);
#158=FACE_BOUND('',#459,.T.);
#159=FACE_BOUND('',#471,.T.);
#160=FACE_BOUND('',#473,.T.);
#161=FACE_BOUND('',#479,.T.);
#162=FACE_BOUND('',#483,.T.);
#163=FACE_BOUND('',#495,.T.);
#164=FACE_BOUND('',#497,.T.);
#165=FACE_BOUND('',#503,.T.);
#166=FACE_BOUND('',#507,.T.);
#167=FACE_BOUND('',#514,.T.);
#168=FACE_BOUND('',#516,.T.);
#169=FACE_BOUND('',#535,.T.);
#170=FACE_BOUND('',#537,.T.);
#171=FACE_BOUND('',#553,.T.);
#172=FACE_BOUND('',#555,.T.);
#173=FACE_BOUND('',#559,.T.);
#174=FACE_BOUND('',#561,.T.);
#175=FACE_BOUND('',#571,.T.);
#176=FACE_BOUND('',#572,.T.);
#177=FACE_BOUND('',#573,.T.);
#178=FACE_BOUND('',#574,.T.);
#179=FACE_BOUND('',#575,.T.);
#180=FACE_BOUND('',#576,.T.);
#181=FACE_BOUND('',#583,.T.);
#182=FACE_BOUND('',#584,.T.);
#183=FACE_BOUND('',#585,.T.);
#184=FACE_BOUND('',#586,.T.);
#185=FACE_BOUND('',#587,.T.);
#186=FACE_BOUND('',#588,.T.);
#187=FACE_BOUND('',#598,.T.);
#188=FACE_BOUND('',#599,.T.);
#189=FACE_BOUND('',#600,.T.);
#190=FACE_BOUND('',#601,.T.);
#191=FACE_BOUND('',#602,.T.);
#192=FACE_BOUND('',#603,.T.);
#193=FACE_BOUND('',#610,.T.);
#194=FACE_BOUND('',#611,.T.);
#195=FACE_BOUND('',#612,.T.);
#196=FACE_BOUND('',#613,.T.);
#197=FACE_BOUND('',#614,.T.);
#198=FACE_BOUND('',#615,.T.);
#199=PLANE('',#2638);
#200=PLANE('',#2639);
#201=PLANE('',#2656);
#202=PLANE('',#2657);
#203=PLANE('',#2658);
#204=PLANE('',#2659);
#205=PLANE('',#2660);
#206=PLANE('',#2662);
#207=PLANE('',#2663);
#208=PLANE('',#2664);
#209=PLANE('',#2665);
#210=PLANE('',#2666);
#211=PLANE('',#2667);
#212=PLANE('',#2668);
#213=PLANE('',#2669);
#214=PLANE('',#2670);
#215=PLANE('',#2671);
#216=PLANE('',#2672);
#217=PLANE('',#2673);
#218=PLANE('',#2674);
#219=PLANE('',#2675);
#220=PLANE('',#2676);
#221=PLANE('',#2677);
#222=PLANE('',#2678);
#223=PLANE('',#2679);
#224=PLANE('',#2680);
#225=PLANE('',#2681);
#226=PLANE('',#2683);
#227=PLANE('',#2684);
#228=PLANE('',#2685);
#229=PLANE('',#2686);
#230=PLANE('',#2687);
#231=PLANE('',#2688);
#232=PLANE('',#2689);
#233=PLANE('',#2690);
#234=PLANE('',#2691);
#235=PLANE('',#2692);
#236=PLANE('',#2693);
#237=PLANE('',#2694);
#238=PLANE('',#2695);
#239=PLANE('',#2696);
#240=PLANE('',#2697);
#241=PLANE('',#2698);
#242=PLANE('',#2699);
#243=PLANE('',#2700);
#244=PLANE('',#2701);
#245=PLANE('',#2702);
#246=PLANE('',#2710);
#247=PLANE('',#2714);
#248=PLANE('',#2715);
#249=PLANE('',#2716);
#250=PLANE('',#2721);
#251=PLANE('',#2725);
#252=PLANE('',#2726);
#253=PLANE('',#2727);
#254=PLANE('',#2728);
#255=PLANE('',#2732);
#256=PLANE('',#2736);
#257=PLANE('',#2737);
#258=PLANE('',#2745);
#259=PLANE('',#2749);
#260=PLANE('',#2750);
#261=PLANE('',#2751);
#262=PLANE('',#2756);
#263=PLANE('',#2760);
#264=PLANE('',#2761);
#265=PLANE('',#2762);
#266=PLANE('',#2763);
#267=PLANE('',#2767);
#268=PLANE('',#2771);
#269=PLANE('',#2772);
#270=PLANE('',#2780);
#271=PLANE('',#2781);
#272=PLANE('',#2789);
#273=PLANE('',#2790);
#274=PLANE('',#2815);
#275=PLANE('',#2825);
#276=PLANE('',#2826);
#277=PLANE('',#2827);
#278=PLANE('',#2852);
#279=PLANE('',#2862);
#280=PLANE('',#2863);
#281=PLANE('',#2864);
#282=FACE_OUTER_BOUND('',#418,.T.);
#283=FACE_OUTER_BOUND('',#419,.T.);
#284=FACE_OUTER_BOUND('',#420,.T.);
#285=FACE_OUTER_BOUND('',#421,.T.);
#286=FACE_OUTER_BOUND('',#422,.T.);
#287=FACE_OUTER_BOUND('',#423,.T.);
#288=FACE_OUTER_BOUND('',#424,.T.);
#289=FACE_OUTER_BOUND('',#425,.T.);
#290=FACE_OUTER_BOUND('',#426,.T.);
#291=FACE_OUTER_BOUND('',#434,.T.);
#292=FACE_OUTER_BOUND('',#442,.T.);
#293=FACE_OUTER_BOUND('',#443,.T.);
#294=FACE_OUTER_BOUND('',#444,.T.);
#295=FACE_OUTER_BOUND('',#445,.T.);
#296=FACE_OUTER_BOUND('',#446,.T.);
#297=FACE_OUTER_BOUND('',#447,.T.);
#298=FACE_OUTER_BOUND('',#448,.T.);
#299=FACE_OUTER_BOUND('',#449,.T.);
#300=FACE_OUTER_BOUND('',#450,.T.);
#301=FACE_OUTER_BOUND('',#455,.T.);
#302=FACE_OUTER_BOUND('',#460,.T.);
#303=FACE_OUTER_BOUND('',#461,.T.);
#304=FACE_OUTER_BOUND('',#462,.T.);
#305=FACE_OUTER_BOUND('',#463,.T.);
#306=FACE_OUTER_BOUND('',#464,.T.);
#307=FACE_OUTER_BOUND('',#465,.T.);
#308=FACE_OUTER_BOUND('',#466,.T.);
#309=FACE_OUTER_BOUND('',#467,.T.);
#310=FACE_OUTER_BOUND('',#468,.T.);
#311=FACE_OUTER_BOUND('',#469,.T.);
#312=FACE_OUTER_BOUND('',#470,.T.);
#313=FACE_OUTER_BOUND('',#472,.T.);
#314=FACE_OUTER_BOUND('',#474,.T.);
#315=FACE_OUTER_BOUND('',#475,.T.);
#316=FACE_OUTER_BOUND('',#476,.T.);
#317=FACE_OUTER_BOUND('',#477,.T.);
#318=FACE_OUTER_BOUND('',#478,.T.);
#319=FACE_OUTER_BOUND('',#480,.T.);
#320=FACE_OUTER_BOUND('',#481,.T.);
#321=FACE_OUTER_BOUND('',#482,.T.);
#322=FACE_OUTER_BOUND('',#484,.T.);
#323=FACE_OUTER_BOUND('',#485,.T.);
#324=FACE_OUTER_BOUND('',#486,.T.);
#325=FACE_OUTER_BOUND('',#487,.T.);
#326=FACE_OUTER_BOUND('',#488,.T.);
#327=FACE_OUTER_BOUND('',#489,.T.);
#328=FACE_OUTER_BOUND('',#490,.T.);
#329=FACE_OUTER_BOUND('',#491,.T.);
#330=FACE_OUTER_BOUND('',#492,.T.);
#331=FACE_OUTER_BOUND('',#493,.T.);
#332=FACE_OUTER_BOUND('',#494,.T.);
#333=FACE_OUTER_BOUND('',#496,.T.);
#334=FACE_OUTER_BOUND('',#498,.T.);
#335=FACE_OUTER_BOUND('',#499,.T.);
#336=FACE_OUTER_BOUND('',#500,.T.);
#337=FACE_OUTER_BOUND('',#501,.T.);
#338=FACE_OUTER_BOUND('',#502,.T.);
#339=FACE_OUTER_BOUND('',#504,.T.);
#340=FACE_OUTER_BOUND('',#505,.T.);
#341=FACE_OUTER_BOUND('',#506,.T.);
#342=FACE_OUTER_BOUND('',#508,.T.);
#343=FACE_OUTER_BOUND('',#509,.T.);
#344=FACE_OUTER_BOUND('',#510,.T.);
#345=FACE_OUTER_BOUND('',#511,.T.);
#346=FACE_OUTER_BOUND('',#512,.T.);
#347=FACE_OUTER_BOUND('',#513,.T.);
#348=FACE_OUTER_BOUND('',#515,.T.);
#349=FACE_OUTER_BOUND('',#517,.T.);
#350=FACE_OUTER_BOUND('',#518,.T.);
#351=FACE_OUTER_BOUND('',#519,.T.);
#352=FACE_OUTER_BOUND('',#520,.T.);
#353=FACE_OUTER_BOUND('',#521,.T.);
#354=FACE_OUTER_BOUND('',#522,.T.);
#355=FACE_OUTER_BOUND('',#523,.T.);
#356=FACE_OUTER_BOUND('',#524,.T.);
#357=FACE_OUTER_BOUND('',#525,.T.);
#358=FACE_OUTER_BOUND('',#526,.T.);
#359=FACE_OUTER_BOUND('',#527,.T.);
#360=FACE_OUTER_BOUND('',#528,.T.);
#361=FACE_OUTER_BOUND('',#529,.T.);
#362=FACE_OUTER_BOUND('',#530,.T.);
#363=FACE_OUTER_BOUND('',#531,.T.);
#364=FACE_OUTER_BOUND('',#532,.T.);
#365=FACE_OUTER_BOUND('',#533,.T.);
#366=FACE_OUTER_BOUND('',#534,.T.);
#367=FACE_OUTER_BOUND('',#536,.T.);
#368=FACE_OUTER_BOUND('',#538,.T.);
#369=FACE_OUTER_BOUND('',#539,.T.);
#370=FACE_OUTER_BOUND('',#540,.T.);
#371=FACE_OUTER_BOUND('',#541,.T.);
#372=FACE_OUTER_BOUND('',#542,.T.);
#373=FACE_OUTER_BOUND('',#543,.T.);
#374=FACE_OUTER_BOUND('',#544,.T.);
#375=FACE_OUTER_BOUND('',#545,.T.);
#376=FACE_OUTER_BOUND('',#546,.T.);
#377=FACE_OUTER_BOUND('',#547,.T.);
#378=FACE_OUTER_BOUND('',#548,.T.);
#379=FACE_OUTER_BOUND('',#549,.T.);
#380=FACE_OUTER_BOUND('',#550,.T.);
#381=FACE_OUTER_BOUND('',#551,.T.);
#382=FACE_OUTER_BOUND('',#552,.T.);
#383=FACE_OUTER_BOUND('',#554,.T.);
#384=FACE_OUTER_BOUND('',#556,.T.);
#385=FACE_OUTER_BOUND('',#557,.T.);
#386=FACE_OUTER_BOUND('',#558,.T.);
#387=FACE_OUTER_BOUND('',#560,.T.);
#388=FACE_OUTER_BOUND('',#562,.T.);
#389=FACE_OUTER_BOUND('',#563,.T.);
#390=FACE_OUTER_BOUND('',#564,.T.);
#391=FACE_OUTER_BOUND('',#565,.T.);
#392=FACE_OUTER_BOUND('',#566,.T.);
#393=FACE_OUTER_BOUND('',#567,.T.);
#394=FACE_OUTER_BOUND('',#568,.T.);
#395=FACE_OUTER_BOUND('',#569,.T.);
#396=FACE_OUTER_BOUND('',#570,.T.);
#397=FACE_OUTER_BOUND('',#577,.T.);
#398=FACE_OUTER_BOUND('',#578,.T.);
#399=FACE_OUTER_BOUND('',#579,.T.);
#400=FACE_OUTER_BOUND('',#580,.T.);
#401=FACE_OUTER_BOUND('',#581,.T.);
#402=FACE_OUTER_BOUND('',#582,.T.);
#403=FACE_OUTER_BOUND('',#589,.T.);
#404=FACE_OUTER_BOUND('',#590,.T.);
#405=FACE_OUTER_BOUND('',#591,.T.);
#406=FACE_OUTER_BOUND('',#592,.T.);
#407=FACE_OUTER_BOUND('',#593,.T.);
#408=FACE_OUTER_BOUND('',#594,.T.);
#409=FACE_OUTER_BOUND('',#595,.T.);
#410=FACE_OUTER_BOUND('',#596,.T.);
#411=FACE_OUTER_BOUND('',#597,.T.);
#412=FACE_OUTER_BOUND('',#604,.T.);
#413=FACE_OUTER_BOUND('',#605,.T.);
#414=FACE_OUTER_BOUND('',#606,.T.);
#415=FACE_OUTER_BOUND('',#607,.T.);
#416=FACE_OUTER_BOUND('',#608,.T.);
#417=FACE_OUTER_BOUND('',#609,.T.);
#418=EDGE_LOOP('',(#1666,#1667,#1668,#1669));
#419=EDGE_LOOP('',(#1670,#1671,#1672,#1673));
#420=EDGE_LOOP('',(#1674,#1675,#1676,#1677));
#421=EDGE_LOOP('',(#1678,#1679,#1680,#1681));
#422=EDGE_LOOP('',(#1682,#1683,#1684,#1685));
#423=EDGE_LOOP('',(#1686,#1687,#1688,#1689));
#424=EDGE_LOOP('',(#1690,#1691,#1692,#1693));
#425=EDGE_LOOP('',(#1694,#1695,#1696,#1697));
#426=EDGE_LOOP('',(#1698));
#427=EDGE_LOOP('',(#1699));
#428=EDGE_LOOP('',(#1700));
#429=EDGE_LOOP('',(#1701));
#430=EDGE_LOOP('',(#1702));
#431=EDGE_LOOP('',(#1703));
#432=EDGE_LOOP('',(#1704));
#433=EDGE_LOOP('',(#1705));
#434=EDGE_LOOP('',(#1706));
#435=EDGE_LOOP('',(#1707));
#436=EDGE_LOOP('',(#1708));
#437=EDGE_LOOP('',(#1709));
#438=EDGE_LOOP('',(#1710));
#439=EDGE_LOOP('',(#1711));
#440=EDGE_LOOP('',(#1712));
#441=EDGE_LOOP('',(#1713));
#442=EDGE_LOOP('',(#1714,#1715,#1716,#1717));
#443=EDGE_LOOP('',(#1718,#1719,#1720,#1721));
#444=EDGE_LOOP('',(#1722,#1723,#1724,#1725));
#445=EDGE_LOOP('',(#1726,#1727,#1728,#1729));
#446=EDGE_LOOP('',(#1730,#1731,#1732,#1733));
#447=EDGE_LOOP('',(#1734,#1735,#1736,#1737));
#448=EDGE_LOOP('',(#1738,#1739,#1740,#1741));
#449=EDGE_LOOP('',(#1742,#1743,#1744,#1745));
#450=EDGE_LOOP('',(#1746,#1747,#1748,#1749));
#451=EDGE_LOOP('',(#1750));
#452=EDGE_LOOP('',(#1751));
#453=EDGE_LOOP('',(#1752));
#454=EDGE_LOOP('',(#1753));
#455=EDGE_LOOP('',(#1754,#1755,#1756,#1757));
#456=EDGE_LOOP('',(#1758));
#457=EDGE_LOOP('',(#1759));
#458=EDGE_LOOP('',(#1760));
#459=EDGE_LOOP('',(#1761));
#460=EDGE_LOOP('',(#1762,#1763,#1764,#1765));
#461=EDGE_LOOP('',(#1766,#1767,#1768,#1769));
#462=EDGE_LOOP('',(#1770,#1771,#1772,#1773));
#463=EDGE_LOOP('',(#1774,#1775,#1776,#1777));
#464=EDGE_LOOP('',(#1778,#1779,#1780,#1781));
#465=EDGE_LOOP('',(#1782,#1783,#1784,#1785));
#466=EDGE_LOOP('',(#1786,#1787,#1788,#1789));
#467=EDGE_LOOP('',(#1790,#1791,#1792,#1793));
#468=EDGE_LOOP('',(#1794,#1795,#1796,#1797));
#469=EDGE_LOOP('',(#1798,#1799,#1800));
#470=EDGE_LOOP('',(#1801,#1802,#1803,#1804));
#471=EDGE_LOOP('',(#1805,#1806,#1807,#1808));
#472=EDGE_LOOP('',(#1809,#1810,#1811,#1812));
#473=EDGE_LOOP('',(#1813,#1814,#1815,#1816));
#474=EDGE_LOOP('',(#1817,#1818,#1819,#1820));
#475=EDGE_LOOP('',(#1821,#1822,#1823));
#476=EDGE_LOOP('',(#1824,#1825,#1826,#1827,#1828,#1829));
#477=EDGE_LOOP('',(#1830,#1831,#1832,#1833,#1834));
#478=EDGE_LOOP('',(#1835,#1836,#1837,#1838));
#479=EDGE_LOOP('',(#1839,#1840,#1841,#1842));
#480=EDGE_LOOP('',(#1843,#1844,#1845,#1846,#1847));
#481=EDGE_LOOP('',(#1848,#1849,#1850,#1851,#1852,#1853));
#482=EDGE_LOOP('',(#1854,#1855,#1856,#1857));
#483=EDGE_LOOP('',(#1858,#1859,#1860,#1861));
#484=EDGE_LOOP('',(#1862,#1863,#1864,#1865));
#485=EDGE_LOOP('',(#1866,#1867,#1868,#1869));
#486=EDGE_LOOP('',(#1870,#1871,#1872,#1873));
#487=EDGE_LOOP('',(#1874,#1875,#1876,#1877));
#488=EDGE_LOOP('',(#1878,#1879,#1880,#1881));
#489=EDGE_LOOP('',(#1882,#1883,#1884,#1885));
#490=EDGE_LOOP('',(#1886,#1887,#1888,#1889));
#491=EDGE_LOOP('',(#1890,#1891,#1892,#1893));
#492=EDGE_LOOP('',(#1894,#1895,#1896,#1897));
#493=EDGE_LOOP('',(#1898,#1899,#1900));
#494=EDGE_LOOP('',(#1901,#1902,#1903,#1904));
#495=EDGE_LOOP('',(#1905,#1906,#1907,#1908));
#496=EDGE_LOOP('',(#1909,#1910,#1911,#1912));
#497=EDGE_LOOP('',(#1913,#1914,#1915,#1916));
#498=EDGE_LOOP('',(#1917,#1918,#1919,#1920));
#499=EDGE_LOOP('',(#1921,#1922,#1923));
#500=EDGE_LOOP('',(#1924,#1925,#1926,#1927,#1928,#1929));
#501=EDGE_LOOP('',(#1930,#1931,#1932,#1933,#1934));
#502=EDGE_LOOP('',(#1935,#1936,#1937,#1938));
#503=EDGE_LOOP('',(#1939,#1940,#1941,#1942));
#504=EDGE_LOOP('',(#1943,#1944,#1945,#1946,#1947));
#505=EDGE_LOOP('',(#1948,#1949,#1950,#1951,#1952,#1953));
#506=EDGE_LOOP('',(#1954,#1955,#1956,#1957));
#507=EDGE_LOOP('',(#1958,#1959,#1960,#1961));
#508=EDGE_LOOP('',(#1962,#1963,#1964,#1965));
#509=EDGE_LOOP('',(#1966,#1967,#1968,#1969));
#510=EDGE_LOOP('',(#1970,#1971,#1972,#1973));
#511=EDGE_LOOP('',(#1974,#1975,#1976,#1977));
#512=EDGE_LOOP('',(#1978,#1979,#1980,#1981));
#513=EDGE_LOOP('',(#1982,#1983,#1984,#1985));
#514=EDGE_LOOP('',(#1986));
#515=EDGE_LOOP('',(#1987,#1988,#1989,#1990));
#516=EDGE_LOOP('',(#1991));
#517=EDGE_LOOP('',(#1992,#1993,#1994,#1995));
#518=EDGE_LOOP('',(#1996,#1997,#1998,#1999));
#519=EDGE_LOOP('',(#2000,#2001,#2002,#2003));
#520=EDGE_LOOP('',(#2004,#2005,#2006,#2007));
#521=EDGE_LOOP('',(#2008,#2009,#2010,#2011));
#522=EDGE_LOOP('',(#2012,#2013,#2014,#2015));
#523=EDGE_LOOP('',(#2016,#2017,#2018,#2019));
#524=EDGE_LOOP('',(#2020,#2021,#2022,#2023));
#525=EDGE_LOOP('',(#2024,#2025,#2026,#2027));
#526=EDGE_LOOP('',(#2028,#2029,#2030,#2031));
#527=EDGE_LOOP('',(#2032,#2033,#2034,#2035));
#528=EDGE_LOOP('',(#2036,#2037,#2038,#2039));
#529=EDGE_LOOP('',(#2040,#2041,#2042,#2043));
#530=EDGE_LOOP('',(#2044,#2045,#2046,#2047));
#531=EDGE_LOOP('',(#2048,#2049,#2050,#2051));
#532=EDGE_LOOP('',(#2052,#2053,#2054,#2055));
#533=EDGE_LOOP('',(#2056,#2057,#2058,#2059));
#534=EDGE_LOOP('',(#2060,#2061,#2062,#2063));
#535=EDGE_LOOP('',(#2064));
#536=EDGE_LOOP('',(#2065,#2066,#2067,#2068));
#537=EDGE_LOOP('',(#2069));
#538=EDGE_LOOP('',(#2070,#2071,#2072,#2073));
#539=EDGE_LOOP('',(#2074,#2075,#2076,#2077));
#540=EDGE_LOOP('',(#2078,#2079,#2080,#2081));
#541=EDGE_LOOP('',(#2082,#2083,#2084,#2085));
#542=EDGE_LOOP('',(#2086,#2087,#2088,#2089));
#543=EDGE_LOOP('',(#2090,#2091,#2092,#2093));
#544=EDGE_LOOP('',(#2094,#2095,#2096,#2097));
#545=EDGE_LOOP('',(#2098,#2099,#2100,#2101));
#546=EDGE_LOOP('',(#2102,#2103,#2104,#2105));
#547=EDGE_LOOP('',(#2106,#2107,#2108,#2109));
#548=EDGE_LOOP('',(#2110,#2111,#2112,#2113));
#549=EDGE_LOOP('',(#2114,#2115,#2116,#2117));
#550=EDGE_LOOP('',(#2118,#2119,#2120,#2121));
#551=EDGE_LOOP('',(#2122,#2123,#2124,#2125));
#552=EDGE_LOOP('',(#2126));
#553=EDGE_LOOP('',(#2127));
#554=EDGE_LOOP('',(#2128));
#555=EDGE_LOOP('',(#2129));
#556=EDGE_LOOP('',(#2130,#2131,#2132,#2133));
#557=EDGE_LOOP('',(#2134,#2135,#2136,#2137));
#558=EDGE_LOOP('',(#2138));
#559=EDGE_LOOP('',(#2139));
#560=EDGE_LOOP('',(#2140));
#561=EDGE_LOOP('',(#2141));
#562=EDGE_LOOP('',(#2142,#2143,#2144,#2145));
#563=EDGE_LOOP('',(#2146,#2147,#2148,#2149));
#564=EDGE_LOOP('',(#2150,#2151,#2152,#2153));
#565=EDGE_LOOP('',(#2154,#2155,#2156,#2157));
#566=EDGE_LOOP('',(#2158,#2159,#2160,#2161));
#567=EDGE_LOOP('',(#2162,#2163,#2164,#2165));
#568=EDGE_LOOP('',(#2166,#2167,#2168,#2169));
#569=EDGE_LOOP('',(#2170,#2171,#2172,#2173));
#570=EDGE_LOOP('',(#2174,#2175,#2176,#2177,#2178,#2179,#2180));
#571=EDGE_LOOP('',(#2181));
#572=EDGE_LOOP('',(#2182));
#573=EDGE_LOOP('',(#2183));
#574=EDGE_LOOP('',(#2184));
#575=EDGE_LOOP('',(#2185));
#576=EDGE_LOOP('',(#2186));
#577=EDGE_LOOP('',(#2187,#2188,#2189,#2190));
#578=EDGE_LOOP('',(#2191,#2192,#2193,#2194));
#579=EDGE_LOOP('',(#2195,#2196,#2197,#2198));
#580=EDGE_LOOP('',(#2199,#2200,#2201,#2202));
#581=EDGE_LOOP('',(#2203,#2204,#2205,#2206));
#582=EDGE_LOOP('',(#2207,#2208,#2209,#2210,#2211,#2212,#2213));
#583=EDGE_LOOP('',(#2214));
#584=EDGE_LOOP('',(#2215));
#585=EDGE_LOOP('',(#2216));
#586=EDGE_LOOP('',(#2217));
#587=EDGE_LOOP('',(#2218));
#588=EDGE_LOOP('',(#2219));
#589=EDGE_LOOP('',(#2220,#2221,#2222,#2223));
#590=EDGE_LOOP('',(#2224,#2225,#2226,#2227));
#591=EDGE_LOOP('',(#2228,#2229,#2230,#2231));
#592=EDGE_LOOP('',(#2232,#2233,#2234,#2235));
#593=EDGE_LOOP('',(#2236,#2237,#2238,#2239));
#594=EDGE_LOOP('',(#2240,#2241,#2242,#2243));
#595=EDGE_LOOP('',(#2244,#2245,#2246,#2247));
#596=EDGE_LOOP('',(#2248,#2249,#2250,#2251));
#597=EDGE_LOOP('',(#2252,#2253,#2254,#2255,#2256,#2257,#2258));
#598=EDGE_LOOP('',(#2259));
#599=EDGE_LOOP('',(#2260));
#600=EDGE_LOOP('',(#2261));
#601=EDGE_LOOP('',(#2262));
#602=EDGE_LOOP('',(#2263));
#603=EDGE_LOOP('',(#2264));
#604=EDGE_LOOP('',(#2265,#2266,#2267,#2268));
#605=EDGE_LOOP('',(#2269,#2270,#2271,#2272));
#606=EDGE_LOOP('',(#2273,#2274,#2275,#2276));
#607=EDGE_LOOP('',(#2277,#2278,#2279,#2280));
#608=EDGE_LOOP('',(#2281,#2282,#2283,#2284));
#609=EDGE_LOOP('',(#2285,#2286,#2287,#2288,#2289,#2290,#2291));
#610=EDGE_LOOP('',(#2292));
#611=EDGE_LOOP('',(#2293));
#612=EDGE_LOOP('',(#2294));
#613=EDGE_LOOP('',(#2295));
#614=EDGE_LOOP('',(#2296));
#615=EDGE_LOOP('',(#2297));
#616=LINE('',#3644,#826);
#617=LINE('',#3650,#827);
#618=LINE('',#3656,#828);
#619=LINE('',#3662,#829);
#620=LINE('',#3668,#830);
#621=LINE('',#3674,#831);
#622=LINE('',#3680,#832);
#623=LINE('',#3686,#833);
#624=LINE('',#3695,#834);
#625=LINE('',#3701,#835);
#626=LINE('',#3707,#836);
#627=LINE('',#3713,#837);
#628=LINE('',#3720,#838);
#629=LINE('',#3723,#839);
#630=LINE('',#3726,#840);
#631=LINE('',#3728,#841);
#632=LINE('',#3729,#842);
#633=LINE('',#3732,#843);
#634=LINE('',#3734,#844);
#635=LINE('',#3735,#845);
#636=LINE('',#3737,#846);
#637=LINE('',#3738,#847);
#638=LINE('',#3745,#848);
#639=LINE('',#3747,#849);
#640=LINE('',#3749,#850);
#641=LINE('',#3750,#851);
#642=LINE('',#3753,#852);
#643=LINE('',#3755,#853);
#644=LINE('',#3756,#854);
#645=LINE('',#3759,#855);
#646=LINE('',#3761,#856);
#647=LINE('',#3762,#857);
#648=LINE('',#3764,#858);
#649=LINE('',#3765,#859);
#650=LINE('',#3769,#860);
#651=LINE('',#3771,#861);
#652=LINE('',#3773,#862);
#653=LINE('',#3774,#863);
#654=LINE('',#3777,#864);
#655=LINE('',#3779,#865);
#656=LINE('',#3780,#866);
#657=LINE('',#3783,#867);
#658=LINE('',#3785,#868);
#659=LINE('',#3786,#869);
#660=LINE('',#3788,#870);
#661=LINE('',#3789,#871);
#662=LINE('',#3793,#872);
#663=LINE('',#3795,#873);
#664=LINE('',#3797,#874);
#665=LINE('',#3798,#875);
#666=LINE('',#3801,#876);
#667=LINE('',#3802,#877);
#668=LINE('',#3805,#878);
#669=LINE('',#3807,#879);
#670=LINE('',#3808,#880);
#671=LINE('',#3811,#881);
#672=LINE('',#3812,#882);
#673=LINE('',#3816,#883);
#674=LINE('',#3817,#884);
#675=LINE('',#3818,#885);
#676=LINE('',#3819,#886);
#677=LINE('',#3824,#887);
#678=LINE('',#3825,#888);
#679=LINE('',#3826,#889);
#680=LINE('',#3830,#890);
#681=LINE('',#3831,#891);
#682=LINE('',#3832,#892);
#683=LINE('',#3835,#893);
#684=LINE('',#3836,#894);
#685=LINE('',#3839,#895);
#686=LINE('',#3840,#896);
#687=LINE('',#3842,#897);
#688=LINE('',#3848,#898);
#689=LINE('',#3850,#899);
#690=LINE('',#3852,#900);
#691=LINE('',#3853,#901);
#692=LINE('',#3856,#902);
#693=LINE('',#3858,#903);
#694=LINE('',#3859,#904);
#695=LINE('',#3862,#905);
#696=LINE('',#3864,#906);
#697=LINE('',#3865,#907);
#698=LINE('',#3867,#908);
#699=LINE('',#3868,#909);
#700=LINE('',#3872,#910);
#701=LINE('',#3874,#911);
#702=LINE('',#3876,#912);
#703=LINE('',#3877,#913);
#704=LINE('',#3880,#914);
#705=LINE('',#3882,#915);
#706=LINE('',#3883,#916);
#707=LINE('',#3886,#917);
#708=LINE('',#3888,#918);
#709=LINE('',#3889,#919);
#710=LINE('',#3891,#920);
#711=LINE('',#3892,#921);
#712=LINE('',#3896,#922);
#713=LINE('',#3898,#923);
#714=LINE('',#3900,#924);
#715=LINE('',#3901,#925);
#716=LINE('',#3904,#926);
#717=LINE('',#3905,#927);
#718=LINE('',#3908,#928);
#719=LINE('',#3910,#929);
#720=LINE('',#3911,#930);
#721=LINE('',#3914,#931);
#722=LINE('',#3915,#932);
#723=LINE('',#3919,#933);
#724=LINE('',#3920,#934);
#725=LINE('',#3921,#935);
#726=LINE('',#3922,#936);
#727=LINE('',#3927,#937);
#728=LINE('',#3928,#938);
#729=LINE('',#3929,#939);
#730=LINE('',#3933,#940);
#731=LINE('',#3934,#941);
#732=LINE('',#3935,#942);
#733=LINE('',#3938,#943);
#734=LINE('',#3939,#944);
#735=LINE('',#3942,#945);
#736=LINE('',#3943,#946);
#737=LINE('',#3945,#947);
#738=LINE('',#3952,#948);
#739=LINE('',#3959,#949);
#740=LINE('',#3962,#950);
#741=LINE('',#3965,#951);
#742=LINE('',#3967,#952);
#743=LINE('',#3968,#953);
#744=LINE('',#3974,#954);
#745=LINE('',#3976,#955);
#746=LINE('',#3977,#956);
#747=LINE('',#3986,#957);
#748=LINE('',#3989,#958);
#749=LINE('',#3992,#959);
#750=LINE('',#3994,#960);
#751=LINE('',#3995,#961);
#752=LINE('',#4001,#962);
#753=LINE('',#4003,#963);
#754=LINE('',#4004,#964);
#755=LINE('',#4010,#965);
#756=LINE('',#4012,#966);
#757=LINE('',#4014,#967);
#758=LINE('',#4015,#968);
#759=LINE('',#4021,#969);
#760=LINE('',#4024,#970);
#761=LINE('',#4026,#971);
#762=LINE('',#4027,#972);
#763=LINE('',#4038,#973);
#764=LINE('',#4045,#974);
#765=LINE('',#4048,#975);
#766=LINE('',#4051,#976);
#767=LINE('',#4053,#977);
#768=LINE('',#4054,#978);
#769=LINE('',#4059,#979);
#770=LINE('',#4062,#980);
#771=LINE('',#4063,#981);
#772=LINE('',#4072,#982);
#773=LINE('',#4075,#983);
#774=LINE('',#4078,#984);
#775=LINE('',#4080,#985);
#776=LINE('',#4081,#986);
#777=LINE('',#4086,#987);
#778=LINE('',#4089,#988);
#779=LINE('',#4090,#989);
#780=LINE('',#4096,#990);
#781=LINE('',#4098,#991);
#782=LINE('',#4100,#992);
#783=LINE('',#4101,#993);
#784=LINE('',#4106,#994);
#785=LINE('',#4110,#995);
#786=LINE('',#4112,#996);
#787=LINE('',#4113,#997);
#788=LINE('',#4124,#998);
#789=LINE('',#4130,#999);
#790=LINE('',#4139,#1000);
#791=LINE('',#4145,#1001);
#792=LINE('',#4153,#1002);
#793=LINE('',#4159,#1003);
#794=LINE('',#4165,#1004);
#795=LINE('',#4171,#1005);
#796=LINE('',#4177,#1006);
#797=LINE('',#4183,#1007);
#798=LINE('',#4190,#1008);
#799=LINE('',#4193,#1009);
#800=LINE('',#4198,#1010);
#801=LINE('',#4208,#1011);
#802=LINE('',#4209,#1012);
#803=LINE('',#4212,#1013);
#804=LINE('',#4215,#1014);
#805=LINE('',#4219,#1015);
#806=LINE('',#4224,#1016);
#807=LINE('',#4225,#1017);
#808=LINE('',#4227,#1018);
#809=LINE('',#4233,#1019);
#810=LINE('',#4239,#1020);
#811=LINE('',#4245,#1021);
#812=LINE('',#4251,#1022);
#813=LINE('',#4257,#1023);
#814=LINE('',#4263,#1024);
#815=LINE('',#4270,#1025);
#816=LINE('',#4273,#1026);
#817=LINE('',#4278,#1027);
#818=LINE('',#4288,#1028);
#819=LINE('',#4289,#1029);
#820=LINE('',#4292,#1030);
#821=LINE('',#4295,#1031);
#822=LINE('',#4299,#1032);
#823=LINE('',#4304,#1033);
#824=LINE('',#4305,#1034);
#825=LINE('',#4307,#1035);
#826=VECTOR('',#2892,3.00000000000001);
#827=VECTOR('',#2899,3.);
#828=VECTOR('',#2906,3.00000000000001);
#829=VECTOR('',#2913,3.00000000000001);
#830=VECTOR('',#2920,3.);
#831=VECTOR('',#2927,3.00000000000001);
#832=VECTOR('',#2934,4.);
#833=VECTOR('',#2941,325.);
#834=VECTOR('',#2954,2.99999999999997);
#835=VECTOR('',#2961,3.00000000000004);
#836=VECTOR('',#2968,3.00000000000002);
#837=VECTOR('',#2975,3.);
#838=VECTOR('',#2982,10.);
#839=VECTOR('',#2985,10.);
#840=VECTOR('',#2988,10.);
#841=VECTOR('',#2989,10.);
#842=VECTOR('',#2990,10.);
#843=VECTOR('',#2993,10.);
#844=VECTOR('',#2994,10.);
#845=VECTOR('',#2995,10.);
#846=VECTOR('',#2998,10.);
#847=VECTOR('',#2999,10.);
#848=VECTOR('',#3008,10.);
#849=VECTOR('',#3009,10.);
#850=VECTOR('',#3010,10.);
#851=VECTOR('',#3011,10.);
#852=VECTOR('',#3014,10.);
#853=VECTOR('',#3015,10.);
#854=VECTOR('',#3016,10.);
#855=VECTOR('',#3019,10.);
#856=VECTOR('',#3020,10.);
#857=VECTOR('',#3021,10.);
#858=VECTOR('',#3024,10.);
#859=VECTOR('',#3025,10.);
#860=VECTOR('',#3028,10.);
#861=VECTOR('',#3029,10.);
#862=VECTOR('',#3030,10.);
#863=VECTOR('',#3031,10.);
#864=VECTOR('',#3034,10.);
#865=VECTOR('',#3035,10.);
#866=VECTOR('',#3036,10.);
#867=VECTOR('',#3039,10.);
#868=VECTOR('',#3040,10.);
#869=VECTOR('',#3041,10.);
#870=VECTOR('',#3044,10.);
#871=VECTOR('',#3045,10.);
#872=VECTOR('',#3048,10.);
#873=VECTOR('',#3049,10.);
#874=VECTOR('',#3050,10.);
#875=VECTOR('',#3051,10.);
#876=VECTOR('',#3054,10.);
#877=VECTOR('',#3055,10.);
#878=VECTOR('',#3058,10.);
#879=VECTOR('',#3059,10.);
#880=VECTOR('',#3060,10.);
#881=VECTOR('',#3063,10.);
#882=VECTOR('',#3064,10.);
#883=VECTOR('',#3067,10.);
#884=VECTOR('',#3068,10.);
#885=VECTOR('',#3069,10.);
#886=VECTOR('',#3070,10.);
#887=VECTOR('',#3075,10.);
#888=VECTOR('',#3076,10.);
#889=VECTOR('',#3077,10.);
#890=VECTOR('',#3080,10.);
#891=VECTOR('',#3081,10.);
#892=VECTOR('',#3082,10.);
#893=VECTOR('',#3085,10.);
#894=VECTOR('',#3086,10.);
#895=VECTOR('',#3089,10.);
#896=VECTOR('',#3090,10.);
#897=VECTOR('',#3093,10.);
#898=VECTOR('',#3100,10.);
#899=VECTOR('',#3101,10.);
#900=VECTOR('',#3102,10.);
#901=VECTOR('',#3103,10.);
#902=VECTOR('',#3106,10.);
#903=VECTOR('',#3107,10.);
#904=VECTOR('',#3108,10.);
#905=VECTOR('',#3111,10.);
#906=VECTOR('',#3112,10.);
#907=VECTOR('',#3113,10.);
#908=VECTOR('',#3116,10.);
#909=VECTOR('',#3117,10.);
#910=VECTOR('',#3120,10.);
#911=VECTOR('',#3121,10.);
#912=VECTOR('',#3122,10.);
#913=VECTOR('',#3123,10.);
#914=VECTOR('',#3126,10.);
#915=VECTOR('',#3127,10.);
#916=VECTOR('',#3128,10.);
#917=VECTOR('',#3131,10.);
#918=VECTOR('',#3132,10.);
#919=VECTOR('',#3133,10.);
#920=VECTOR('',#3136,10.);
#921=VECTOR('',#3137,10.);
#922=VECTOR('',#3140,10.);
#923=VECTOR('',#3141,10.);
#924=VECTOR('',#3142,10.);
#925=VECTOR('',#3143,10.);
#926=VECTOR('',#3146,10.);
#927=VECTOR('',#3147,10.);
#928=VECTOR('',#3150,10.);
#929=VECTOR('',#3151,10.);
#930=VECTOR('',#3152,10.);
#931=VECTOR('',#3155,10.);
#932=VECTOR('',#3156,10.);
#933=VECTOR('',#3159,10.);
#934=VECTOR('',#3160,10.);
#935=VECTOR('',#3161,10.);
#936=VECTOR('',#3162,10.);
#937=VECTOR('',#3167,10.);
#938=VECTOR('',#3168,10.);
#939=VECTOR('',#3169,10.);
#940=VECTOR('',#3172,10.);
#941=VECTOR('',#3173,10.);
#942=VECTOR('',#3174,10.);
#943=VECTOR('',#3177,10.);
#944=VECTOR('',#3178,10.);
#945=VECTOR('',#3181,10.);
#946=VECTOR('',#3182,10.);
#947=VECTOR('',#3185,10.);
#948=VECTOR('',#3194,3.15);
#949=VECTOR('',#3201,10.);
#950=VECTOR('',#3204,10.);
#951=VECTOR('',#3207,10.);
#952=VECTOR('',#3208,10.);
#953=VECTOR('',#3209,10.);
#954=VECTOR('',#3216,10.);
#955=VECTOR('',#3219,10.);
#956=VECTOR('',#3220,10.);
#957=VECTOR('',#3231,10.);
#958=VECTOR('',#3234,10.);
#959=VECTOR('',#3237,10.);
#960=VECTOR('',#3238,10.);
#961=VECTOR('',#3239,10.);
#962=VECTOR('',#3246,10.);
#963=VECTOR('',#3249,10.);
#964=VECTOR('',#3250,10.);
#965=VECTOR('',#3257,10.);
#966=VECTOR('',#3258,10.);
#967=VECTOR('',#3259,10.);
#968=VECTOR('',#3260,10.);
#969=VECTOR('',#3267,10.);
#970=VECTOR('',#3270,10.);
#971=VECTOR('',#3271,10.);
#972=VECTOR('',#3272,10.);
#973=VECTOR('',#3289,3.15);
#974=VECTOR('',#3296,10.);
#975=VECTOR('',#3299,10.);
#976=VECTOR('',#3302,10.);
#977=VECTOR('',#3303,10.);
#978=VECTOR('',#3304,10.);
#979=VECTOR('',#3309,10.);
#980=VECTOR('',#3314,10.);
#981=VECTOR('',#3315,10.);
#982=VECTOR('',#3326,10.);
#983=VECTOR('',#3329,10.);
#984=VECTOR('',#3332,10.);
#985=VECTOR('',#3333,10.);
#986=VECTOR('',#3334,10.);
#987=VECTOR('',#3339,10.);
#988=VECTOR('',#3344,10.);
#989=VECTOR('',#3345,10.);
#990=VECTOR('',#3352,10.);
#991=VECTOR('',#3353,10.);
#992=VECTOR('',#3354,10.);
#993=VECTOR('',#3355,10.);
#994=VECTOR('',#3360,10.);
#995=VECTOR('',#3365,10.);
#996=VECTOR('',#3366,10.);
#997=VECTOR('',#3367,10.);
#998=VECTOR('',#3384,4.);
#999=VECTOR('',#3391,50.);
#1000=VECTOR('',#3404,4.);
#1001=VECTOR('',#3411,225.);
#1002=VECTOR('',#3422,2.99999999999999);
#1003=VECTOR('',#3429,3.15);
#1004=VECTOR('',#3436,3.);
#1005=VECTOR('',#3443,3.00000000000001);
#1006=VECTOR('',#3450,3.00000000000001);
#1007=VECTOR('',#3457,2.99999999999999);
#1008=VECTOR('',#3464,10.);
#1009=VECTOR('',#3467,10.);
#1010=VECTOR('',#3472,10.);
#1011=VECTOR('',#3483,10.);
#1012=VECTOR('',#3484,10.);
#1013=VECTOR('',#3487,10.);
#1014=VECTOR('',#3490,10.);
#1015=VECTOR('',#3495,10.);
#1016=VECTOR('',#3502,10.);
#1017=VECTOR('',#3503,10.);
#1018=VECTOR('',#3506,10.);
#1019=VECTOR('',#3513,2.99999999999999);
#1020=VECTOR('',#3520,3.00000000000001);
#1021=VECTOR('',#3527,3.);
#1022=VECTOR('',#3534,2.99999999999999);
#1023=VECTOR('',#3541,3.00000000000001);
#1024=VECTOR('',#3548,3.15);
#1025=VECTOR('',#3555,10.);
#1026=VECTOR('',#3558,10.);
#1027=VECTOR('',#3563,10.);
#1028=VECTOR('',#3574,10.);
#1029=VECTOR('',#3575,10.);
#1030=VECTOR('',#3578,10.);
#1031=VECTOR('',#3581,10.);
#1032=VECTOR('',#3586,10.);
#1033=VECTOR('',#3593,10.);
#1034=VECTOR('',#3594,10.);
#1035=VECTOR('',#3597,10.);
#1036=CIRCLE('',#2615,3.00000000000001);
#1037=CIRCLE('',#2616,3.00000000000001);
#1038=CIRCLE('',#2618,3.);
#1039=CIRCLE('',#2619,3.);
#1040=CIRCLE('',#2621,3.00000000000001);
#1041=CIRCLE('',#2622,3.00000000000001);
#1042=CIRCLE('',#2624,3.00000000000001);
#1043=CIRCLE('',#2625,3.00000000000001);
#1044=CIRCLE('',#2627,3.);
#1045=CIRCLE('',#2628,3.);
#1046=CIRCLE('',#2630,3.00000000000001);
#1047=CIRCLE('',#2631,3.00000000000001);
#1048=CIRCLE('',#2633,4.);
#1049=CIRCLE('',#2634,4.);
#1050=CIRCLE('',#2636,325.);
#1051=CIRCLE('',#2637,325.);
#1052=CIRCLE('',#2642,2.99999999999997);
#1053=CIRCLE('',#2643,2.99999999999997);
#1054=CIRCLE('',#2645,3.00000000000004);
#1055=CIRCLE('',#2646,3.00000000000004);
#1056=CIRCLE('',#2648,3.00000000000002);
#1057=CIRCLE('',#2649,3.00000000000002);
#1058=CIRCLE('',#2651,3.);
#1059=CIRCLE('',#2652,3.);
#1060=CIRCLE('',#2654,293.865025381145);
#1061=CIRCLE('',#2655,293.865025381145);
#1062=CIRCLE('',#2705,3.15);
#1063=CIRCLE('',#2706,3.15);
#1064=CIRCLE('',#2708,40.);
#1065=CIRCLE('',#2709,40.);
#1066=CIRCLE('',#2712,20.);
#1067=CIRCLE('',#2713,20.);
#1068=CIRCLE('',#2719,212.132034355964);
#1069=CIRCLE('',#2720,212.132034355964);
#1070=CIRCLE('',#2723,220.132034355964);
#1071=CIRCLE('',#2724,220.132034355964);
#1072=CIRCLE('',#2730,212.132034355964);
#1073=CIRCLE('',#2731,212.132034355964);
#1074=CIRCLE('',#2734,220.132034355964);
#1075=CIRCLE('',#2735,220.132034355964);
#1076=CIRCLE('',#2740,3.15);
#1077=CIRCLE('',#2741,3.15);
#1078=CIRCLE('',#2743,40.);
#1079=CIRCLE('',#2744,40.);
#1080=CIRCLE('',#2747,20.);
#1081=CIRCLE('',#2748,20.);
#1082=CIRCLE('',#2754,212.132034355964);
#1083=CIRCLE('',#2755,212.132034355964);
#1084=CIRCLE('',#2758,220.132034355964);
#1085=CIRCLE('',#2759,220.132034355964);
#1086=CIRCLE('',#2765,212.132034355964);
#1087=CIRCLE('',#2766,212.132034355964);
#1088=CIRCLE('',#2769,220.132034355964);
#1089=CIRCLE('',#2770,220.132034355964);
#1090=CIRCLE('',#2775,4.);
#1091=CIRCLE('',#2776,4.);
#1092=CIRCLE('',#2778,50.);
#1093=CIRCLE('',#2779,50.);
#1094=CIRCLE('',#2784,4.);
#1095=CIRCLE('',#2785,4.);
#1096=CIRCLE('',#2787,225.);
#1097=CIRCLE('',#2788,225.);
#1098=CIRCLE('',#2792,2.99999999999999);
#1099=CIRCLE('',#2793,2.99999999999999);
#1100=CIRCLE('',#2795,3.15);
#1101=CIRCLE('',#2796,3.15);
#1102=CIRCLE('',#2798,3.);
#1103=CIRCLE('',#2799,3.);
#1104=CIRCLE('',#2801,3.00000000000001);
#1105=CIRCLE('',#2802,3.00000000000001);
#1106=CIRCLE('',#2804,3.00000000000001);
#1107=CIRCLE('',#2805,3.00000000000001);
#1108=CIRCLE('',#2807,2.99999999999999);
#1109=CIRCLE('',#2808,2.99999999999999);
#1110=CIRCLE('',#2810,5.);
#1111=CIRCLE('',#2811,5.);
#1112=CIRCLE('',#2813,628.243779729654);
#1113=CIRCLE('',#2814,628.243779729654);
#1114=CIRCLE('',#2816,220.132034355964);
#1115=CIRCLE('',#2817,5.);
#1116=CIRCLE('',#2818,628.243779729654);
#1117=CIRCLE('',#2820,5.);
#1118=CIRCLE('',#2822,628.243779729654);
#1119=CIRCLE('',#2824,220.132034355964);
#1120=CIRCLE('',#2829,2.99999999999999);
#1121=CIRCLE('',#2830,2.99999999999999);
#1122=CIRCLE('',#2832,3.00000000000001);
#1123=CIRCLE('',#2833,3.00000000000001);
#1124=CIRCLE('',#2835,3.);
#1125=CIRCLE('',#2836,3.);
#1126=CIRCLE('',#2838,2.99999999999999);
#1127=CIRCLE('',#2839,2.99999999999999);
#1128=CIRCLE('',#2841,3.00000000000001);
#1129=CIRCLE('',#2842,3.00000000000001);
#1130=CIRCLE('',#2844,3.15);
#1131=CIRCLE('',#2845,3.15);
#1132=CIRCLE('',#2847,5.);
#1133=CIRCLE('',#2848,5.);
#1134=CIRCLE('',#2850,628.243779729654);
#1135=CIRCLE('',#2851,628.243779729654);
#1136=CIRCLE('',#2853,220.132034355964);
#1137=CIRCLE('',#2854,5.);
#1138=CIRCLE('',#2855,628.243779729654);
#1139=CIRCLE('',#2857,5.);
#1140=CIRCLE('',#2859,628.243779729654);
#1141=CIRCLE('',#2861,220.132034355964);
#1142=VERTEX_POINT('',#3641);
#1143=VERTEX_POINT('',#3643);
#1144=VERTEX_POINT('',#3647);
#1145=VERTEX_POINT('',#3649);
#1146=VERTEX_POINT('',#3653);
#1147=VERTEX_POINT('',#3655);
#1148=VERTEX_POINT('',#3659);
#1149=VERTEX_POINT('',#3661);
#1150=VERTEX_POINT('',#3665);
#1151=VERTEX_POINT('',#3667);
#1152=VERTEX_POINT('',#3671);
#1153=VERTEX_POINT('',#3673);
#1154=VERTEX_POINT('',#3677);
#1155=VERTEX_POINT('',#3679);
#1156=VERTEX_POINT('',#3683);
#1157=VERTEX_POINT('',#3685);
#1158=VERTEX_POINT('',#3692);
#1159=VERTEX_POINT('',#3694);
#1160=VERTEX_POINT('',#3698);
#1161=VERTEX_POINT('',#3700);
#1162=VERTEX_POINT('',#3704);
#1163=VERTEX_POINT('',#3706);
#1164=VERTEX_POINT('',#3710);
#1165=VERTEX_POINT('',#3712);
#1166=VERTEX_POINT('',#3716);
#1167=VERTEX_POINT('',#3717);
#1168=VERTEX_POINT('',#3719);
#1169=VERTEX_POINT('',#3721);
#1170=VERTEX_POINT('',#3725);
#1171=VERTEX_POINT('',#3727);
#1172=VERTEX_POINT('',#3731);
#1173=VERTEX_POINT('',#3733);
#1174=VERTEX_POINT('',#3743);
#1175=VERTEX_POINT('',#3744);
#1176=VERTEX_POINT('',#3746);
#1177=VERTEX_POINT('',#3748);
#1178=VERTEX_POINT('',#3752);
#1179=VERTEX_POINT('',#3754);
#1180=VERTEX_POINT('',#3758);
#1181=VERTEX_POINT('',#3760);
#1182=VERTEX_POINT('',#3767);
#1183=VERTEX_POINT('',#3768);
#1184=VERTEX_POINT('',#3770);
#1185=VERTEX_POINT('',#3772);
#1186=VERTEX_POINT('',#3776);
#1187=VERTEX_POINT('',#3778);
#1188=VERTEX_POINT('',#3782);
#1189=VERTEX_POINT('',#3784);
#1190=VERTEX_POINT('',#3791);
#1191=VERTEX_POINT('',#3792);
#1192=VERTEX_POINT('',#3794);
#1193=VERTEX_POINT('',#3796);
#1194=VERTEX_POINT('',#3800);
#1195=VERTEX_POINT('',#3804);
#1196=VERTEX_POINT('',#3806);
#1197=VERTEX_POINT('',#3810);
#1198=VERTEX_POINT('',#3814);
#1199=VERTEX_POINT('',#3815);
#1200=VERTEX_POINT('',#3822);
#1201=VERTEX_POINT('',#3823);
#1202=VERTEX_POINT('',#3828);
#1203=VERTEX_POINT('',#3829);
#1204=VERTEX_POINT('',#3834);
#1205=VERTEX_POINT('',#3838);
#1206=VERTEX_POINT('',#3846);
#1207=VERTEX_POINT('',#3847);
#1208=VERTEX_POINT('',#3849);
#1209=VERTEX_POINT('',#3851);
#1210=VERTEX_POINT('',#3855);
#1211=VERTEX_POINT('',#3857);
#1212=VERTEX_POINT('',#3861);
#1213=VERTEX_POINT('',#3863);
#1214=VERTEX_POINT('',#3870);
#1215=VERTEX_POINT('',#3871);
#1216=VERTEX_POINT('',#3873);
#1217=VERTEX_POINT('',#3875);
#1218=VERTEX_POINT('',#3879);
#1219=VERTEX_POINT('',#3881);
#1220=VERTEX_POINT('',#3885);
#1221=VERTEX_POINT('',#3887);
#1222=VERTEX_POINT('',#3894);
#1223=VERTEX_POINT('',#3895);
#1224=VERTEX_POINT('',#3897);
#1225=VERTEX_POINT('',#3899);
#1226=VERTEX_POINT('',#3903);
#1227=VERTEX_POINT('',#3907);
#1228=VERTEX_POINT('',#3909);
#1229=VERTEX_POINT('',#3913);
#1230=VERTEX_POINT('',#3917);
#1231=VERTEX_POINT('',#3918);
#1232=VERTEX_POINT('',#3925);
#1233=VERTEX_POINT('',#3926);
#1234=VERTEX_POINT('',#3931);
#1235=VERTEX_POINT('',#3932);
#1236=VERTEX_POINT('',#3937);
#1237=VERTEX_POINT('',#3941);
#1238=VERTEX_POINT('',#3949);
#1239=VERTEX_POINT('',#3951);
#1240=VERTEX_POINT('',#3955);
#1241=VERTEX_POINT('',#3956);
#1242=VERTEX_POINT('',#3958);
#1243=VERTEX_POINT('',#3960);
#1244=VERTEX_POINT('',#3964);
#1245=VERTEX_POINT('',#3966);
#1246=VERTEX_POINT('',#3970);
#1247=VERTEX_POINT('',#3972);
#1248=VERTEX_POINT('',#3982);
#1249=VERTEX_POINT('',#3983);
#1250=VERTEX_POINT('',#3985);
#1251=VERTEX_POINT('',#3987);
#1252=VERTEX_POINT('',#3991);
#1253=VERTEX_POINT('',#3993);
#1254=VERTEX_POINT('',#3997);
#1255=VERTEX_POINT('',#3999);
#1256=VERTEX_POINT('',#4008);
#1257=VERTEX_POINT('',#4009);
#1258=VERTEX_POINT('',#4011);
#1259=VERTEX_POINT('',#4013);
#1260=VERTEX_POINT('',#4017);
#1261=VERTEX_POINT('',#4019);
#1262=VERTEX_POINT('',#4023);
#1263=VERTEX_POINT('',#4025);
#1264=VERTEX_POINT('',#4035);
#1265=VERTEX_POINT('',#4037);
#1266=VERTEX_POINT('',#4041);
#1267=VERTEX_POINT('',#4042);
#1268=VERTEX_POINT('',#4044);
#1269=VERTEX_POINT('',#4046);
#1270=VERTEX_POINT('',#4050);
#1271=VERTEX_POINT('',#4052);
#1272=VERTEX_POINT('',#4056);
#1273=VERTEX_POINT('',#4058);
#1274=VERTEX_POINT('',#4068);
#1275=VERTEX_POINT('',#4069);
#1276=VERTEX_POINT('',#4071);
#1277=VERTEX_POINT('',#4073);
#1278=VERTEX_POINT('',#4077);
#1279=VERTEX_POINT('',#4079);
#1280=VERTEX_POINT('',#4083);
#1281=VERTEX_POINT('',#4085);
#1282=VERTEX_POINT('',#4094);
#1283=VERTEX_POINT('',#4095);
#1284=VERTEX_POINT('',#4097);
#1285=VERTEX_POINT('',#4099);
#1286=VERTEX_POINT('',#4103);
#1287=VERTEX_POINT('',#4105);
#1288=VERTEX_POINT('',#4109);
#1289=VERTEX_POINT('',#4111);
#1290=VERTEX_POINT('',#4121);
#1291=VERTEX_POINT('',#4123);
#1292=VERTEX_POINT('',#4127);
#1293=VERTEX_POINT('',#4129);
#1294=VERTEX_POINT('',#4136);
#1295=VERTEX_POINT('',#4138);
#1296=VERTEX_POINT('',#4142);
#1297=VERTEX_POINT('',#4144);
#1298=VERTEX_POINT('',#4150);
#1299=VERTEX_POINT('',#4152);
#1300=VERTEX_POINT('',#4156);
#1301=VERTEX_POINT('',#4158);
#1302=VERTEX_POINT('',#4162);
#1303=VERTEX_POINT('',#4164);
#1304=VERTEX_POINT('',#4168);
#1305=VERTEX_POINT('',#4170);
#1306=VERTEX_POINT('',#4174);
#1307=VERTEX_POINT('',#4176);
#1308=VERTEX_POINT('',#4180);
#1309=VERTEX_POINT('',#4182);
#1310=VERTEX_POINT('',#4186);
#1311=VERTEX_POINT('',#4187);
#1312=VERTEX_POINT('',#4189);
#1313=VERTEX_POINT('',#4191);
#1314=VERTEX_POINT('',#4195);
#1315=VERTEX_POINT('',#4197);
#1316=VERTEX_POINT('',#4201);
#1317=VERTEX_POINT('',#4203);
#1318=VERTEX_POINT('',#4205);
#1319=VERTEX_POINT('',#4207);
#1320=VERTEX_POINT('',#4211);
#1321=VERTEX_POINT('',#4213);
#1322=VERTEX_POINT('',#4217);
#1323=VERTEX_POINT('',#4223);
#1324=VERTEX_POINT('',#4230);
#1325=VERTEX_POINT('',#4232);
#1326=VERTEX_POINT('',#4236);
#1327=VERTEX_POINT('',#4238);
#1328=VERTEX_POINT('',#4242);
#1329=VERTEX_POINT('',#4244);
#1330=VERTEX_POINT('',#4248);
#1331=VERTEX_POINT('',#4250);
#1332=VERTEX_POINT('',#4254);
#1333=VERTEX_POINT('',#4256);
#1334=VERTEX_POINT('',#4260);
#1335=VERTEX_POINT('',#4262);
#1336=VERTEX_POINT('',#4266);
#1337=VERTEX_POINT('',#4267);
#1338=VERTEX_POINT('',#4269);
#1339=VERTEX_POINT('',#4271);
#1340=VERTEX_POINT('',#4275);
#1341=VERTEX_POINT('',#4277);
#1342=VERTEX_POINT('',#4281);
#1343=VERTEX_POINT('',#4283);
#1344=VERTEX_POINT('',#4285);
#1345=VERTEX_POINT('',#4287);
#1346=VERTEX_POINT('',#4291);
#1347=VERTEX_POINT('',#4293);
#1348=VERTEX_POINT('',#4297);
#1349=VERTEX_POINT('',#4303);
#1350=EDGE_CURVE('',#1142,#1142,#1036,.T.);
#1351=EDGE_CURVE('',#1142,#1143,#616,.T.);
#1352=EDGE_CURVE('',#1143,#1143,#1037,.T.);
#1353=EDGE_CURVE('',#1144,#1144,#1038,.T.);
#1354=EDGE_CURVE('',#1144,#1145,#617,.T.);
#1355=EDGE_CURVE('',#1145,#1145,#1039,.T.);
#1356=EDGE_CURVE('',#1146,#1146,#1040,.T.);
#1357=EDGE_CURVE('',#1146,#1147,#618,.T.);
#1358=EDGE_CURVE('',#1147,#1147,#1041,.T.);
#1359=EDGE_CURVE('',#1148,#1148,#1042,.T.);
#1360=EDGE_CURVE('',#1148,#1149,#619,.T.);
#1361=EDGE_CURVE('',#1149,#1149,#1043,.T.);
#1362=EDGE_CURVE('',#1150,#1150,#1044,.T.);
#1363=EDGE_CURVE('',#1150,#1151,#620,.T.);
#1364=EDGE_CURVE('',#1151,#1151,#1045,.T.);
#1365=EDGE_CURVE('',#1152,#1152,#1046,.T.);
#1366=EDGE_CURVE('',#1152,#1153,#621,.T.);
#1367=EDGE_CURVE('',#1153,#1153,#1047,.T.);
#1368=EDGE_CURVE('',#1154,#1154,#1048,.T.);
#1369=EDGE_CURVE('',#1154,#1155,#622,.T.);
#1370=EDGE_CURVE('',#1155,#1155,#1049,.T.);
#1371=EDGE_CURVE('',#1156,#1156,#1050,.T.);
#1372=EDGE_CURVE('',#1156,#1157,#623,.T.);
#1373=EDGE_CURVE('',#1157,#1157,#1051,.T.);
#1374=EDGE_CURVE('',#1158,#1158,#1052,.T.);
#1375=EDGE_CURVE('',#1158,#1159,#624,.T.);
#1376=EDGE_CURVE('',#1159,#1159,#1053,.T.);
#1377=EDGE_CURVE('',#1160,#1160,#1054,.T.);
#1378=EDGE_CURVE('',#1160,#1161,#625,.T.);
#1379=EDGE_CURVE('',#1161,#1161,#1055,.T.);
#1380=EDGE_CURVE('',#1162,#1162,#1056,.T.);
#1381=EDGE_CURVE('',#1162,#1163,#626,.T.);
#1382=EDGE_CURVE('',#1163,#1163,#1057,.T.);
#1383=EDGE_CURVE('',#1164,#1164,#1058,.T.);
#1384=EDGE_CURVE('',#1164,#1165,#627,.T.);
#1385=EDGE_CURVE('',#1165,#1165,#1059,.T.);
#1386=EDGE_CURVE('',#1166,#1167,#1060,.T.);
#1387=EDGE_CURVE('',#1167,#1168,#628,.T.);
#1388=EDGE_CURVE('',#1169,#1168,#1061,.T.);
#1389=EDGE_CURVE('',#1166,#1169,#629,.T.);
#1390=EDGE_CURVE('',#1166,#1170,#630,.T.);
#1391=EDGE_CURVE('',#1171,#1169,#631,.T.);
#1392=EDGE_CURVE('',#1170,#1171,#632,.T.);
#1393=EDGE_CURVE('',#1170,#1172,#633,.T.);
#1394=EDGE_CURVE('',#1173,#1171,#634,.T.);
#1395=EDGE_CURVE('',#1172,#1173,#635,.T.);
#1396=EDGE_CURVE('',#1172,#1167,#636,.T.);
#1397=EDGE_CURVE('',#1168,#1173,#637,.T.);
#1398=EDGE_CURVE('',#1174,#1175,#638,.T.);
#1399=EDGE_CURVE('',#1174,#1176,#639,.T.);
#1400=EDGE_CURVE('',#1177,#1176,#640,.T.);
#1401=EDGE_CURVE('',#1175,#1177,#641,.T.);
#1402=EDGE_CURVE('',#1178,#1174,#642,.T.);
#1403=EDGE_CURVE('',#1178,#1179,#643,.T.);
#1404=EDGE_CURVE('',#1176,#1179,#644,.T.);
#1405=EDGE_CURVE('',#1180,#1178,#645,.T.);
#1406=EDGE_CURVE('',#1180,#1181,#646,.T.);
#1407=EDGE_CURVE('',#1179,#1181,#647,.T.);
#1408=EDGE_CURVE('',#1175,#1180,#648,.T.);
#1409=EDGE_CURVE('',#1181,#1177,#649,.T.);
#1410=EDGE_CURVE('',#1182,#1183,#650,.T.);
#1411=EDGE_CURVE('',#1182,#1184,#651,.T.);
#1412=EDGE_CURVE('',#1185,#1184,#652,.T.);
#1413=EDGE_CURVE('',#1183,#1185,#653,.T.);
#1414=EDGE_CURVE('',#1186,#1182,#654,.T.);
#1415=EDGE_CURVE('',#1186,#1187,#655,.T.);
#1416=EDGE_CURVE('',#1184,#1187,#656,.T.);
#1417=EDGE_CURVE('',#1188,#1186,#657,.T.);
#1418=EDGE_CURVE('',#1188,#1189,#658,.T.);
#1419=EDGE_CURVE('',#1187,#1189,#659,.T.);
#1420=EDGE_CURVE('',#1183,#1188,#660,.T.);
#1421=EDGE_CURVE('',#1189,#1185,#661,.T.);
#1422=EDGE_CURVE('',#1190,#1191,#662,.T.);
#1423=EDGE_CURVE('',#1190,#1192,#663,.T.);
#1424=EDGE_CURVE('',#1192,#1193,#664,.T.);
#1425=EDGE_CURVE('',#1193,#1191,#665,.T.);
#1426=EDGE_CURVE('',#1194,#1192,#666,.T.);
#1427=EDGE_CURVE('',#1193,#1194,#667,.T.);
#1428=EDGE_CURVE('',#1194,#1195,#668,.T.);
#1429=EDGE_CURVE('',#1195,#1196,#669,.T.);
#1430=EDGE_CURVE('',#1196,#1193,#670,.T.);
#1431=EDGE_CURVE('',#1192,#1197,#671,.T.);
#1432=EDGE_CURVE('',#1197,#1195,#672,.T.);
#1433=EDGE_CURVE('',#1198,#1199,#673,.T.);
#1434=EDGE_CURVE('',#1199,#1196,#674,.T.);
#1435=EDGE_CURVE('',#1197,#1196,#675,.T.);
#1436=EDGE_CURVE('',#1197,#1198,#676,.T.);
#1437=EDGE_CURVE('',#1200,#1201,#677,.T.);
#1438=EDGE_CURVE('',#1200,#1198,#678,.T.);
#1439=EDGE_CURVE('',#1201,#1190,#679,.T.);
#1440=EDGE_CURVE('',#1202,#1203,#680,.T.);
#1441=EDGE_CURVE('',#1203,#1199,#681,.T.);
#1442=EDGE_CURVE('',#1202,#1200,#682,.T.);
#1443=EDGE_CURVE('',#1204,#1202,#683,.T.);
#1444=EDGE_CURVE('',#1204,#1201,#684,.T.);
#1445=EDGE_CURVE('',#1205,#1204,#685,.T.);
#1446=EDGE_CURVE('',#1205,#1191,#686,.T.);
#1447=EDGE_CURVE('',#1203,#1205,#687,.T.);
#1448=EDGE_CURVE('',#1206,#1207,#688,.T.);
#1449=EDGE_CURVE('',#1207,#1208,#689,.T.);
#1450=EDGE_CURVE('',#1208,#1209,#690,.T.);
#1451=EDGE_CURVE('',#1206,#1209,#691,.T.);
#1452=EDGE_CURVE('',#1210,#1206,#692,.T.);
#1453=EDGE_CURVE('',#1209,#1211,#693,.T.);
#1454=EDGE_CURVE('',#1210,#1211,#694,.T.);
#1455=EDGE_CURVE('',#1212,#1210,#695,.T.);
#1456=EDGE_CURVE('',#1211,#1213,#696,.T.);
#1457=EDGE_CURVE('',#1212,#1213,#697,.T.);
#1458=EDGE_CURVE('',#1207,#1212,#698,.T.);
#1459=EDGE_CURVE('',#1213,#1208,#699,.T.);
#1460=EDGE_CURVE('',#1214,#1215,#700,.T.);
#1461=EDGE_CURVE('',#1215,#1216,#701,.T.);
#1462=EDGE_CURVE('',#1216,#1217,#702,.T.);
#1463=EDGE_CURVE('',#1214,#1217,#703,.T.);
#1464=EDGE_CURVE('',#1218,#1214,#704,.T.);
#1465=EDGE_CURVE('',#1217,#1219,#705,.T.);
#1466=EDGE_CURVE('',#1218,#1219,#706,.T.);
#1467=EDGE_CURVE('',#1220,#1218,#707,.T.);
#1468=EDGE_CURVE('',#1219,#1221,#708,.T.);
#1469=EDGE_CURVE('',#1220,#1221,#709,.T.);
#1470=EDGE_CURVE('',#1215,#1220,#710,.T.);
#1471=EDGE_CURVE('',#1221,#1216,#711,.T.);
#1472=EDGE_CURVE('',#1222,#1223,#712,.T.);
#1473=EDGE_CURVE('',#1224,#1223,#713,.T.);
#1474=EDGE_CURVE('',#1225,#1224,#714,.T.);
#1475=EDGE_CURVE('',#1222,#1225,#715,.T.);
#1476=EDGE_CURVE('',#1226,#1225,#716,.T.);
#1477=EDGE_CURVE('',#1224,#1226,#717,.T.);
#1478=EDGE_CURVE('',#1227,#1224,#718,.T.);
#1479=EDGE_CURVE('',#1228,#1227,#719,.T.);
#1480=EDGE_CURVE('',#1226,#1228,#720,.T.);
#1481=EDGE_CURVE('',#1229,#1228,#721,.T.);
#1482=EDGE_CURVE('',#1225,#1229,#722,.T.);
#1483=EDGE_CURVE('',#1230,#1231,#723,.T.);
#1484=EDGE_CURVE('',#1229,#1230,#724,.T.);
#1485=EDGE_CURVE('',#1229,#1227,#725,.T.);
#1486=EDGE_CURVE('',#1231,#1227,#726,.T.);
#1487=EDGE_CURVE('',#1232,#1233,#727,.T.);
#1488=EDGE_CURVE('',#1233,#1222,#728,.T.);
#1489=EDGE_CURVE('',#1232,#1230,#729,.T.);
#1490=EDGE_CURVE('',#1234,#1235,#730,.T.);
#1491=EDGE_CURVE('',#1234,#1232,#731,.T.);
#1492=EDGE_CURVE('',#1235,#1231,#732,.T.);
#1493=EDGE_CURVE('',#1236,#1234,#733,.T.);
#1494=EDGE_CURVE('',#1236,#1233,#734,.T.);
#1495=EDGE_CURVE('',#1237,#1236,#735,.T.);
#1496=EDGE_CURVE('',#1237,#1223,#736,.T.);
#1497=EDGE_CURVE('',#1235,#1237,#737,.T.);
#1498=EDGE_CURVE('',#1238,#1238,#1062,.T.);
#1499=EDGE_CURVE('',#1238,#1239,#738,.T.);
#1500=EDGE_CURVE('',#1239,#1239,#1063,.T.);
#1501=EDGE_CURVE('',#1240,#1241,#1064,.T.);
#1502=EDGE_CURVE('',#1241,#1242,#739,.T.);
#1503=EDGE_CURVE('',#1243,#1242,#1065,.T.);
#1504=EDGE_CURVE('',#1240,#1243,#740,.T.);
#1505=EDGE_CURVE('',#1240,#1244,#741,.T.);
#1506=EDGE_CURVE('',#1245,#1243,#742,.T.);
#1507=EDGE_CURVE('',#1244,#1245,#743,.T.);
#1508=EDGE_CURVE('',#1246,#1244,#1066,.T.);
#1509=EDGE_CURVE('',#1247,#1245,#1067,.T.);
#1510=EDGE_CURVE('',#1246,#1247,#744,.T.);
#1511=EDGE_CURVE('',#1241,#1246,#745,.T.);
#1512=EDGE_CURVE('',#1242,#1247,#746,.T.);
#1513=EDGE_CURVE('',#1248,#1249,#1068,.T.);
#1514=EDGE_CURVE('',#1249,#1250,#747,.T.);
#1515=EDGE_CURVE('',#1251,#1250,#1069,.T.);
#1516=EDGE_CURVE('',#1248,#1251,#748,.T.);
#1517=EDGE_CURVE('',#1252,#1248,#749,.T.);
#1518=EDGE_CURVE('',#1253,#1251,#750,.T.);
#1519=EDGE_CURVE('',#1252,#1253,#751,.T.);
#1520=EDGE_CURVE('',#1252,#1254,#1070,.T.);
#1521=EDGE_CURVE('',#1255,#1253,#1071,.T.);
#1522=EDGE_CURVE('',#1254,#1255,#752,.T.);
#1523=EDGE_CURVE('',#1254,#1249,#753,.T.);
#1524=EDGE_CURVE('',#1250,#1255,#754,.T.);
#1525=EDGE_CURVE('',#1256,#1257,#755,.T.);
#1526=EDGE_CURVE('',#1256,#1258,#756,.T.);
#1527=EDGE_CURVE('',#1259,#1258,#757,.T.);
#1528=EDGE_CURVE('',#1257,#1259,#758,.T.);
#1529=EDGE_CURVE('',#1260,#1257,#1072,.T.);
#1530=EDGE_CURVE('',#1261,#1259,#1073,.T.);
#1531=EDGE_CURVE('',#1260,#1261,#759,.T.);
#1532=EDGE_CURVE('',#1262,#1260,#760,.T.);
#1533=EDGE_CURVE('',#1263,#1261,#761,.T.);
#1534=EDGE_CURVE('',#1262,#1263,#762,.T.);
#1535=EDGE_CURVE('',#1262,#1256,#1074,.T.);
#1536=EDGE_CURVE('',#1258,#1263,#1075,.T.);
#1537=EDGE_CURVE('',#1264,#1264,#1076,.T.);
#1538=EDGE_CURVE('',#1264,#1265,#763,.T.);
#1539=EDGE_CURVE('',#1265,#1265,#1077,.T.);
#1540=EDGE_CURVE('',#1266,#1267,#1078,.T.);
#1541=EDGE_CURVE('',#1266,#1268,#764,.T.);
#1542=EDGE_CURVE('',#1268,#1269,#1079,.T.);
#1543=EDGE_CURVE('',#1267,#1269,#765,.T.);
#1544=EDGE_CURVE('',#1266,#1270,#766,.T.);
#1545=EDGE_CURVE('',#1270,#1271,#767,.T.);
#1546=EDGE_CURVE('',#1271,#1268,#768,.T.);
#1547=EDGE_CURVE('',#1272,#1270,#1080,.T.);
#1548=EDGE_CURVE('',#1272,#1273,#769,.T.);
#1549=EDGE_CURVE('',#1273,#1271,#1081,.T.);
#1550=EDGE_CURVE('',#1267,#1272,#770,.T.);
#1551=EDGE_CURVE('',#1269,#1273,#771,.T.);
#1552=EDGE_CURVE('',#1274,#1275,#1082,.T.);
#1553=EDGE_CURVE('',#1274,#1276,#772,.T.);
#1554=EDGE_CURVE('',#1276,#1277,#1083,.T.);
#1555=EDGE_CURVE('',#1275,#1277,#773,.T.);
#1556=EDGE_CURVE('',#1278,#1274,#774,.T.);
#1557=EDGE_CURVE('',#1278,#1279,#775,.T.);
#1558=EDGE_CURVE('',#1279,#1276,#776,.T.);
#1559=EDGE_CURVE('',#1278,#1280,#1084,.T.);
#1560=EDGE_CURVE('',#1280,#1281,#777,.T.);
#1561=EDGE_CURVE('',#1281,#1279,#1085,.T.);
#1562=EDGE_CURVE('',#1280,#1275,#778,.T.);
#1563=EDGE_CURVE('',#1277,#1281,#779,.T.);
#1564=EDGE_CURVE('',#1282,#1283,#780,.T.);
#1565=EDGE_CURVE('',#1283,#1284,#781,.T.);
#1566=EDGE_CURVE('',#1284,#1285,#782,.T.);
#1567=EDGE_CURVE('',#1282,#1285,#783,.T.);
#1568=EDGE_CURVE('',#1286,#1283,#1086,.T.);
#1569=EDGE_CURVE('',#1286,#1287,#784,.T.);
#1570=EDGE_CURVE('',#1287,#1284,#1087,.T.);
#1571=EDGE_CURVE('',#1288,#1286,#785,.T.);
#1572=EDGE_CURVE('',#1288,#1289,#786,.T.);
#1573=EDGE_CURVE('',#1289,#1287,#787,.T.);
#1574=EDGE_CURVE('',#1288,#1282,#1088,.T.);
#1575=EDGE_CURVE('',#1285,#1289,#1089,.T.);
#1576=EDGE_CURVE('',#1290,#1290,#1090,.T.);
#1577=EDGE_CURVE('',#1290,#1291,#788,.T.);
#1578=EDGE_CURVE('',#1291,#1291,#1091,.T.);
#1579=EDGE_CURVE('',#1292,#1292,#1092,.T.);
#1580=EDGE_CURVE('',#1292,#1293,#789,.T.);
#1581=EDGE_CURVE('',#1293,#1293,#1093,.T.);
#1582=EDGE_CURVE('',#1294,#1294,#1094,.T.);
#1583=EDGE_CURVE('',#1294,#1295,#790,.T.);
#1584=EDGE_CURVE('',#1295,#1295,#1095,.T.);
#1585=EDGE_CURVE('',#1296,#1296,#1096,.T.);
#1586=EDGE_CURVE('',#1296,#1297,#791,.T.);
#1587=EDGE_CURVE('',#1297,#1297,#1097,.T.);
#1588=EDGE_CURVE('',#1298,#1298,#1098,.T.);
#1589=EDGE_CURVE('',#1298,#1299,#792,.T.);
#1590=EDGE_CURVE('',#1299,#1299,#1099,.T.);
#1591=EDGE_CURVE('',#1300,#1300,#1100,.T.);
#1592=EDGE_CURVE('',#1300,#1301,#793,.T.);
#1593=EDGE_CURVE('',#1301,#1301,#1101,.T.);
#1594=EDGE_CURVE('',#1302,#1302,#1102,.T.);
#1595=EDGE_CURVE('',#1302,#1303,#794,.T.);
#1596=EDGE_CURVE('',#1303,#1303,#1103,.T.);
#1597=EDGE_CURVE('',#1304,#1304,#1104,.T.);
#1598=EDGE_CURVE('',#1304,#1305,#795,.T.);
#1599=EDGE_CURVE('',#1305,#1305,#1105,.T.);
#1600=EDGE_CURVE('',#1306,#1306,#1106,.T.);
#1601=EDGE_CURVE('',#1306,#1307,#796,.T.);
#1602=EDGE_CURVE('',#1307,#1307,#1107,.T.);
#1603=EDGE_CURVE('',#1308,#1308,#1108,.T.);
#1604=EDGE_CURVE('',#1308,#1309,#797,.T.);
#1605=EDGE_CURVE('',#1309,#1309,#1109,.T.);
#1606=EDGE_CURVE('',#1310,#1311,#1110,.T.);
#1607=EDGE_CURVE('',#1311,#1312,#798,.T.);
#1608=EDGE_CURVE('',#1312,#1313,#1111,.T.);
#1609=EDGE_CURVE('',#1313,#1310,#799,.T.);
#1610=EDGE_CURVE('',#1314,#1311,#1112,.T.);
#1611=EDGE_CURVE('',#1315,#1314,#800,.T.);
#1612=EDGE_CURVE('',#1315,#1312,#1113,.T.);
#1613=EDGE_CURVE('',#1310,#1316,#1114,.T.);
#1614=EDGE_CURVE('',#1317,#1316,#1115,.T.);
#1615=EDGE_CURVE('',#1317,#1318,#1116,.T.);
#1616=EDGE_CURVE('',#1318,#1319,#801,.T.);
#1617=EDGE_CURVE('',#1319,#1314,#802,.T.);
#1618=EDGE_CURVE('',#1316,#1320,#803,.T.);
#1619=EDGE_CURVE('',#1320,#1321,#1117,.T.);
#1620=EDGE_CURVE('',#1321,#1317,#804,.T.);
#1621=EDGE_CURVE('',#1321,#1322,#1118,.T.);
#1622=EDGE_CURVE('',#1322,#1318,#805,.T.);
#1623=EDGE_CURVE('',#1320,#1313,#1119,.T.);
#1624=EDGE_CURVE('',#1315,#1323,#806,.T.);
#1625=EDGE_CURVE('',#1323,#1319,#807,.T.);
#1626=EDGE_CURVE('',#1322,#1323,#808,.T.);
#1627=EDGE_CURVE('',#1324,#1324,#1120,.T.);
#1628=EDGE_CURVE('',#1324,#1325,#809,.T.);
#1629=EDGE_CURVE('',#1325,#1325,#1121,.T.);
#1630=EDGE_CURVE('',#1326,#1326,#1122,.T.);
#1631=EDGE_CURVE('',#1326,#1327,#810,.T.);
#1632=EDGE_CURVE('',#1327,#1327,#1123,.T.);
#1633=EDGE_CURVE('',#1328,#1328,#1124,.T.);
#1634=EDGE_CURVE('',#1328,#1329,#811,.T.);
#1635=EDGE_CURVE('',#1329,#1329,#1125,.T.);
#1636=EDGE_CURVE('',#1330,#1330,#1126,.T.);
#1637=EDGE_CURVE('',#1330,#1331,#812,.T.);
#1638=EDGE_CURVE('',#1331,#1331,#1127,.T.);
#1639=EDGE_CURVE('',#1332,#1332,#1128,.T.);
#1640=EDGE_CURVE('',#1332,#1333,#813,.T.);
#1641=EDGE_CURVE('',#1333,#1333,#1129,.T.);
#1642=EDGE_CURVE('',#1334,#1334,#1130,.T.);
#1643=EDGE_CURVE('',#1334,#1335,#814,.T.);
#1644=EDGE_CURVE('',#1335,#1335,#1131,.T.);
#1645=EDGE_CURVE('',#1336,#1337,#1132,.T.);
#1646=EDGE_CURVE('',#1337,#1338,#815,.T.);
#1647=EDGE_CURVE('',#1338,#1339,#1133,.T.);
#1648=EDGE_CURVE('',#1339,#1336,#816,.T.);
#1649=EDGE_CURVE('',#1340,#1337,#1134,.T.);
#1650=EDGE_CURVE('',#1341,#1340,#817,.T.);
#1651=EDGE_CURVE('',#1341,#1338,#1135,.T.);
#1652=EDGE_CURVE('',#1336,#1342,#1136,.T.);
#1653=EDGE_CURVE('',#1343,#1342,#1137,.T.);
#1654=EDGE_CURVE('',#1343,#1344,#1138,.T.);
#1655=EDGE_CURVE('',#1344,#1345,#818,.T.);
#1656=EDGE_CURVE('',#1345,#1340,#819,.T.);
#1657=EDGE_CURVE('',#1342,#1346,#820,.T.);
#1658=EDGE_CURVE('',#1346,#1347,#1139,.T.);
#1659=EDGE_CURVE('',#1347,#1343,#821,.T.);
#1660=EDGE_CURVE('',#1347,#1348,#1140,.T.);
#1661=EDGE_CURVE('',#1348,#1344,#822,.T.);
#1662=EDGE_CURVE('',#1346,#1339,#1141,.T.);
#1663=EDGE_CURVE('',#1341,#1349,#823,.T.);
#1664=EDGE_CURVE('',#1349,#1345,#824,.T.);
#1665=EDGE_CURVE('',#1348,#1349,#825,.T.);
#1666=ORIENTED_EDGE('',*,*,#1350,.F.);
#1667=ORIENTED_EDGE('',*,*,#1351,.T.);
#1668=ORIENTED_EDGE('',*,*,#1352,.F.);
#1669=ORIENTED_EDGE('',*,*,#1351,.F.);
#1670=ORIENTED_EDGE('',*,*,#1353,.F.);
#1671=ORIENTED_EDGE('',*,*,#1354,.T.);
#1672=ORIENTED_EDGE('',*,*,#1355,.F.);
#1673=ORIENTED_EDGE('',*,*,#1354,.F.);
#1674=ORIENTED_EDGE('',*,*,#1356,.F.);
#1675=ORIENTED_EDGE('',*,*,#1357,.T.);
#1676=ORIENTED_EDGE('',*,*,#1358,.F.);
#1677=ORIENTED_EDGE('',*,*,#1357,.F.);
#1678=ORIENTED_EDGE('',*,*,#1359,.F.);
#1679=ORIENTED_EDGE('',*,*,#1360,.T.);
#1680=ORIENTED_EDGE('',*,*,#1361,.F.);
#1681=ORIENTED_EDGE('',*,*,#1360,.F.);
#1682=ORIENTED_EDGE('',*,*,#1362,.F.);
#1683=ORIENTED_EDGE('',*,*,#1363,.T.);
#1684=ORIENTED_EDGE('',*,*,#1364,.F.);
#1685=ORIENTED_EDGE('',*,*,#1363,.F.);
#1686=ORIENTED_EDGE('',*,*,#1365,.F.);
#1687=ORIENTED_EDGE('',*,*,#1366,.T.);
#1688=ORIENTED_EDGE('',*,*,#1367,.F.);
#1689=ORIENTED_EDGE('',*,*,#1366,.F.);
#1690=ORIENTED_EDGE('',*,*,#1368,.F.);
#1691=ORIENTED_EDGE('',*,*,#1369,.T.);
#1692=ORIENTED_EDGE('',*,*,#1370,.T.);
#1693=ORIENTED_EDGE('',*,*,#1369,.F.);
#1694=ORIENTED_EDGE('',*,*,#1371,.F.);
#1695=ORIENTED_EDGE('',*,*,#1372,.T.);
#1696=ORIENTED_EDGE('',*,*,#1373,.T.);
#1697=ORIENTED_EDGE('',*,*,#1372,.F.);
#1698=ORIENTED_EDGE('',*,*,#1371,.T.);
#1699=ORIENTED_EDGE('',*,*,#1350,.T.);
#1700=ORIENTED_EDGE('',*,*,#1353,.T.);
#1701=ORIENTED_EDGE('',*,*,#1356,.T.);
#1702=ORIENTED_EDGE('',*,*,#1359,.T.);
#1703=ORIENTED_EDGE('',*,*,#1362,.T.);
#1704=ORIENTED_EDGE('',*,*,#1365,.T.);
#1705=ORIENTED_EDGE('',*,*,#1368,.T.);
#1706=ORIENTED_EDGE('',*,*,#1373,.F.);
#1707=ORIENTED_EDGE('',*,*,#1352,.T.);
#1708=ORIENTED_EDGE('',*,*,#1355,.T.);
#1709=ORIENTED_EDGE('',*,*,#1358,.T.);
#1710=ORIENTED_EDGE('',*,*,#1361,.T.);
#1711=ORIENTED_EDGE('',*,*,#1364,.T.);
#1712=ORIENTED_EDGE('',*,*,#1367,.T.);
#1713=ORIENTED_EDGE('',*,*,#1370,.F.);
#1714=ORIENTED_EDGE('',*,*,#1374,.F.);
#1715=ORIENTED_EDGE('',*,*,#1375,.T.);
#1716=ORIENTED_EDGE('',*,*,#1376,.F.);
#1717=ORIENTED_EDGE('',*,*,#1375,.F.);
#1718=ORIENTED_EDGE('',*,*,#1377,.F.);
#1719=ORIENTED_EDGE('',*,*,#1378,.T.);
#1720=ORIENTED_EDGE('',*,*,#1379,.F.);
#1721=ORIENTED_EDGE('',*,*,#1378,.F.);
#1722=ORIENTED_EDGE('',*,*,#1380,.F.);
#1723=ORIENTED_EDGE('',*,*,#1381,.T.);
#1724=ORIENTED_EDGE('',*,*,#1382,.F.);
#1725=ORIENTED_EDGE('',*,*,#1381,.F.);
#1726=ORIENTED_EDGE('',*,*,#1383,.F.);
#1727=ORIENTED_EDGE('',*,*,#1384,.T.);
#1728=ORIENTED_EDGE('',*,*,#1385,.F.);
#1729=ORIENTED_EDGE('',*,*,#1384,.F.);
#1730=ORIENTED_EDGE('',*,*,#1386,.T.);
#1731=ORIENTED_EDGE('',*,*,#1387,.T.);
#1732=ORIENTED_EDGE('',*,*,#1388,.F.);
#1733=ORIENTED_EDGE('',*,*,#1389,.F.);
#1734=ORIENTED_EDGE('',*,*,#1390,.F.);
#1735=ORIENTED_EDGE('',*,*,#1389,.T.);
#1736=ORIENTED_EDGE('',*,*,#1391,.F.);
#1737=ORIENTED_EDGE('',*,*,#1392,.F.);
#1738=ORIENTED_EDGE('',*,*,#1393,.F.);
#1739=ORIENTED_EDGE('',*,*,#1392,.T.);
#1740=ORIENTED_EDGE('',*,*,#1394,.F.);
#1741=ORIENTED_EDGE('',*,*,#1395,.F.);
#1742=ORIENTED_EDGE('',*,*,#1396,.F.);
#1743=ORIENTED_EDGE('',*,*,#1395,.T.);
#1744=ORIENTED_EDGE('',*,*,#1397,.F.);
#1745=ORIENTED_EDGE('',*,*,#1387,.F.);
#1746=ORIENTED_EDGE('',*,*,#1397,.T.);
#1747=ORIENTED_EDGE('',*,*,#1394,.T.);
#1748=ORIENTED_EDGE('',*,*,#1391,.T.);
#1749=ORIENTED_EDGE('',*,*,#1388,.T.);
#1750=ORIENTED_EDGE('',*,*,#1374,.T.);
#1751=ORIENTED_EDGE('',*,*,#1377,.T.);
#1752=ORIENTED_EDGE('',*,*,#1380,.T.);
#1753=ORIENTED_EDGE('',*,*,#1383,.T.);
#1754=ORIENTED_EDGE('',*,*,#1396,.T.);
#1755=ORIENTED_EDGE('',*,*,#1386,.F.);
#1756=ORIENTED_EDGE('',*,*,#1390,.T.);
#1757=ORIENTED_EDGE('',*,*,#1393,.T.);
#1758=ORIENTED_EDGE('',*,*,#1376,.T.);
#1759=ORIENTED_EDGE('',*,*,#1379,.T.);
#1760=ORIENTED_EDGE('',*,*,#1382,.T.);
#1761=ORIENTED_EDGE('',*,*,#1385,.T.);
#1762=ORIENTED_EDGE('',*,*,#1398,.F.);
#1763=ORIENTED_EDGE('',*,*,#1399,.T.);
#1764=ORIENTED_EDGE('',*,*,#1400,.F.);
#1765=ORIENTED_EDGE('',*,*,#1401,.F.);
#1766=ORIENTED_EDGE('',*,*,#1402,.F.);
#1767=ORIENTED_EDGE('',*,*,#1403,.T.);
#1768=ORIENTED_EDGE('',*,*,#1404,.F.);
#1769=ORIENTED_EDGE('',*,*,#1399,.F.);
#1770=ORIENTED_EDGE('',*,*,#1405,.F.);
#1771=ORIENTED_EDGE('',*,*,#1406,.T.);
#1772=ORIENTED_EDGE('',*,*,#1407,.F.);
#1773=ORIENTED_EDGE('',*,*,#1403,.F.);
#1774=ORIENTED_EDGE('',*,*,#1408,.F.);
#1775=ORIENTED_EDGE('',*,*,#1401,.T.);
#1776=ORIENTED_EDGE('',*,*,#1409,.F.);
#1777=ORIENTED_EDGE('',*,*,#1406,.F.);
#1778=ORIENTED_EDGE('',*,*,#1410,.F.);
#1779=ORIENTED_EDGE('',*,*,#1411,.T.);
#1780=ORIENTED_EDGE('',*,*,#1412,.F.);
#1781=ORIENTED_EDGE('',*,*,#1413,.F.);
#1782=ORIENTED_EDGE('',*,*,#1414,.F.);
#1783=ORIENTED_EDGE('',*,*,#1415,.T.);
#1784=ORIENTED_EDGE('',*,*,#1416,.F.);
#1785=ORIENTED_EDGE('',*,*,#1411,.F.);
#1786=ORIENTED_EDGE('',*,*,#1417,.F.);
#1787=ORIENTED_EDGE('',*,*,#1418,.T.);
#1788=ORIENTED_EDGE('',*,*,#1419,.F.);
#1789=ORIENTED_EDGE('',*,*,#1415,.F.);
#1790=ORIENTED_EDGE('',*,*,#1420,.F.);
#1791=ORIENTED_EDGE('',*,*,#1413,.T.);
#1792=ORIENTED_EDGE('',*,*,#1421,.F.);
#1793=ORIENTED_EDGE('',*,*,#1418,.F.);
#1794=ORIENTED_EDGE('',*,*,#1422,.F.);
#1795=ORIENTED_EDGE('',*,*,#1423,.T.);
#1796=ORIENTED_EDGE('',*,*,#1424,.T.);
#1797=ORIENTED_EDGE('',*,*,#1425,.T.);
#1798=ORIENTED_EDGE('',*,*,#1426,.F.);
#1799=ORIENTED_EDGE('',*,*,#1427,.F.);
#1800=ORIENTED_EDGE('',*,*,#1424,.F.);
#1801=ORIENTED_EDGE('',*,*,#1427,.T.);
#1802=ORIENTED_EDGE('',*,*,#1428,.T.);
#1803=ORIENTED_EDGE('',*,*,#1429,.T.);
#1804=ORIENTED_EDGE('',*,*,#1430,.T.);
#1805=ORIENTED_EDGE('',*,*,#1410,.T.);
#1806=ORIENTED_EDGE('',*,*,#1420,.T.);
#1807=ORIENTED_EDGE('',*,*,#1417,.T.);
#1808=ORIENTED_EDGE('',*,*,#1414,.T.);
#1809=ORIENTED_EDGE('',*,*,#1426,.T.);
#1810=ORIENTED_EDGE('',*,*,#1431,.T.);
#1811=ORIENTED_EDGE('',*,*,#1432,.T.);
#1812=ORIENTED_EDGE('',*,*,#1428,.F.);
#1813=ORIENTED_EDGE('',*,*,#1398,.T.);
#1814=ORIENTED_EDGE('',*,*,#1408,.T.);
#1815=ORIENTED_EDGE('',*,*,#1405,.T.);
#1816=ORIENTED_EDGE('',*,*,#1402,.T.);
#1817=ORIENTED_EDGE('',*,*,#1433,.T.);
#1818=ORIENTED_EDGE('',*,*,#1434,.T.);
#1819=ORIENTED_EDGE('',*,*,#1435,.F.);
#1820=ORIENTED_EDGE('',*,*,#1436,.T.);
#1821=ORIENTED_EDGE('',*,*,#1432,.F.);
#1822=ORIENTED_EDGE('',*,*,#1435,.T.);
#1823=ORIENTED_EDGE('',*,*,#1429,.F.);
#1824=ORIENTED_EDGE('',*,*,#1437,.F.);
#1825=ORIENTED_EDGE('',*,*,#1438,.T.);
#1826=ORIENTED_EDGE('',*,*,#1436,.F.);
#1827=ORIENTED_EDGE('',*,*,#1431,.F.);
#1828=ORIENTED_EDGE('',*,*,#1423,.F.);
#1829=ORIENTED_EDGE('',*,*,#1439,.F.);
#1830=ORIENTED_EDGE('',*,*,#1440,.T.);
#1831=ORIENTED_EDGE('',*,*,#1441,.T.);
#1832=ORIENTED_EDGE('',*,*,#1433,.F.);
#1833=ORIENTED_EDGE('',*,*,#1438,.F.);
#1834=ORIENTED_EDGE('',*,*,#1442,.F.);
#1835=ORIENTED_EDGE('',*,*,#1443,.T.);
#1836=ORIENTED_EDGE('',*,*,#1442,.T.);
#1837=ORIENTED_EDGE('',*,*,#1437,.T.);
#1838=ORIENTED_EDGE('',*,*,#1444,.F.);
#1839=ORIENTED_EDGE('',*,*,#1400,.T.);
#1840=ORIENTED_EDGE('',*,*,#1404,.T.);
#1841=ORIENTED_EDGE('',*,*,#1407,.T.);
#1842=ORIENTED_EDGE('',*,*,#1409,.T.);
#1843=ORIENTED_EDGE('',*,*,#1445,.T.);
#1844=ORIENTED_EDGE('',*,*,#1444,.T.);
#1845=ORIENTED_EDGE('',*,*,#1439,.T.);
#1846=ORIENTED_EDGE('',*,*,#1422,.T.);
#1847=ORIENTED_EDGE('',*,*,#1446,.F.);
#1848=ORIENTED_EDGE('',*,*,#1447,.T.);
#1849=ORIENTED_EDGE('',*,*,#1446,.T.);
#1850=ORIENTED_EDGE('',*,*,#1425,.F.);
#1851=ORIENTED_EDGE('',*,*,#1430,.F.);
#1852=ORIENTED_EDGE('',*,*,#1434,.F.);
#1853=ORIENTED_EDGE('',*,*,#1441,.F.);
#1854=ORIENTED_EDGE('',*,*,#1447,.F.);
#1855=ORIENTED_EDGE('',*,*,#1440,.F.);
#1856=ORIENTED_EDGE('',*,*,#1443,.F.);
#1857=ORIENTED_EDGE('',*,*,#1445,.F.);
#1858=ORIENTED_EDGE('',*,*,#1412,.T.);
#1859=ORIENTED_EDGE('',*,*,#1416,.T.);
#1860=ORIENTED_EDGE('',*,*,#1419,.T.);
#1861=ORIENTED_EDGE('',*,*,#1421,.T.);
#1862=ORIENTED_EDGE('',*,*,#1448,.T.);
#1863=ORIENTED_EDGE('',*,*,#1449,.T.);
#1864=ORIENTED_EDGE('',*,*,#1450,.T.);
#1865=ORIENTED_EDGE('',*,*,#1451,.F.);
#1866=ORIENTED_EDGE('',*,*,#1452,.T.);
#1867=ORIENTED_EDGE('',*,*,#1451,.T.);
#1868=ORIENTED_EDGE('',*,*,#1453,.T.);
#1869=ORIENTED_EDGE('',*,*,#1454,.F.);
#1870=ORIENTED_EDGE('',*,*,#1455,.T.);
#1871=ORIENTED_EDGE('',*,*,#1454,.T.);
#1872=ORIENTED_EDGE('',*,*,#1456,.T.);
#1873=ORIENTED_EDGE('',*,*,#1457,.F.);
#1874=ORIENTED_EDGE('',*,*,#1458,.T.);
#1875=ORIENTED_EDGE('',*,*,#1457,.T.);
#1876=ORIENTED_EDGE('',*,*,#1459,.T.);
#1877=ORIENTED_EDGE('',*,*,#1449,.F.);
#1878=ORIENTED_EDGE('',*,*,#1460,.T.);
#1879=ORIENTED_EDGE('',*,*,#1461,.T.);
#1880=ORIENTED_EDGE('',*,*,#1462,.T.);
#1881=ORIENTED_EDGE('',*,*,#1463,.F.);
#1882=ORIENTED_EDGE('',*,*,#1464,.T.);
#1883=ORIENTED_EDGE('',*,*,#1463,.T.);
#1884=ORIENTED_EDGE('',*,*,#1465,.T.);
#1885=ORIENTED_EDGE('',*,*,#1466,.F.);
#1886=ORIENTED_EDGE('',*,*,#1467,.T.);
#1887=ORIENTED_EDGE('',*,*,#1466,.T.);
#1888=ORIENTED_EDGE('',*,*,#1468,.T.);
#1889=ORIENTED_EDGE('',*,*,#1469,.F.);
#1890=ORIENTED_EDGE('',*,*,#1470,.T.);
#1891=ORIENTED_EDGE('',*,*,#1469,.T.);
#1892=ORIENTED_EDGE('',*,*,#1471,.T.);
#1893=ORIENTED_EDGE('',*,*,#1461,.F.);
#1894=ORIENTED_EDGE('',*,*,#1472,.T.);
#1895=ORIENTED_EDGE('',*,*,#1473,.F.);
#1896=ORIENTED_EDGE('',*,*,#1474,.F.);
#1897=ORIENTED_EDGE('',*,*,#1475,.F.);
#1898=ORIENTED_EDGE('',*,*,#1476,.T.);
#1899=ORIENTED_EDGE('',*,*,#1474,.T.);
#1900=ORIENTED_EDGE('',*,*,#1477,.T.);
#1901=ORIENTED_EDGE('',*,*,#1477,.F.);
#1902=ORIENTED_EDGE('',*,*,#1478,.F.);
#1903=ORIENTED_EDGE('',*,*,#1479,.F.);
#1904=ORIENTED_EDGE('',*,*,#1480,.F.);
#1905=ORIENTED_EDGE('',*,*,#1460,.F.);
#1906=ORIENTED_EDGE('',*,*,#1464,.F.);
#1907=ORIENTED_EDGE('',*,*,#1467,.F.);
#1908=ORIENTED_EDGE('',*,*,#1470,.F.);
#1909=ORIENTED_EDGE('',*,*,#1476,.F.);
#1910=ORIENTED_EDGE('',*,*,#1480,.T.);
#1911=ORIENTED_EDGE('',*,*,#1481,.F.);
#1912=ORIENTED_EDGE('',*,*,#1482,.F.);
#1913=ORIENTED_EDGE('',*,*,#1448,.F.);
#1914=ORIENTED_EDGE('',*,*,#1452,.F.);
#1915=ORIENTED_EDGE('',*,*,#1455,.F.);
#1916=ORIENTED_EDGE('',*,*,#1458,.F.);
#1917=ORIENTED_EDGE('',*,*,#1483,.F.);
#1918=ORIENTED_EDGE('',*,*,#1484,.F.);
#1919=ORIENTED_EDGE('',*,*,#1485,.T.);
#1920=ORIENTED_EDGE('',*,*,#1486,.F.);
#1921=ORIENTED_EDGE('',*,*,#1481,.T.);
#1922=ORIENTED_EDGE('',*,*,#1479,.T.);
#1923=ORIENTED_EDGE('',*,*,#1485,.F.);
#1924=ORIENTED_EDGE('',*,*,#1487,.T.);
#1925=ORIENTED_EDGE('',*,*,#1488,.T.);
#1926=ORIENTED_EDGE('',*,*,#1475,.T.);
#1927=ORIENTED_EDGE('',*,*,#1482,.T.);
#1928=ORIENTED_EDGE('',*,*,#1484,.T.);
#1929=ORIENTED_EDGE('',*,*,#1489,.F.);
#1930=ORIENTED_EDGE('',*,*,#1490,.F.);
#1931=ORIENTED_EDGE('',*,*,#1491,.T.);
#1932=ORIENTED_EDGE('',*,*,#1489,.T.);
#1933=ORIENTED_EDGE('',*,*,#1483,.T.);
#1934=ORIENTED_EDGE('',*,*,#1492,.F.);
#1935=ORIENTED_EDGE('',*,*,#1493,.F.);
#1936=ORIENTED_EDGE('',*,*,#1494,.T.);
#1937=ORIENTED_EDGE('',*,*,#1487,.F.);
#1938=ORIENTED_EDGE('',*,*,#1491,.F.);
#1939=ORIENTED_EDGE('',*,*,#1450,.F.);
#1940=ORIENTED_EDGE('',*,*,#1459,.F.);
#1941=ORIENTED_EDGE('',*,*,#1456,.F.);
#1942=ORIENTED_EDGE('',*,*,#1453,.F.);
#1943=ORIENTED_EDGE('',*,*,#1495,.F.);
#1944=ORIENTED_EDGE('',*,*,#1496,.T.);
#1945=ORIENTED_EDGE('',*,*,#1472,.F.);
#1946=ORIENTED_EDGE('',*,*,#1488,.F.);
#1947=ORIENTED_EDGE('',*,*,#1494,.F.);
#1948=ORIENTED_EDGE('',*,*,#1497,.F.);
#1949=ORIENTED_EDGE('',*,*,#1492,.T.);
#1950=ORIENTED_EDGE('',*,*,#1486,.T.);
#1951=ORIENTED_EDGE('',*,*,#1478,.T.);
#1952=ORIENTED_EDGE('',*,*,#1473,.T.);
#1953=ORIENTED_EDGE('',*,*,#1496,.F.);
#1954=ORIENTED_EDGE('',*,*,#1497,.T.);
#1955=ORIENTED_EDGE('',*,*,#1495,.T.);
#1956=ORIENTED_EDGE('',*,*,#1493,.T.);
#1957=ORIENTED_EDGE('',*,*,#1490,.T.);
#1958=ORIENTED_EDGE('',*,*,#1462,.F.);
#1959=ORIENTED_EDGE('',*,*,#1471,.F.);
#1960=ORIENTED_EDGE('',*,*,#1468,.F.);
#1961=ORIENTED_EDGE('',*,*,#1465,.F.);
#1962=ORIENTED_EDGE('',*,*,#1498,.F.);
#1963=ORIENTED_EDGE('',*,*,#1499,.T.);
#1964=ORIENTED_EDGE('',*,*,#1500,.T.);
#1965=ORIENTED_EDGE('',*,*,#1499,.F.);
#1966=ORIENTED_EDGE('',*,*,#1501,.T.);
#1967=ORIENTED_EDGE('',*,*,#1502,.T.);
#1968=ORIENTED_EDGE('',*,*,#1503,.F.);
#1969=ORIENTED_EDGE('',*,*,#1504,.F.);
#1970=ORIENTED_EDGE('',*,*,#1505,.F.);
#1971=ORIENTED_EDGE('',*,*,#1504,.T.);
#1972=ORIENTED_EDGE('',*,*,#1506,.F.);
#1973=ORIENTED_EDGE('',*,*,#1507,.F.);
#1974=ORIENTED_EDGE('',*,*,#1508,.T.);
#1975=ORIENTED_EDGE('',*,*,#1507,.T.);
#1976=ORIENTED_EDGE('',*,*,#1509,.F.);
#1977=ORIENTED_EDGE('',*,*,#1510,.F.);
#1978=ORIENTED_EDGE('',*,*,#1511,.T.);
#1979=ORIENTED_EDGE('',*,*,#1510,.T.);
#1980=ORIENTED_EDGE('',*,*,#1512,.F.);
#1981=ORIENTED_EDGE('',*,*,#1502,.F.);
#1982=ORIENTED_EDGE('',*,*,#1512,.T.);
#1983=ORIENTED_EDGE('',*,*,#1509,.T.);
#1984=ORIENTED_EDGE('',*,*,#1506,.T.);
#1985=ORIENTED_EDGE('',*,*,#1503,.T.);
#1986=ORIENTED_EDGE('',*,*,#1498,.T.);
#1987=ORIENTED_EDGE('',*,*,#1511,.F.);
#1988=ORIENTED_EDGE('',*,*,#1501,.F.);
#1989=ORIENTED_EDGE('',*,*,#1505,.T.);
#1990=ORIENTED_EDGE('',*,*,#1508,.F.);
#1991=ORIENTED_EDGE('',*,*,#1500,.F.);
#1992=ORIENTED_EDGE('',*,*,#1513,.T.);
#1993=ORIENTED_EDGE('',*,*,#1514,.T.);
#1994=ORIENTED_EDGE('',*,*,#1515,.F.);
#1995=ORIENTED_EDGE('',*,*,#1516,.F.);
#1996=ORIENTED_EDGE('',*,*,#1517,.T.);
#1997=ORIENTED_EDGE('',*,*,#1516,.T.);
#1998=ORIENTED_EDGE('',*,*,#1518,.F.);
#1999=ORIENTED_EDGE('',*,*,#1519,.F.);
#2000=ORIENTED_EDGE('',*,*,#1520,.F.);
#2001=ORIENTED_EDGE('',*,*,#1519,.T.);
#2002=ORIENTED_EDGE('',*,*,#1521,.F.);
#2003=ORIENTED_EDGE('',*,*,#1522,.F.);
#2004=ORIENTED_EDGE('',*,*,#1523,.F.);
#2005=ORIENTED_EDGE('',*,*,#1522,.T.);
#2006=ORIENTED_EDGE('',*,*,#1524,.F.);
#2007=ORIENTED_EDGE('',*,*,#1514,.F.);
#2008=ORIENTED_EDGE('',*,*,#1523,.T.);
#2009=ORIENTED_EDGE('',*,*,#1513,.F.);
#2010=ORIENTED_EDGE('',*,*,#1517,.F.);
#2011=ORIENTED_EDGE('',*,*,#1520,.T.);
#2012=ORIENTED_EDGE('',*,*,#1524,.T.);
#2013=ORIENTED_EDGE('',*,*,#1521,.T.);
#2014=ORIENTED_EDGE('',*,*,#1518,.T.);
#2015=ORIENTED_EDGE('',*,*,#1515,.T.);
#2016=ORIENTED_EDGE('',*,*,#1525,.F.);
#2017=ORIENTED_EDGE('',*,*,#1526,.T.);
#2018=ORIENTED_EDGE('',*,*,#1527,.F.);
#2019=ORIENTED_EDGE('',*,*,#1528,.F.);
#2020=ORIENTED_EDGE('',*,*,#1529,.T.);
#2021=ORIENTED_EDGE('',*,*,#1528,.T.);
#2022=ORIENTED_EDGE('',*,*,#1530,.F.);
#2023=ORIENTED_EDGE('',*,*,#1531,.F.);
#2024=ORIENTED_EDGE('',*,*,#1532,.T.);
#2025=ORIENTED_EDGE('',*,*,#1531,.T.);
#2026=ORIENTED_EDGE('',*,*,#1533,.F.);
#2027=ORIENTED_EDGE('',*,*,#1534,.F.);
#2028=ORIENTED_EDGE('',*,*,#1535,.F.);
#2029=ORIENTED_EDGE('',*,*,#1534,.T.);
#2030=ORIENTED_EDGE('',*,*,#1536,.F.);
#2031=ORIENTED_EDGE('',*,*,#1526,.F.);
#2032=ORIENTED_EDGE('',*,*,#1535,.T.);
#2033=ORIENTED_EDGE('',*,*,#1525,.T.);
#2034=ORIENTED_EDGE('',*,*,#1529,.F.);
#2035=ORIENTED_EDGE('',*,*,#1532,.F.);
#2036=ORIENTED_EDGE('',*,*,#1536,.T.);
#2037=ORIENTED_EDGE('',*,*,#1533,.T.);
#2038=ORIENTED_EDGE('',*,*,#1530,.T.);
#2039=ORIENTED_EDGE('',*,*,#1527,.T.);
#2040=ORIENTED_EDGE('',*,*,#1537,.T.);
#2041=ORIENTED_EDGE('',*,*,#1538,.T.);
#2042=ORIENTED_EDGE('',*,*,#1539,.F.);
#2043=ORIENTED_EDGE('',*,*,#1538,.F.);
#2044=ORIENTED_EDGE('',*,*,#1540,.F.);
#2045=ORIENTED_EDGE('',*,*,#1541,.T.);
#2046=ORIENTED_EDGE('',*,*,#1542,.T.);
#2047=ORIENTED_EDGE('',*,*,#1543,.F.);
#2048=ORIENTED_EDGE('',*,*,#1544,.T.);
#2049=ORIENTED_EDGE('',*,*,#1545,.T.);
#2050=ORIENTED_EDGE('',*,*,#1546,.T.);
#2051=ORIENTED_EDGE('',*,*,#1541,.F.);
#2052=ORIENTED_EDGE('',*,*,#1547,.F.);
#2053=ORIENTED_EDGE('',*,*,#1548,.T.);
#2054=ORIENTED_EDGE('',*,*,#1549,.T.);
#2055=ORIENTED_EDGE('',*,*,#1545,.F.);
#2056=ORIENTED_EDGE('',*,*,#1550,.F.);
#2057=ORIENTED_EDGE('',*,*,#1543,.T.);
#2058=ORIENTED_EDGE('',*,*,#1551,.T.);
#2059=ORIENTED_EDGE('',*,*,#1548,.F.);
#2060=ORIENTED_EDGE('',*,*,#1551,.F.);
#2061=ORIENTED_EDGE('',*,*,#1542,.F.);
#2062=ORIENTED_EDGE('',*,*,#1546,.F.);
#2063=ORIENTED_EDGE('',*,*,#1549,.F.);
#2064=ORIENTED_EDGE('',*,*,#1537,.F.);
#2065=ORIENTED_EDGE('',*,*,#1550,.T.);
#2066=ORIENTED_EDGE('',*,*,#1547,.T.);
#2067=ORIENTED_EDGE('',*,*,#1544,.F.);
#2068=ORIENTED_EDGE('',*,*,#1540,.T.);
#2069=ORIENTED_EDGE('',*,*,#1539,.T.);
#2070=ORIENTED_EDGE('',*,*,#1552,.F.);
#2071=ORIENTED_EDGE('',*,*,#1553,.T.);
#2072=ORIENTED_EDGE('',*,*,#1554,.T.);
#2073=ORIENTED_EDGE('',*,*,#1555,.F.);
#2074=ORIENTED_EDGE('',*,*,#1556,.F.);
#2075=ORIENTED_EDGE('',*,*,#1557,.T.);
#2076=ORIENTED_EDGE('',*,*,#1558,.T.);
#2077=ORIENTED_EDGE('',*,*,#1553,.F.);
#2078=ORIENTED_EDGE('',*,*,#1559,.T.);
#2079=ORIENTED_EDGE('',*,*,#1560,.T.);
#2080=ORIENTED_EDGE('',*,*,#1561,.T.);
#2081=ORIENTED_EDGE('',*,*,#1557,.F.);
#2082=ORIENTED_EDGE('',*,*,#1562,.T.);
#2083=ORIENTED_EDGE('',*,*,#1555,.T.);
#2084=ORIENTED_EDGE('',*,*,#1563,.T.);
#2085=ORIENTED_EDGE('',*,*,#1560,.F.);
#2086=ORIENTED_EDGE('',*,*,#1562,.F.);
#2087=ORIENTED_EDGE('',*,*,#1559,.F.);
#2088=ORIENTED_EDGE('',*,*,#1556,.T.);
#2089=ORIENTED_EDGE('',*,*,#1552,.T.);
#2090=ORIENTED_EDGE('',*,*,#1563,.F.);
#2091=ORIENTED_EDGE('',*,*,#1554,.F.);
#2092=ORIENTED_EDGE('',*,*,#1558,.F.);
#2093=ORIENTED_EDGE('',*,*,#1561,.F.);
#2094=ORIENTED_EDGE('',*,*,#1564,.T.);
#2095=ORIENTED_EDGE('',*,*,#1565,.T.);
#2096=ORIENTED_EDGE('',*,*,#1566,.T.);
#2097=ORIENTED_EDGE('',*,*,#1567,.F.);
#2098=ORIENTED_EDGE('',*,*,#1568,.F.);
#2099=ORIENTED_EDGE('',*,*,#1569,.T.);
#2100=ORIENTED_EDGE('',*,*,#1570,.T.);
#2101=ORIENTED_EDGE('',*,*,#1565,.F.);
#2102=ORIENTED_EDGE('',*,*,#1571,.F.);
#2103=ORIENTED_EDGE('',*,*,#1572,.T.);
#2104=ORIENTED_EDGE('',*,*,#1573,.T.);
#2105=ORIENTED_EDGE('',*,*,#1569,.F.);
#2106=ORIENTED_EDGE('',*,*,#1574,.T.);
#2107=ORIENTED_EDGE('',*,*,#1567,.T.);
#2108=ORIENTED_EDGE('',*,*,#1575,.T.);
#2109=ORIENTED_EDGE('',*,*,#1572,.F.);
#2110=ORIENTED_EDGE('',*,*,#1574,.F.);
#2111=ORIENTED_EDGE('',*,*,#1571,.T.);
#2112=ORIENTED_EDGE('',*,*,#1568,.T.);
#2113=ORIENTED_EDGE('',*,*,#1564,.F.);
#2114=ORIENTED_EDGE('',*,*,#1575,.F.);
#2115=ORIENTED_EDGE('',*,*,#1566,.F.);
#2116=ORIENTED_EDGE('',*,*,#1570,.F.);
#2117=ORIENTED_EDGE('',*,*,#1573,.F.);
#2118=ORIENTED_EDGE('',*,*,#1576,.F.);
#2119=ORIENTED_EDGE('',*,*,#1577,.T.);
#2120=ORIENTED_EDGE('',*,*,#1578,.T.);
#2121=ORIENTED_EDGE('',*,*,#1577,.F.);
#2122=ORIENTED_EDGE('',*,*,#1579,.F.);
#2123=ORIENTED_EDGE('',*,*,#1580,.T.);
#2124=ORIENTED_EDGE('',*,*,#1581,.T.);
#2125=ORIENTED_EDGE('',*,*,#1580,.F.);
#2126=ORIENTED_EDGE('',*,*,#1579,.T.);
#2127=ORIENTED_EDGE('',*,*,#1576,.T.);
#2128=ORIENTED_EDGE('',*,*,#1581,.F.);
#2129=ORIENTED_EDGE('',*,*,#1578,.F.);
#2130=ORIENTED_EDGE('',*,*,#1582,.F.);
#2131=ORIENTED_EDGE('',*,*,#1583,.T.);
#2132=ORIENTED_EDGE('',*,*,#1584,.T.);
#2133=ORIENTED_EDGE('',*,*,#1583,.F.);
#2134=ORIENTED_EDGE('',*,*,#1585,.F.);
#2135=ORIENTED_EDGE('',*,*,#1586,.T.);
#2136=ORIENTED_EDGE('',*,*,#1587,.T.);
#2137=ORIENTED_EDGE('',*,*,#1586,.F.);
#2138=ORIENTED_EDGE('',*,*,#1585,.T.);
#2139=ORIENTED_EDGE('',*,*,#1582,.T.);
#2140=ORIENTED_EDGE('',*,*,#1587,.F.);
#2141=ORIENTED_EDGE('',*,*,#1584,.F.);
#2142=ORIENTED_EDGE('',*,*,#1588,.F.);
#2143=ORIENTED_EDGE('',*,*,#1589,.T.);
#2144=ORIENTED_EDGE('',*,*,#1590,.F.);
#2145=ORIENTED_EDGE('',*,*,#1589,.F.);
#2146=ORIENTED_EDGE('',*,*,#1591,.F.);
#2147=ORIENTED_EDGE('',*,*,#1592,.T.);
#2148=ORIENTED_EDGE('',*,*,#1593,.F.);
#2149=ORIENTED_EDGE('',*,*,#1592,.F.);
#2150=ORIENTED_EDGE('',*,*,#1594,.F.);
#2151=ORIENTED_EDGE('',*,*,#1595,.T.);
#2152=ORIENTED_EDGE('',*,*,#1596,.F.);
#2153=ORIENTED_EDGE('',*,*,#1595,.F.);
#2154=ORIENTED_EDGE('',*,*,#1597,.F.);
#2155=ORIENTED_EDGE('',*,*,#1598,.T.);
#2156=ORIENTED_EDGE('',*,*,#1599,.F.);
#2157=ORIENTED_EDGE('',*,*,#1598,.F.);
#2158=ORIENTED_EDGE('',*,*,#1600,.F.);
#2159=ORIENTED_EDGE('',*,*,#1601,.T.);
#2160=ORIENTED_EDGE('',*,*,#1602,.F.);
#2161=ORIENTED_EDGE('',*,*,#1601,.F.);
#2162=ORIENTED_EDGE('',*,*,#1603,.F.);
#2163=ORIENTED_EDGE('',*,*,#1604,.T.);
#2164=ORIENTED_EDGE('',*,*,#1605,.F.);
#2165=ORIENTED_EDGE('',*,*,#1604,.F.);
#2166=ORIENTED_EDGE('',*,*,#1606,.T.);
#2167=ORIENTED_EDGE('',*,*,#1607,.T.);
#2168=ORIENTED_EDGE('',*,*,#1608,.T.);
#2169=ORIENTED_EDGE('',*,*,#1609,.T.);
#2170=ORIENTED_EDGE('',*,*,#1607,.F.);
#2171=ORIENTED_EDGE('',*,*,#1610,.F.);
#2172=ORIENTED_EDGE('',*,*,#1611,.F.);
#2173=ORIENTED_EDGE('',*,*,#1612,.T.);
#2174=ORIENTED_EDGE('',*,*,#1606,.F.);
#2175=ORIENTED_EDGE('',*,*,#1613,.T.);
#2176=ORIENTED_EDGE('',*,*,#1614,.F.);
#2177=ORIENTED_EDGE('',*,*,#1615,.T.);
#2178=ORIENTED_EDGE('',*,*,#1616,.T.);
#2179=ORIENTED_EDGE('',*,*,#1617,.T.);
#2180=ORIENTED_EDGE('',*,*,#1610,.T.);
#2181=ORIENTED_EDGE('',*,*,#1590,.T.);
#2182=ORIENTED_EDGE('',*,*,#1593,.T.);
#2183=ORIENTED_EDGE('',*,*,#1596,.T.);
#2184=ORIENTED_EDGE('',*,*,#1599,.T.);
#2185=ORIENTED_EDGE('',*,*,#1602,.T.);
#2186=ORIENTED_EDGE('',*,*,#1605,.T.);
#2187=ORIENTED_EDGE('',*,*,#1614,.T.);
#2188=ORIENTED_EDGE('',*,*,#1618,.T.);
#2189=ORIENTED_EDGE('',*,*,#1619,.T.);
#2190=ORIENTED_EDGE('',*,*,#1620,.T.);
#2191=ORIENTED_EDGE('',*,*,#1620,.F.);
#2192=ORIENTED_EDGE('',*,*,#1621,.T.);
#2193=ORIENTED_EDGE('',*,*,#1622,.T.);
#2194=ORIENTED_EDGE('',*,*,#1615,.F.);
#2195=ORIENTED_EDGE('',*,*,#1609,.F.);
#2196=ORIENTED_EDGE('',*,*,#1623,.F.);
#2197=ORIENTED_EDGE('',*,*,#1618,.F.);
#2198=ORIENTED_EDGE('',*,*,#1613,.F.);
#2199=ORIENTED_EDGE('',*,*,#1624,.F.);
#2200=ORIENTED_EDGE('',*,*,#1611,.T.);
#2201=ORIENTED_EDGE('',*,*,#1617,.F.);
#2202=ORIENTED_EDGE('',*,*,#1625,.F.);
#2203=ORIENTED_EDGE('',*,*,#1626,.T.);
#2204=ORIENTED_EDGE('',*,*,#1625,.T.);
#2205=ORIENTED_EDGE('',*,*,#1616,.F.);
#2206=ORIENTED_EDGE('',*,*,#1622,.F.);
#2207=ORIENTED_EDGE('',*,*,#1608,.F.);
#2208=ORIENTED_EDGE('',*,*,#1612,.F.);
#2209=ORIENTED_EDGE('',*,*,#1624,.T.);
#2210=ORIENTED_EDGE('',*,*,#1626,.F.);
#2211=ORIENTED_EDGE('',*,*,#1621,.F.);
#2212=ORIENTED_EDGE('',*,*,#1619,.F.);
#2213=ORIENTED_EDGE('',*,*,#1623,.T.);
#2214=ORIENTED_EDGE('',*,*,#1588,.T.);
#2215=ORIENTED_EDGE('',*,*,#1591,.T.);
#2216=ORIENTED_EDGE('',*,*,#1594,.T.);
#2217=ORIENTED_EDGE('',*,*,#1597,.T.);
#2218=ORIENTED_EDGE('',*,*,#1600,.T.);
#2219=ORIENTED_EDGE('',*,*,#1603,.T.);
#2220=ORIENTED_EDGE('',*,*,#1627,.F.);
#2221=ORIENTED_EDGE('',*,*,#1628,.T.);
#2222=ORIENTED_EDGE('',*,*,#1629,.F.);
#2223=ORIENTED_EDGE('',*,*,#1628,.F.);
#2224=ORIENTED_EDGE('',*,*,#1630,.F.);
#2225=ORIENTED_EDGE('',*,*,#1631,.T.);
#2226=ORIENTED_EDGE('',*,*,#1632,.F.);
#2227=ORIENTED_EDGE('',*,*,#1631,.F.);
#2228=ORIENTED_EDGE('',*,*,#1633,.F.);
#2229=ORIENTED_EDGE('',*,*,#1634,.T.);
#2230=ORIENTED_EDGE('',*,*,#1635,.F.);
#2231=ORIENTED_EDGE('',*,*,#1634,.F.);
#2232=ORIENTED_EDGE('',*,*,#1636,.F.);
#2233=ORIENTED_EDGE('',*,*,#1637,.T.);
#2234=ORIENTED_EDGE('',*,*,#1638,.F.);
#2235=ORIENTED_EDGE('',*,*,#1637,.F.);
#2236=ORIENTED_EDGE('',*,*,#1639,.F.);
#2237=ORIENTED_EDGE('',*,*,#1640,.T.);
#2238=ORIENTED_EDGE('',*,*,#1641,.F.);
#2239=ORIENTED_EDGE('',*,*,#1640,.F.);
#2240=ORIENTED_EDGE('',*,*,#1642,.F.);
#2241=ORIENTED_EDGE('',*,*,#1643,.T.);
#2242=ORIENTED_EDGE('',*,*,#1644,.F.);
#2243=ORIENTED_EDGE('',*,*,#1643,.F.);
#2244=ORIENTED_EDGE('',*,*,#1645,.T.);
#2245=ORIENTED_EDGE('',*,*,#1646,.T.);
#2246=ORIENTED_EDGE('',*,*,#1647,.T.);
#2247=ORIENTED_EDGE('',*,*,#1648,.T.);
#2248=ORIENTED_EDGE('',*,*,#1646,.F.);
#2249=ORIENTED_EDGE('',*,*,#1649,.F.);
#2250=ORIENTED_EDGE('',*,*,#1650,.F.);
#2251=ORIENTED_EDGE('',*,*,#1651,.T.);
#2252=ORIENTED_EDGE('',*,*,#1645,.F.);
#2253=ORIENTED_EDGE('',*,*,#1652,.T.);
#2254=ORIENTED_EDGE('',*,*,#1653,.F.);
#2255=ORIENTED_EDGE('',*,*,#1654,.T.);
#2256=ORIENTED_EDGE('',*,*,#1655,.T.);
#2257=ORIENTED_EDGE('',*,*,#1656,.T.);
#2258=ORIENTED_EDGE('',*,*,#1649,.T.);
#2259=ORIENTED_EDGE('',*,*,#1627,.T.);
#2260=ORIENTED_EDGE('',*,*,#1630,.T.);
#2261=ORIENTED_EDGE('',*,*,#1633,.T.);
#2262=ORIENTED_EDGE('',*,*,#1636,.T.);
#2263=ORIENTED_EDGE('',*,*,#1639,.T.);
#2264=ORIENTED_EDGE('',*,*,#1642,.T.);
#2265=ORIENTED_EDGE('',*,*,#1653,.T.);
#2266=ORIENTED_EDGE('',*,*,#1657,.T.);
#2267=ORIENTED_EDGE('',*,*,#1658,.T.);
#2268=ORIENTED_EDGE('',*,*,#1659,.T.);
#2269=ORIENTED_EDGE('',*,*,#1659,.F.);
#2270=ORIENTED_EDGE('',*,*,#1660,.T.);
#2271=ORIENTED_EDGE('',*,*,#1661,.T.);
#2272=ORIENTED_EDGE('',*,*,#1654,.F.);
#2273=ORIENTED_EDGE('',*,*,#1648,.F.);
#2274=ORIENTED_EDGE('',*,*,#1662,.F.);
#2275=ORIENTED_EDGE('',*,*,#1657,.F.);
#2276=ORIENTED_EDGE('',*,*,#1652,.F.);
#2277=ORIENTED_EDGE('',*,*,#1663,.F.);
#2278=ORIENTED_EDGE('',*,*,#1650,.T.);
#2279=ORIENTED_EDGE('',*,*,#1656,.F.);
#2280=ORIENTED_EDGE('',*,*,#1664,.F.);
#2281=ORIENTED_EDGE('',*,*,#1665,.T.);
#2282=ORIENTED_EDGE('',*,*,#1664,.T.);
#2283=ORIENTED_EDGE('',*,*,#1655,.F.);
#2284=ORIENTED_EDGE('',*,*,#1661,.F.);
#2285=ORIENTED_EDGE('',*,*,#1647,.F.);
#2286=ORIENTED_EDGE('',*,*,#1651,.F.);
#2287=ORIENTED_EDGE('',*,*,#1663,.T.);
#2288=ORIENTED_EDGE('',*,*,#1665,.F.);
#2289=ORIENTED_EDGE('',*,*,#1660,.F.);
#2290=ORIENTED_EDGE('',*,*,#1658,.F.);
#2291=ORIENTED_EDGE('',*,*,#1662,.T.);
#2292=ORIENTED_EDGE('',*,*,#1629,.T.);
#2293=ORIENTED_EDGE('',*,*,#1632,.T.);
#2294=ORIENTED_EDGE('',*,*,#1635,.T.);
#2295=ORIENTED_EDGE('',*,*,#1638,.T.);
#2296=ORIENTED_EDGE('',*,*,#1641,.T.);
#2297=ORIENTED_EDGE('',*,*,#1644,.T.);
#2298=CYLINDRICAL_SURFACE('',#2614,3.00000000000001);
#2299=CYLINDRICAL_SURFACE('',#2617,3.);
#2300=CYLINDRICAL_SURFACE('',#2620,3.00000000000001);
#2301=CYLINDRICAL_SURFACE('',#2623,3.00000000000001);
#2302=CYLINDRICAL_SURFACE('',#2626,3.);
#2303=CYLINDRICAL_SURFACE('',#2629,3.00000000000001);
#2304=CYLINDRICAL_SURFACE('',#2632,4.);
#2305=CYLINDRICAL_SURFACE('',#2635,325.);
#2306=CYLINDRICAL_SURFACE('',#2641,2.99999999999997);
#2307=CYLINDRICAL_SURFACE('',#2644,3.00000000000004);
#2308=CYLINDRICAL_SURFACE('',#2647,3.00000000000002);
#2309=CYLINDRICAL_SURFACE('',#2650,3.);
#2310=CYLINDRICAL_SURFACE('',#2653,293.865025381145);
#2311=CYLINDRICAL_SURFACE('',#2704,3.15);
#2312=CYLINDRICAL_SURFACE('',#2707,40.);
#2313=CYLINDRICAL_SURFACE('',#2711,20.);
#2314=CYLINDRICAL_SURFACE('',#2718,212.132034355964);
#2315=CYLINDRICAL_SURFACE('',#2722,220.132034355964);
#2316=CYLINDRICAL_SURFACE('',#2729,212.132034355964);
#2317=CYLINDRICAL_SURFACE('',#2733,220.132034355964);
#2318=CYLINDRICAL_SURFACE('',#2739,3.15);
#2319=CYLINDRICAL_SURFACE('',#2742,40.);
#2320=CYLINDRICAL_SURFACE('',#2746,20.);
#2321=CYLINDRICAL_SURFACE('',#2753,212.132034355964);
#2322=CYLINDRICAL_SURFACE('',#2757,220.132034355964);
#2323=CYLINDRICAL_SURFACE('',#2764,212.132034355964);
#2324=CYLINDRICAL_SURFACE('',#2768,220.132034355964);
#2325=CYLINDRICAL_SURFACE('',#2774,4.);
#2326=CYLINDRICAL_SURFACE('',#2777,50.);
#2327=CYLINDRICAL_SURFACE('',#2783,4.);
#2328=CYLINDRICAL_SURFACE('',#2786,225.);
#2329=CYLINDRICAL_SURFACE('',#2791,2.99999999999999);
#2330=CYLINDRICAL_SURFACE('',#2794,3.15);
#2331=CYLINDRICAL_SURFACE('',#2797,3.);
#2332=CYLINDRICAL_SURFACE('',#2800,3.00000000000001);
#2333=CYLINDRICAL_SURFACE('',#2803,3.00000000000001);
#2334=CYLINDRICAL_SURFACE('',#2806,2.99999999999999);
#2335=CYLINDRICAL_SURFACE('',#2809,5.);
#2336=CYLINDRICAL_SURFACE('',#2812,628.243779729654);
#2337=CYLINDRICAL_SURFACE('',#2819,5.);
#2338=CYLINDRICAL_SURFACE('',#2821,628.243779729654);
#2339=CYLINDRICAL_SURFACE('',#2823,220.132034355964);
#2340=CYLINDRICAL_SURFACE('',#2828,2.99999999999999);
#2341=CYLINDRICAL_SURFACE('',#2831,3.00000000000001);
#2342=CYLINDRICAL_SURFACE('',#2834,3.);
#2343=CYLINDRICAL_SURFACE('',#2837,2.99999999999999);
#2344=CYLINDRICAL_SURFACE('',#2840,3.00000000000001);
#2345=CYLINDRICAL_SURFACE('',#2843,3.15);
#2346=CYLINDRICAL_SURFACE('',#2846,5.);
#2347=CYLINDRICAL_SURFACE('',#2849,628.243779729654);
#2348=CYLINDRICAL_SURFACE('',#2856,5.);
#2349=CYLINDRICAL_SURFACE('',#2858,628.243779729654);
#2350=CYLINDRICAL_SURFACE('',#2860,220.132034355964);
#2351=ADVANCED_FACE('',(#282),#2298,.F.);
#2352=ADVANCED_FACE('',(#283),#2299,.F.);
#2353=ADVANCED_FACE('',(#284),#2300,.F.);
#2354=ADVANCED_FACE('',(#285),#2301,.F.);
#2355=ADVANCED_FACE('',(#286),#2302,.F.);
#2356=ADVANCED_FACE('',(#287),#2303,.F.);
#2357=ADVANCED_FACE('',(#288),#2304,.F.);
#2358=ADVANCED_FACE('',(#289),#2305,.T.);
#2359=ADVANCED_FACE('',(#290,#137,#138,#139,#140,#141,#142,#143),#199,.T.);
#2360=ADVANCED_FACE('',(#291,#144,#145,#146,#147,#148,#149,#150),#200,.F.);
#2361=ADVANCED_FACE('',(#292),#2306,.F.);
#2362=ADVANCED_FACE('',(#293),#2307,.F.);
#2363=ADVANCED_FACE('',(#294),#2308,.F.);
#2364=ADVANCED_FACE('',(#295),#2309,.F.);
#2365=ADVANCED_FACE('',(#296),#2310,.T.);
#2366=ADVANCED_FACE('',(#297),#201,.T.);
#2367=ADVANCED_FACE('',(#298),#202,.T.);
#2368=ADVANCED_FACE('',(#299),#203,.T.);
#2369=ADVANCED_FACE('',(#300,#151,#152,#153,#154),#204,.T.);
#2370=ADVANCED_FACE('',(#301,#155,#156,#157,#158),#205,.F.);
#2371=ADVANCED_FACE('',(#302),#206,.F.);
#2372=ADVANCED_FACE('',(#303),#207,.F.);
#2373=ADVANCED_FACE('',(#304),#208,.F.);
#2374=ADVANCED_FACE('',(#305),#209,.F.);
#2375=ADVANCED_FACE('',(#306),#210,.F.);
#2376=ADVANCED_FACE('',(#307),#211,.F.);
#2377=ADVANCED_FACE('',(#308),#212,.F.);
#2378=ADVANCED_FACE('',(#309),#213,.F.);
#2379=ADVANCED_FACE('',(#310),#214,.F.);
#2380=ADVANCED_FACE('',(#311),#215,.F.);
#2381=ADVANCED_FACE('',(#312,#159),#216,.T.);
#2382=ADVANCED_FACE('',(#313,#160),#217,.T.);
#2383=ADVANCED_FACE('',(#314),#218,.T.);
#2384=ADVANCED_FACE('',(#315),#219,.T.);
#2385=ADVANCED_FACE('',(#316),#220,.T.);
#2386=ADVANCED_FACE('',(#317),#221,.T.);
#2387=ADVANCED_FACE('',(#318,#161),#222,.T.);
#2388=ADVANCED_FACE('',(#319),#223,.T.);
#2389=ADVANCED_FACE('',(#320),#224,.T.);
#2390=ADVANCED_FACE('',(#321,#162),#225,.F.);
#2391=ADVANCED_FACE('',(#322),#226,.T.);
#2392=ADVANCED_FACE('',(#323),#227,.T.);
#2393=ADVANCED_FACE('',(#324),#228,.T.);
#2394=ADVANCED_FACE('',(#325),#229,.T.);
#2395=ADVANCED_FACE('',(#326),#230,.T.);
#2396=ADVANCED_FACE('',(#327),#231,.T.);
#2397=ADVANCED_FACE('',(#328),#232,.T.);
#2398=ADVANCED_FACE('',(#329),#233,.T.);
#2399=ADVANCED_FACE('',(#330),#234,.T.);
#2400=ADVANCED_FACE('',(#331),#235,.T.);
#2401=ADVANCED_FACE('',(#332,#163),#236,.F.);
#2402=ADVANCED_FACE('',(#333,#164),#237,.F.);
#2403=ADVANCED_FACE('',(#334),#238,.F.);
#2404=ADVANCED_FACE('',(#335),#239,.F.);
#2405=ADVANCED_FACE('',(#336),#240,.F.);
#2406=ADVANCED_FACE('',(#337),#241,.F.);
#2407=ADVANCED_FACE('',(#338,#165),#242,.F.);
#2408=ADVANCED_FACE('',(#339),#243,.F.);
#2409=ADVANCED_FACE('',(#340),#244,.F.);
#2410=ADVANCED_FACE('',(#341,#166),#245,.T.);
#2411=ADVANCED_FACE('',(#342),#2311,.F.);
#2412=ADVANCED_FACE('',(#343),#2312,.T.);
#2413=ADVANCED_FACE('',(#344),#246,.T.);
#2414=ADVANCED_FACE('',(#345),#2313,.T.);
#2415=ADVANCED_FACE('',(#346),#247,.T.);
#2416=ADVANCED_FACE('',(#347,#167),#248,.T.);
#2417=ADVANCED_FACE('',(#348,#168),#249,.F.);
#2418=ADVANCED_FACE('',(#349),#2314,.F.);
#2419=ADVANCED_FACE('',(#350),#250,.T.);
#2420=ADVANCED_FACE('',(#351),#2315,.T.);
#2421=ADVANCED_FACE('',(#352),#251,.T.);
#2422=ADVANCED_FACE('',(#353),#252,.T.);
#2423=ADVANCED_FACE('',(#354),#253,.F.);
#2424=ADVANCED_FACE('',(#355),#254,.T.);
#2425=ADVANCED_FACE('',(#356),#2316,.F.);
#2426=ADVANCED_FACE('',(#357),#255,.T.);
#2427=ADVANCED_FACE('',(#358),#2317,.T.);
#2428=ADVANCED_FACE('',(#359),#256,.T.);
#2429=ADVANCED_FACE('',(#360),#257,.F.);
#2430=ADVANCED_FACE('',(#361),#2318,.F.);
#2431=ADVANCED_FACE('',(#362),#2319,.T.);
#2432=ADVANCED_FACE('',(#363),#258,.F.);
#2433=ADVANCED_FACE('',(#364),#2320,.T.);
#2434=ADVANCED_FACE('',(#365),#259,.F.);
#2435=ADVANCED_FACE('',(#366,#169),#260,.F.);
#2436=ADVANCED_FACE('',(#367,#170),#261,.T.);
#2437=ADVANCED_FACE('',(#368),#2321,.F.);
#2438=ADVANCED_FACE('',(#369),#262,.F.);
#2439=ADVANCED_FACE('',(#370),#2322,.T.);
#2440=ADVANCED_FACE('',(#371),#263,.F.);
#2441=ADVANCED_FACE('',(#372),#264,.F.);
#2442=ADVANCED_FACE('',(#373),#265,.T.);
#2443=ADVANCED_FACE('',(#374),#266,.F.);
#2444=ADVANCED_FACE('',(#375),#2323,.F.);
#2445=ADVANCED_FACE('',(#376),#267,.F.);
#2446=ADVANCED_FACE('',(#377),#2324,.T.);
#2447=ADVANCED_FACE('',(#378),#268,.F.);
#2448=ADVANCED_FACE('',(#379),#269,.T.);
#2449=ADVANCED_FACE('',(#380),#2325,.F.);
#2450=ADVANCED_FACE('',(#381),#2326,.T.);
#2451=ADVANCED_FACE('',(#382,#171),#270,.T.);
#2452=ADVANCED_FACE('',(#383,#172),#271,.F.);
#2453=ADVANCED_FACE('',(#384),#2327,.F.);
#2454=ADVANCED_FACE('',(#385),#2328,.T.);
#2455=ADVANCED_FACE('',(#386,#173),#272,.T.);
#2456=ADVANCED_FACE('',(#387,#174),#273,.F.);
#2457=ADVANCED_FACE('',(#388),#2329,.F.);
#2458=ADVANCED_FACE('',(#389),#2330,.F.);
#2459=ADVANCED_FACE('',(#390),#2331,.F.);
#2460=ADVANCED_FACE('',(#391),#2332,.F.);
#2461=ADVANCED_FACE('',(#392),#2333,.F.);
#2462=ADVANCED_FACE('',(#393),#2334,.F.);
#2463=ADVANCED_FACE('',(#394),#2335,.T.);
#2464=ADVANCED_FACE('',(#395),#2336,.T.);
#2465=ADVANCED_FACE('',(#396,#175,#176,#177,#178,#179,#180),#274,.T.);
#2466=ADVANCED_FACE('',(#397),#2337,.T.);
#2467=ADVANCED_FACE('',(#398),#2338,.T.);
#2468=ADVANCED_FACE('',(#399),#2339,.F.);
#2469=ADVANCED_FACE('',(#400),#275,.T.);
#2470=ADVANCED_FACE('',(#401),#276,.T.);
#2471=ADVANCED_FACE('',(#402,#181,#182,#183,#184,#185,#186),#277,.F.);
#2472=ADVANCED_FACE('',(#403),#2340,.F.);
#2473=ADVANCED_FACE('',(#404),#2341,.F.);
#2474=ADVANCED_FACE('',(#405),#2342,.F.);
#2475=ADVANCED_FACE('',(#406),#2343,.F.);
#2476=ADVANCED_FACE('',(#407),#2344,.F.);
#2477=ADVANCED_FACE('',(#408),#2345,.F.);
#2478=ADVANCED_FACE('',(#409),#2346,.T.);
#2479=ADVANCED_FACE('',(#410),#2347,.T.);
#2480=ADVANCED_FACE('',(#411,#187,#188,#189,#190,#191,#192),#278,.T.);
#2481=ADVANCED_FACE('',(#412),#2348,.T.);
#2482=ADVANCED_FACE('',(#413),#2349,.T.);
#2483=ADVANCED_FACE('',(#414),#2350,.F.);
#2484=ADVANCED_FACE('',(#415),#279,.T.);
#2485=ADVANCED_FACE('',(#416),#280,.T.);
#2486=ADVANCED_FACE('',(#417,#193,#194,#195,#196,#197,#198),#281,.F.);
#2487=CLOSED_SHELL('',(#2351,#2352,#2353,#2354,#2355,#2356,#2357,#2358,
#2359,#2360));
#2488=CLOSED_SHELL('',(#2361,#2362,#2363,#2364,#2365,#2366,#2367,#2368,
#2369,#2370));
#2489=CLOSED_SHELL('',(#2371,#2372,#2373,#2374,#2375,#2376,#2377,#2378,
#2379,#2380,#2381,#2382,#2383,#2384,#2385,#2386,#2387,#2388,#2389,#2390));
#2490=CLOSED_SHELL('',(#2391,#2392,#2393,#2394,#2395,#2396,#2397,#2398,
#2399,#2400,#2401,#2402,#2403,#2404,#2405,#2406,#2407,#2408,#2409,#2410));
#2491=CLOSED_SHELL('',(#2411,#2412,#2413,#2414,#2415,#2416,#2417));
#2492=CLOSED_SHELL('',(#2418,#2419,#2420,#2421,#2422,#2423));
#2493=CLOSED_SHELL('',(#2424,#2425,#2426,#2427,#2428,#2429));
#2494=CLOSED_SHELL('',(#2430,#2431,#2432,#2433,#2434,#2435,#2436));
#2495=CLOSED_SHELL('',(#2437,#2438,#2439,#2440,#2441,#2442));
#2496=CLOSED_SHELL('',(#2443,#2444,#2445,#2446,#2447,#2448));
#2497=CLOSED_SHELL('',(#2449,#2450,#2451,#2452));
#2498=CLOSED_SHELL('',(#2453,#2454,#2455,#2456));
#2499=CLOSED_SHELL('',(#2457,#2458,#2459,#2460,#2461,#2462,#2463,#2464,
#2465,#2466,#2467,#2468,#2469,#2470,#2471));
#2500=CLOSED_SHELL('',(#2472,#2473,#2474,#2475,#2476,#2477,#2478,#2479,
#2480,#2481,#2482,#2483,#2484,#2485,#2486));
#2501=DERIVED_UNIT_ELEMENT(#2521,1.);
#2502=DERIVED_UNIT_ELEMENT(#4353,-3.);
#2503=DERIVED_UNIT_ELEMENT(#2521,1.);
#2504=DERIVED_UNIT_ELEMENT(#4353,-3.);
#2505=DERIVED_UNIT_ELEMENT(#2521,1.);
#2506=DERIVED_UNIT_ELEMENT(#4353,-3.);
#2507=DERIVED_UNIT_ELEMENT(#2521,1.);
#2508=DERIVED_UNIT_ELEMENT(#4353,-3.);
#2509=DERIVED_UNIT_ELEMENT(#2521,1.);
#2510=DERIVED_UNIT_ELEMENT(#4353,-3.);
#2511=DERIVED_UNIT_ELEMENT(#2521,1.);
#2512=DERIVED_UNIT_ELEMENT(#4353,-3.);
#2513=DERIVED_UNIT_ELEMENT(#2521,1.);
#2514=DERIVED_UNIT_ELEMENT(#4353,-3.);
#2515=DERIVED_UNIT_ELEMENT(#2521,1.);
#2516=DERIVED_UNIT_ELEMENT(#4353,-3.);
#2517=DERIVED_UNIT_ELEMENT(#2521,1.);
#2518=DERIVED_UNIT_ELEMENT(#4353,-3.);
#2519=DERIVED_UNIT_ELEMENT(#2521,1.);
#2520=DERIVED_UNIT_ELEMENT(#4353,-3.);
#2521=(
MASS_UNIT()
NAMED_UNIT(*)
SI_UNIT(.KILO.,.GRAM.)
);
#2522=DERIVED_UNIT((#2501,#2502));
#2523=DERIVED_UNIT((#2503,#2504));
#2524=DERIVED_UNIT((#2505,#2506));
#2525=DERIVED_UNIT((#2507,#2508));
#2526=DERIVED_UNIT((#2509,#2510));
#2527=DERIVED_UNIT((#2511,#2512));
#2528=DERIVED_UNIT((#2513,#2514));
#2529=DERIVED_UNIT((#2515,#2516));
#2530=DERIVED_UNIT((#2517,#2518));
#2531=DERIVED_UNIT((#2519,#2520));
#2532=MEASURE_REPRESENTATION_ITEM('density measure',
POSITIVE_RATIO_MEASURE(7850.),#2522);
#2533=MEASURE_REPRESENTATION_ITEM('density measure',
POSITIVE_RATIO_MEASURE(7850.),#2523);
#2534=MEASURE_REPRESENTATION_ITEM('density measure',
POSITIVE_RATIO_MEASURE(7850.),#2524);
#2535=MEASURE_REPRESENTATION_ITEM('density measure',
POSITIVE_RATIO_MEASURE(7850.),#2525);
#2536=MEASURE_REPRESENTATION_ITEM('density measure',
POSITIVE_RATIO_MEASURE(7850.),#2526);
#2537=MEASURE_REPRESENTATION_ITEM('density measure',
POSITIVE_RATIO_MEASURE(7850.),#2527);
#2538=MEASURE_REPRESENTATION_ITEM('density measure',
POSITIVE_RATIO_MEASURE(7850.),#2528);
#2539=MEASURE_REPRESENTATION_ITEM('density measure',
POSITIVE_RATIO_MEASURE(7850.),#2529);
#2540=MEASURE_REPRESENTATION_ITEM('density measure',
POSITIVE_RATIO_MEASURE(7850.),#2530);
#2541=MEASURE_REPRESENTATION_ITEM('density measure',
POSITIVE_RATIO_MEASURE(7850.),#2531);
#2542=PROPERTY_DEFINITION_REPRESENTATION(#2592,#2562);
#2543=PROPERTY_DEFINITION_REPRESENTATION(#2593,#2563);
#2544=PROPERTY_DEFINITION_REPRESENTATION(#2594,#2564);
#2545=PROPERTY_DEFINITION_REPRESENTATION(#2595,#2565);
#2546=PROPERTY_DEFINITION_REPRESENTATION(#2596,#2566);
#2547=PROPERTY_DEFINITION_REPRESENTATION(#2597,#2567);
#2548=PROPERTY_DEFINITION_REPRESENTATION(#2598,#2568);
#2549=PROPERTY_DEFINITION_REPRESENTATION(#2599,#2569);
#2550=PROPERTY_DEFINITION_REPRESENTATION(#2600,#2570);
#2551=PROPERTY_DEFINITION_REPRESENTATION(#2601,#2571);
#2552=PROPERTY_DEFINITION_REPRESENTATION(#2602,#2572);
#2553=PROPERTY_DEFINITION_REPRESENTATION(#2603,#2573);
#2554=PROPERTY_DEFINITION_REPRESENTATION(#2604,#2574);
#2555=PROPERTY_DEFINITION_REPRESENTATION(#2605,#2575);
#2556=PROPERTY_DEFINITION_REPRESENTATION(#2606,#2576);
#2557=PROPERTY_DEFINITION_REPRESENTATION(#2607,#2577);
#2558=PROPERTY_DEFINITION_REPRESENTATION(#2608,#2578);
#2559=PROPERTY_DEFINITION_REPRESENTATION(#2609,#2579);
#2560=PROPERTY_DEFINITION_REPRESENTATION(#2610,#2580);
#2561=PROPERTY_DEFINITION_REPRESENTATION(#2611,#2581);
#2562=REPRESENTATION('material name',(#2582),#4341);
#2563=REPRESENTATION('density',(#2532),#4341);
#2564=REPRESENTATION('material name',(#2583),#4342);
#2565=REPRESENTATION('density',(#2533),#4342);
#2566=REPRESENTATION('material name',(#2584),#4343);
#2567=REPRESENTATION('density',(#2534),#4343);
#2568=REPRESENTATION('material name',(#2585),#4344);
#2569=REPRESENTATION('density',(#2535),#4344);
#2570=REPRESENTATION('material name',(#2586),#4345);
#2571=REPRESENTATION('density',(#2536),#4345);
#2572=REPRESENTATION('material name',(#2587),#4346);
#2573=REPRESENTATION('density',(#2537),#4346);
#2574=REPRESENTATION('material name',(#2588),#4347);
#2575=REPRESENTATION('density',(#2538),#4347);
#2576=REPRESENTATION('material name',(#2589),#4348);
#2577=REPRESENTATION('density',(#2539),#4348);
#2578=REPRESENTATION('material name',(#2590),#4349);
#2579=REPRESENTATION('density',(#2540),#4349);
#2580=REPRESENTATION('material name',(#2591),#4350);
#2581=REPRESENTATION('density',(#2541),#4350);
#2582=DESCRIPTIVE_REPRESENTATION_ITEM('Steel','Steel');
#2583=DESCRIPTIVE_REPRESENTATION_ITEM('Steel','Steel');
#2584=DESCRIPTIVE_REPRESENTATION_ITEM('Steel','Steel');
#2585=DESCRIPTIVE_REPRESENTATION_ITEM('Steel','Steel');
#2586=DESCRIPTIVE_REPRESENTATION_ITEM('Steel','Steel');
#2587=DESCRIPTIVE_REPRESENTATION_ITEM('Steel','Steel');
#2588=DESCRIPTIVE_REPRESENTATION_ITEM('Steel','Steel');
#2589=DESCRIPTIVE_REPRESENTATION_ITEM('Steel','Steel');
#2590=DESCRIPTIVE_REPRESENTATION_ITEM('Steel','Steel');
#2591=DESCRIPTIVE_REPRESENTATION_ITEM('Steel','Steel');
#2592=PROPERTY_DEFINITION('material property','material name',#4410);
#2593=PROPERTY_DEFINITION('material property','density of part',#4410);
#2594=PROPERTY_DEFINITION('material property','material name',#4411);
#2595=PROPERTY_DEFINITION('material property','density of part',#4411);
#2596=PROPERTY_DEFINITION('material property','material name',#4412);
#2597=PROPERTY_DEFINITION('material property','density of part',#4412);
#2598=PROPERTY_DEFINITION('material property','material name',#4413);
#2599=PROPERTY_DEFINITION('material property','density of part',#4413);
#2600=PROPERTY_DEFINITION('material property','material name',#4414);
#2601=PROPERTY_DEFINITION('material property','density of part',#4414);
#2602=PROPERTY_DEFINITION('material property','material name',#4415);
#2603=PROPERTY_DEFINITION('material property','density of part',#4415);
#2604=PROPERTY_DEFINITION('material property','material name',#4416);
#2605=PROPERTY_DEFINITION('material property','density of part',#4416);
#2606=PROPERTY_DEFINITION('material property','material name',#4417);
#2607=PROPERTY_DEFINITION('material property','density of part',#4417);
#2608=PROPERTY_DEFINITION('material property','material name',#4418);
#2609=PROPERTY_DEFINITION('material property','density of part',#4418);
#2610=PROPERTY_DEFINITION('material property','material name',#4419);
#2611=PROPERTY_DEFINITION('material property','density of part',#4419);
#2612=AXIS2_PLACEMENT_3D('',#3638,#2884,#2885);
#2613=AXIS2_PLACEMENT_3D('',#3639,#2886,#2887);
#2614=AXIS2_PLACEMENT_3D('',#3640,#2888,#2889);
#2615=AXIS2_PLACEMENT_3D('',#3642,#2890,#2891);
#2616=AXIS2_PLACEMENT_3D('',#3645,#2893,#2894);
#2617=AXIS2_PLACEMENT_3D('',#3646,#2895,#2896);
#2618=AXIS2_PLACEMENT_3D('',#3648,#2897,#2898);
#2619=AXIS2_PLACEMENT_3D('',#3651,#2900,#2901);
#2620=AXIS2_PLACEMENT_3D('',#3652,#2902,#2903);
#2621=AXIS2_PLACEMENT_3D('',#3654,#2904,#2905);
#2622=AXIS2_PLACEMENT_3D('',#3657,#2907,#2908);
#2623=AXIS2_PLACEMENT_3D('',#3658,#2909,#2910);
#2624=AXIS2_PLACEMENT_3D('',#3660,#2911,#2912);
#2625=AXIS2_PLACEMENT_3D('',#3663,#2914,#2915);
#2626=AXIS2_PLACEMENT_3D('',#3664,#2916,#2917);
#2627=AXIS2_PLACEMENT_3D('',#3666,#2918,#2919);
#2628=AXIS2_PLACEMENT_3D('',#3669,#2921,#2922);
#2629=AXIS2_PLACEMENT_3D('',#3670,#2923,#2924);
#2630=AXIS2_PLACEMENT_3D('',#3672,#2925,#2926);
#2631=AXIS2_PLACEMENT_3D('',#3675,#2928,#2929);
#2632=AXIS2_PLACEMENT_3D('',#3676,#2930,#2931);
#2633=AXIS2_PLACEMENT_3D('',#3678,#2932,#2933);
#2634=AXIS2_PLACEMENT_3D('',#3681,#2935,#2936);
#2635=AXIS2_PLACEMENT_3D('',#3682,#2937,#2938);
#2636=AXIS2_PLACEMENT_3D('',#3684,#2939,#2940);
#2637=AXIS2_PLACEMENT_3D('',#3687,#2942,#2943);
#2638=AXIS2_PLACEMENT_3D('',#3688,#2944,#2945);
#2639=AXIS2_PLACEMENT_3D('',#3689,#2946,#2947);
#2640=AXIS2_PLACEMENT_3D('',#3690,#2948,#2949);
#2641=AXIS2_PLACEMENT_3D('',#3691,#2950,#2951);
#2642=AXIS2_PLACEMENT_3D('',#3693,#2952,#2953);
#2643=AXIS2_PLACEMENT_3D('',#3696,#2955,#2956);
#2644=AXIS2_PLACEMENT_3D('',#3697,#2957,#2958);
#2645=AXIS2_PLACEMENT_3D('',#3699,#2959,#2960);
#2646=AXIS2_PLACEMENT_3D('',#3702,#2962,#2963);
#2647=AXIS2_PLACEMENT_3D('',#3703,#2964,#2965);
#2648=AXIS2_PLACEMENT_3D('',#3705,#2966,#2967);
#2649=AXIS2_PLACEMENT_3D('',#3708,#2969,#2970);
#2650=AXIS2_PLACEMENT_3D('',#3709,#2971,#2972);
#2651=AXIS2_PLACEMENT_3D('',#3711,#2973,#2974);
#2652=AXIS2_PLACEMENT_3D('',#3714,#2976,#2977);
#2653=AXIS2_PLACEMENT_3D('',#3715,#2978,#2979);
#2654=AXIS2_PLACEMENT_3D('',#3718,#2980,#2981);
#2655=AXIS2_PLACEMENT_3D('',#3722,#2983,#2984);
#2656=AXIS2_PLACEMENT_3D('',#3724,#2986,#2987);
#2657=AXIS2_PLACEMENT_3D('',#3730,#2991,#2992);
#2658=AXIS2_PLACEMENT_3D('',#3736,#2996,#2997);
#2659=AXIS2_PLACEMENT_3D('',#3739,#3000,#3001);
#2660=AXIS2_PLACEMENT_3D('',#3740,#3002,#3003);
#2661=AXIS2_PLACEMENT_3D('',#3741,#3004,#3005);
#2662=AXIS2_PLACEMENT_3D('',#3742,#3006,#3007);
#2663=AXIS2_PLACEMENT_3D('',#3751,#3012,#3013);
#2664=AXIS2_PLACEMENT_3D('',#3757,#3017,#3018);
#2665=AXIS2_PLACEMENT_3D('',#3763,#3022,#3023);
#2666=AXIS2_PLACEMENT_3D('',#3766,#3026,#3027);
#2667=AXIS2_PLACEMENT_3D('',#3775,#3032,#3033);
#2668=AXIS2_PLACEMENT_3D('',#3781,#3037,#3038);
#2669=AXIS2_PLACEMENT_3D('',#3787,#3042,#3043);
#2670=AXIS2_PLACEMENT_3D('',#3790,#3046,#3047);
#2671=AXIS2_PLACEMENT_3D('',#3799,#3052,#3053);
#2672=AXIS2_PLACEMENT_3D('',#3803,#3056,#3057);
#2673=AXIS2_PLACEMENT_3D('',#3809,#3061,#3062);
#2674=AXIS2_PLACEMENT_3D('',#3813,#3065,#3066);
#2675=AXIS2_PLACEMENT_3D('',#3820,#3071,#3072);
#2676=AXIS2_PLACEMENT_3D('',#3821,#3073,#3074);
#2677=AXIS2_PLACEMENT_3D('',#3827,#3078,#3079);
#2678=AXIS2_PLACEMENT_3D('',#3833,#3083,#3084);
#2679=AXIS2_PLACEMENT_3D('',#3837,#3087,#3088);
#2680=AXIS2_PLACEMENT_3D('',#3841,#3091,#3092);
#2681=AXIS2_PLACEMENT_3D('',#3843,#3094,#3095);
#2682=AXIS2_PLACEMENT_3D('',#3844,#3096,#3097);
#2683=AXIS2_PLACEMENT_3D('',#3845,#3098,#3099);
#2684=AXIS2_PLACEMENT_3D('',#3854,#3104,#3105);
#2685=AXIS2_PLACEMENT_3D('',#3860,#3109,#3110);
#2686=AXIS2_PLACEMENT_3D('',#3866,#3114,#3115);
#2687=AXIS2_PLACEMENT_3D('',#3869,#3118,#3119);
#2688=AXIS2_PLACEMENT_3D('',#3878,#3124,#3125);
#2689=AXIS2_PLACEMENT_3D('',#3884,#3129,#3130);
#2690=AXIS2_PLACEMENT_3D('',#3890,#3134,#3135);
#2691=AXIS2_PLACEMENT_3D('',#3893,#3138,#3139);
#2692=AXIS2_PLACEMENT_3D('',#3902,#3144,#3145);
#2693=AXIS2_PLACEMENT_3D('',#3906,#3148,#3149);
#2694=AXIS2_PLACEMENT_3D('',#3912,#3153,#3154);
#2695=AXIS2_PLACEMENT_3D('',#3916,#3157,#3158);
#2696=AXIS2_PLACEMENT_3D('',#3923,#3163,#3164);
#2697=AXIS2_PLACEMENT_3D('',#3924,#3165,#3166);
#2698=AXIS2_PLACEMENT_3D('',#3930,#3170,#3171);
#2699=AXIS2_PLACEMENT_3D('',#3936,#3175,#3176);
#2700=AXIS2_PLACEMENT_3D('',#3940,#3179,#3180);
#2701=AXIS2_PLACEMENT_3D('',#3944,#3183,#3184);
#2702=AXIS2_PLACEMENT_3D('',#3946,#3186,#3187);
#2703=AXIS2_PLACEMENT_3D('',#3947,#3188,#3189);
#2704=AXIS2_PLACEMENT_3D('',#3948,#3190,#3191);
#2705=AXIS2_PLACEMENT_3D('',#3950,#3192,#3193);
#2706=AXIS2_PLACEMENT_3D('',#3953,#3195,#3196);
#2707=AXIS2_PLACEMENT_3D('',#3954,#3197,#3198);
#2708=AXIS2_PLACEMENT_3D('',#3957,#3199,#3200);
#2709=AXIS2_PLACEMENT_3D('',#3961,#3202,#3203);
#2710=AXIS2_PLACEMENT_3D('',#3963,#3205,#3206);
#2711=AXIS2_PLACEMENT_3D('',#3969,#3210,#3211);
#2712=AXIS2_PLACEMENT_3D('',#3971,#3212,#3213);
#2713=AXIS2_PLACEMENT_3D('',#3973,#3214,#3215);
#2714=AXIS2_PLACEMENT_3D('',#3975,#3217,#3218);
#2715=AXIS2_PLACEMENT_3D('',#3978,#3221,#3222);
#2716=AXIS2_PLACEMENT_3D('',#3979,#3223,#3224);
#2717=AXIS2_PLACEMENT_3D('',#3980,#3225,#3226);
#2718=AXIS2_PLACEMENT_3D('',#3981,#3227,#3228);
#2719=AXIS2_PLACEMENT_3D('',#3984,#3229,#3230);
#2720=AXIS2_PLACEMENT_3D('',#3988,#3232,#3233);
#2721=AXIS2_PLACEMENT_3D('',#3990,#3235,#3236);
#2722=AXIS2_PLACEMENT_3D('',#3996,#3240,#3241);
#2723=AXIS2_PLACEMENT_3D('',#3998,#3242,#3243);
#2724=AXIS2_PLACEMENT_3D('',#4000,#3244,#3245);
#2725=AXIS2_PLACEMENT_3D('',#4002,#3247,#3248);
#2726=AXIS2_PLACEMENT_3D('',#4005,#3251,#3252);
#2727=AXIS2_PLACEMENT_3D('',#4006,#3253,#3254);
#2728=AXIS2_PLACEMENT_3D('',#4007,#3255,#3256);
#2729=AXIS2_PLACEMENT_3D('',#4016,#3261,#3262);
#2730=AXIS2_PLACEMENT_3D('',#4018,#3263,#3264);
#2731=AXIS2_PLACEMENT_3D('',#4020,#3265,#3266);
#2732=AXIS2_PLACEMENT_3D('',#4022,#3268,#3269);
#2733=AXIS2_PLACEMENT_3D('',#4028,#3273,#3274);
#2734=AXIS2_PLACEMENT_3D('',#4029,#3275,#3276);
#2735=AXIS2_PLACEMENT_3D('',#4030,#3277,#3278);
#2736=AXIS2_PLACEMENT_3D('',#4031,#3279,#3280);
#2737=AXIS2_PLACEMENT_3D('',#4032,#3281,#3282);
#2738=AXIS2_PLACEMENT_3D('',#4033,#3283,#3284);
#2739=AXIS2_PLACEMENT_3D('',#4034,#3285,#3286);
#2740=AXIS2_PLACEMENT_3D('',#4036,#3287,#3288);
#2741=AXIS2_PLACEMENT_3D('',#4039,#3290,#3291);
#2742=AXIS2_PLACEMENT_3D('',#4040,#3292,#3293);
#2743=AXIS2_PLACEMENT_3D('',#4043,#3294,#3295);
#2744=AXIS2_PLACEMENT_3D('',#4047,#3297,#3298);
#2745=AXIS2_PLACEMENT_3D('',#4049,#3300,#3301);
#2746=AXIS2_PLACEMENT_3D('',#4055,#3305,#3306);
#2747=AXIS2_PLACEMENT_3D('',#4057,#3307,#3308);
#2748=AXIS2_PLACEMENT_3D('',#4060,#3310,#3311);
#2749=AXIS2_PLACEMENT_3D('',#4061,#3312,#3313);
#2750=AXIS2_PLACEMENT_3D('',#4064,#3316,#3317);
#2751=AXIS2_PLACEMENT_3D('',#4065,#3318,#3319);
#2752=AXIS2_PLACEMENT_3D('',#4066,#3320,#3321);
#2753=AXIS2_PLACEMENT_3D('',#4067,#3322,#3323);
#2754=AXIS2_PLACEMENT_3D('',#4070,#3324,#3325);
#2755=AXIS2_PLACEMENT_3D('',#4074,#3327,#3328);
#2756=AXIS2_PLACEMENT_3D('',#4076,#3330,#3331);
#2757=AXIS2_PLACEMENT_3D('',#4082,#3335,#3336);
#2758=AXIS2_PLACEMENT_3D('',#4084,#3337,#3338);
#2759=AXIS2_PLACEMENT_3D('',#4087,#3340,#3341);
#2760=AXIS2_PLACEMENT_3D('',#4088,#3342,#3343);
#2761=AXIS2_PLACEMENT_3D('',#4091,#3346,#3347);
#2762=AXIS2_PLACEMENT_3D('',#4092,#3348,#3349);
#2763=AXIS2_PLACEMENT_3D('',#4093,#3350,#3351);
#2764=AXIS2_PLACEMENT_3D('',#4102,#3356,#3357);
#2765=AXIS2_PLACEMENT_3D('',#4104,#3358,#3359);
#2766=AXIS2_PLACEMENT_3D('',#4107,#3361,#3362);
#2767=AXIS2_PLACEMENT_3D('',#4108,#3363,#3364);
#2768=AXIS2_PLACEMENT_3D('',#4114,#3368,#3369);
#2769=AXIS2_PLACEMENT_3D('',#4115,#3370,#3371);
#2770=AXIS2_PLACEMENT_3D('',#4116,#3372,#3373);
#2771=AXIS2_PLACEMENT_3D('',#4117,#3374,#3375);
#2772=AXIS2_PLACEMENT_3D('',#4118,#3376,#3377);
#2773=AXIS2_PLACEMENT_3D('',#4119,#3378,#3379);
#2774=AXIS2_PLACEMENT_3D('',#4120,#3380,#3381);
#2775=AXIS2_PLACEMENT_3D('',#4122,#3382,#3383);
#2776=AXIS2_PLACEMENT_3D('',#4125,#3385,#3386);
#2777=AXIS2_PLACEMENT_3D('',#4126,#3387,#3388);
#2778=AXIS2_PLACEMENT_3D('',#4128,#3389,#3390);
#2779=AXIS2_PLACEMENT_3D('',#4131,#3392,#3393);
#2780=AXIS2_PLACEMENT_3D('',#4132,#3394,#3395);
#2781=AXIS2_PLACEMENT_3D('',#4133,#3396,#3397);
#2782=AXIS2_PLACEMENT_3D('',#4134,#3398,#3399);
#2783=AXIS2_PLACEMENT_3D('',#4135,#3400,#3401);
#2784=AXIS2_PLACEMENT_3D('',#4137,#3402,#3403);
#2785=AXIS2_PLACEMENT_3D('',#4140,#3405,#3406);
#2786=AXIS2_PLACEMENT_3D('',#4141,#3407,#3408);
#2787=AXIS2_PLACEMENT_3D('',#4143,#3409,#3410);
#2788=AXIS2_PLACEMENT_3D('',#4146,#3412,#3413);
#2789=AXIS2_PLACEMENT_3D('',#4147,#3414,#3415);
#2790=AXIS2_PLACEMENT_3D('',#4148,#3416,#3417);
#2791=AXIS2_PLACEMENT_3D('',#4149,#3418,#3419);
#2792=AXIS2_PLACEMENT_3D('',#4151,#3420,#3421);
#2793=AXIS2_PLACEMENT_3D('',#4154,#3423,#3424);
#2794=AXIS2_PLACEMENT_3D('',#4155,#3425,#3426);
#2795=AXIS2_PLACEMENT_3D('',#4157,#3427,#3428);
#2796=AXIS2_PLACEMENT_3D('',#4160,#3430,#3431);
#2797=AXIS2_PLACEMENT_3D('',#4161,#3432,#3433);
#2798=AXIS2_PLACEMENT_3D('',#4163,#3434,#3435);
#2799=AXIS2_PLACEMENT_3D('',#4166,#3437,#3438);
#2800=AXIS2_PLACEMENT_3D('',#4167,#3439,#3440);
#2801=AXIS2_PLACEMENT_3D('',#4169,#3441,#3442);
#2802=AXIS2_PLACEMENT_3D('',#4172,#3444,#3445);
#2803=AXIS2_PLACEMENT_3D('',#4173,#3446,#3447);
#2804=AXIS2_PLACEMENT_3D('',#4175,#3448,#3449);
#2805=AXIS2_PLACEMENT_3D('',#4178,#3451,#3452);
#2806=AXIS2_PLACEMENT_3D('',#4179,#3453,#3454);
#2807=AXIS2_PLACEMENT_3D('',#4181,#3455,#3456);
#2808=AXIS2_PLACEMENT_3D('',#4184,#3458,#3459);
#2809=AXIS2_PLACEMENT_3D('',#4185,#3460,#3461);
#2810=AXIS2_PLACEMENT_3D('',#4188,#3462,#3463);
#2811=AXIS2_PLACEMENT_3D('',#4192,#3465,#3466);
#2812=AXIS2_PLACEMENT_3D('',#4194,#3468,#3469);
#2813=AXIS2_PLACEMENT_3D('',#4196,#3470,#3471);
#2814=AXIS2_PLACEMENT_3D('',#4199,#3473,#3474);
#2815=AXIS2_PLACEMENT_3D('',#4200,#3475,#3476);
#2816=AXIS2_PLACEMENT_3D('',#4202,#3477,#3478);
#2817=AXIS2_PLACEMENT_3D('',#4204,#3479,#3480);
#2818=AXIS2_PLACEMENT_3D('',#4206,#3481,#3482);
#2819=AXIS2_PLACEMENT_3D('',#4210,#3485,#3486);
#2820=AXIS2_PLACEMENT_3D('',#4214,#3488,#3489);
#2821=AXIS2_PLACEMENT_3D('',#4216,#3491,#3492);
#2822=AXIS2_PLACEMENT_3D('',#4218,#3493,#3494);
#2823=AXIS2_PLACEMENT_3D('',#4220,#3496,#3497);
#2824=AXIS2_PLACEMENT_3D('',#4221,#3498,#3499);
#2825=AXIS2_PLACEMENT_3D('',#4222,#3500,#3501);
#2826=AXIS2_PLACEMENT_3D('',#4226,#3504,#3505);
#2827=AXIS2_PLACEMENT_3D('',#4228,#3507,#3508);
#2828=AXIS2_PLACEMENT_3D('',#4229,#3509,#3510);
#2829=AXIS2_PLACEMENT_3D('',#4231,#3511,#3512);
#2830=AXIS2_PLACEMENT_3D('',#4234,#3514,#3515);
#2831=AXIS2_PLACEMENT_3D('',#4235,#3516,#3517);
#2832=AXIS2_PLACEMENT_3D('',#4237,#3518,#3519);
#2833=AXIS2_PLACEMENT_3D('',#4240,#3521,#3522);
#2834=AXIS2_PLACEMENT_3D('',#4241,#3523,#3524);
#2835=AXIS2_PLACEMENT_3D('',#4243,#3525,#3526);
#2836=AXIS2_PLACEMENT_3D('',#4246,#3528,#3529);
#2837=AXIS2_PLACEMENT_3D('',#4247,#3530,#3531);
#2838=AXIS2_PLACEMENT_3D('',#4249,#3532,#3533);
#2839=AXIS2_PLACEMENT_3D('',#4252,#3535,#3536);
#2840=AXIS2_PLACEMENT_3D('',#4253,#3537,#3538);
#2841=AXIS2_PLACEMENT_3D('',#4255,#3539,#3540);
#2842=AXIS2_PLACEMENT_3D('',#4258,#3542,#3543);
#2843=AXIS2_PLACEMENT_3D('',#4259,#3544,#3545);
#2844=AXIS2_PLACEMENT_3D('',#4261,#3546,#3547);
#2845=AXIS2_PLACEMENT_3D('',#4264,#3549,#3550);
#2846=AXIS2_PLACEMENT_3D('',#4265,#3551,#3552);
#2847=AXIS2_PLACEMENT_3D('',#4268,#3553,#3554);
#2848=AXIS2_PLACEMENT_3D('',#4272,#3556,#3557);
#2849=AXIS2_PLACEMENT_3D('',#4274,#3559,#3560);
#2850=AXIS2_PLACEMENT_3D('',#4276,#3561,#3562);
#2851=AXIS2_PLACEMENT_3D('',#4279,#3564,#3565);
#2852=AXIS2_PLACEMENT_3D('',#4280,#3566,#3567);
#2853=AXIS2_PLACEMENT_3D('',#4282,#3568,#3569);
#2854=AXIS2_PLACEMENT_3D('',#4284,#3570,#3571);
#2855=AXIS2_PLACEMENT_3D('',#4286,#3572,#3573);
#2856=AXIS2_PLACEMENT_3D('',#4290,#3576,#3577);
#2857=AXIS2_PLACEMENT_3D('',#4294,#3579,#3580);
#2858=AXIS2_PLACEMENT_3D('',#4296,#3582,#3583);
#2859=AXIS2_PLACEMENT_3D('',#4298,#3584,#3585);
#2860=AXIS2_PLACEMENT_3D('',#4300,#3587,#3588);
#2861=AXIS2_PLACEMENT_3D('',#4301,#3589,#3590);
#2862=AXIS2_PLACEMENT_3D('',#4302,#3591,#3592);
#2863=AXIS2_PLACEMENT_3D('',#4306,#3595,#3596);
#2864=AXIS2_PLACEMENT_3D('',#4308,#3598,#3599);
#2865=AXIS2_PLACEMENT_3D('',#4309,#3600,#3601);
#2866=AXIS2_PLACEMENT_3D('',#4310,#3602,#3603);
#2867=AXIS2_PLACEMENT_3D('',#4311,#3604,#3605);
#2868=AXIS2_PLACEMENT_3D('',#4312,#3606,#3607);
#2869=AXIS2_PLACEMENT_3D('',#4313,#3608,#3609);
#2870=AXIS2_PLACEMENT_3D('',#4314,#3610,#3611);
#2871=AXIS2_PLACEMENT_3D('',#4315,#3612,#3613);
#2872=AXIS2_PLACEMENT_3D('',#4316,#3614,#3615);
#2873=AXIS2_PLACEMENT_3D('',#4317,#3616,#3617);
#2874=AXIS2_PLACEMENT_3D('',#4318,#3618,#3619);
#2875=AXIS2_PLACEMENT_3D('',#4319,#3620,#3621);
#2876=AXIS2_PLACEMENT_3D('',#4320,#3622,#3623);
#2877=AXIS2_PLACEMENT_3D('',#4321,#3624,#3625);
#2878=AXIS2_PLACEMENT_3D('',#4322,#3626,#3627);
#2879=AXIS2_PLACEMENT_3D('',#4323,#3628,#3629);
#2880=AXIS2_PLACEMENT_3D('',#4324,#3630,#3631);
#2881=AXIS2_PLACEMENT_3D('',#4325,#3632,#3633);
#2882=AXIS2_PLACEMENT_3D('',#4326,#3634,#3635);
#2883=AXIS2_PLACEMENT_3D('',#4327,#3636,#3637);
#2884=DIRECTION('axis',(0.,0.,1.));
#2885=DIRECTION('refdir',(1.,0.,0.));
#2886=DIRECTION('axis',(0.,0.,1.));
#2887=DIRECTION('refdir',(1.,0.,0.));
#2888=DIRECTION('center_axis',(0.,0.,-1.));
#2889=DIRECTION('ref_axis',(1.,0.,0.));
#2890=DIRECTION('center_axis',(0.,0.,1.));
#2891=DIRECTION('ref_axis',(1.,0.,0.));
#2892=DIRECTION('',(0.,0.,1.));
#2893=DIRECTION('center_axis',(0.,0.,-1.));
#2894=DIRECTION('ref_axis',(1.,0.,0.));
#2895=DIRECTION('center_axis',(0.,0.,-1.));
#2896=DIRECTION('ref_axis',(1.,0.,0.));
#2897=DIRECTION('center_axis',(0.,0.,1.));
#2898=DIRECTION('ref_axis',(1.,0.,0.));
#2899=DIRECTION('',(0.,0.,1.));
#2900=DIRECTION('center_axis',(0.,0.,-1.));
#2901=DIRECTION('ref_axis',(1.,0.,0.));
#2902=DIRECTION('center_axis',(0.,0.,-1.));
#2903=DIRECTION('ref_axis',(1.,0.,0.));
#2904=DIRECTION('center_axis',(0.,0.,1.));
#2905=DIRECTION('ref_axis',(1.,0.,0.));
#2906=DIRECTION('',(0.,0.,1.));
#2907=DIRECTION('center_axis',(0.,0.,-1.));
#2908=DIRECTION('ref_axis',(1.,0.,0.));
#2909=DIRECTION('center_axis',(0.,0.,1.));
#2910=DIRECTION('ref_axis',(1.,0.,0.));
#2911=DIRECTION('center_axis',(0.,0.,1.));
#2912=DIRECTION('ref_axis',(1.,0.,0.));
#2913=DIRECTION('',(0.,0.,1.));
#2914=DIRECTION('center_axis',(0.,0.,-1.));
#2915=DIRECTION('ref_axis',(1.,0.,0.));
#2916=DIRECTION('center_axis',(0.,0.,1.));
#2917=DIRECTION('ref_axis',(1.,0.,0.));
#2918=DIRECTION('center_axis',(0.,0.,1.));
#2919=DIRECTION('ref_axis',(1.,0.,0.));
#2920=DIRECTION('',(0.,0.,1.));
#2921=DIRECTION('center_axis',(0.,0.,-1.));
#2922=DIRECTION('ref_axis',(1.,0.,0.));
#2923=DIRECTION('center_axis',(0.,0.,1.));
#2924=DIRECTION('ref_axis',(1.,0.,0.));
#2925=DIRECTION('center_axis',(0.,0.,1.));
#2926=DIRECTION('ref_axis',(1.,0.,0.));
#2927=DIRECTION('',(0.,0.,1.));
#2928=DIRECTION('center_axis',(0.,0.,-1.));
#2929=DIRECTION('ref_axis',(1.,0.,0.));
#2930=DIRECTION('center_axis',(0.,0.,-1.));
#2931=DIRECTION('ref_axis',(1.,0.,0.));
#2932=DIRECTION('center_axis',(0.,0.,1.));
#2933=DIRECTION('ref_axis',(1.,0.,0.));
#2934=DIRECTION('',(0.,0.,1.));
#2935=DIRECTION('center_axis',(0.,0.,1.));
#2936=DIRECTION('ref_axis',(1.,0.,0.));
#2937=DIRECTION('center_axis',(0.,0.,-1.));
#2938=DIRECTION('ref_axis',(1.,0.,0.));
#2939=DIRECTION('center_axis',(0.,0.,-1.));
#2940=DIRECTION('ref_axis',(1.,0.,0.));
#2941=DIRECTION('',(0.,0.,1.));
#2942=DIRECTION('center_axis',(0.,0.,-1.));
#2943=DIRECTION('ref_axis',(1.,0.,0.));
#2944=DIRECTION('center_axis',(0.,0.,-1.));
#2945=DIRECTION('ref_axis',(1.,0.,0.));
#2946=DIRECTION('center_axis',(0.,0.,-1.));
#2947=DIRECTION('ref_axis',(1.,0.,0.));
#2948=DIRECTION('axis',(0.,0.,1.));
#2949=DIRECTION('refdir',(1.,0.,0.));
#2950=DIRECTION('center_axis',(1.,0.,0.));
#2951=DIRECTION('ref_axis',(0.,-1.,0.));
#2952=DIRECTION('center_axis',(1.,0.,0.));
#2953=DIRECTION('ref_axis',(0.,-1.,0.));
#2954=DIRECTION('',(1.,0.,0.));
#2955=DIRECTION('center_axis',(-1.,0.,0.));
#2956=DIRECTION('ref_axis',(0.,-1.,0.));
#2957=DIRECTION('center_axis',(1.,0.,0.));
#2958=DIRECTION('ref_axis',(0.,-1.,0.));
#2959=DIRECTION('center_axis',(1.,0.,0.));
#2960=DIRECTION('ref_axis',(0.,-1.,0.));
#2961=DIRECTION('',(1.,0.,0.));
#2962=DIRECTION('center_axis',(-1.,0.,0.));
#2963=DIRECTION('ref_axis',(0.,-1.,0.));
#2964=DIRECTION('center_axis',(1.,0.,0.));
#2965=DIRECTION('ref_axis',(0.,-1.,0.));
#2966=DIRECTION('center_axis',(1.,0.,0.));
#2967=DIRECTION('ref_axis',(0.,-1.,0.));
#2968=DIRECTION('',(1.,0.,0.));
#2969=DIRECTION('center_axis',(-1.,0.,0.));
#2970=DIRECTION('ref_axis',(0.,-1.,0.));
#2971=DIRECTION('center_axis',(1.,0.,0.));
#2972=DIRECTION('ref_axis',(0.,-1.,0.));
#2973=DIRECTION('center_axis',(1.,0.,0.));
#2974=DIRECTION('ref_axis',(0.,-1.,0.));
#2975=DIRECTION('',(1.,0.,0.));
#2976=DIRECTION('center_axis',(-1.,0.,0.));
#2977=DIRECTION('ref_axis',(0.,-1.,0.));
#2978=DIRECTION('center_axis',(-1.,0.,0.));
#2979=DIRECTION('ref_axis',(0.,-0.615929029884525,0.787801643908863));
#2980=DIRECTION('center_axis',(-1.,0.,0.));
#2981=DIRECTION('ref_axis',(0.,-0.615929029884525,0.787801643908863));
#2982=DIRECTION('',(-1.,0.,0.));
#2983=DIRECTION('center_axis',(-1.,0.,0.));
#2984=DIRECTION('ref_axis',(0.,-0.615929029884525,0.787801643908863));
#2985=DIRECTION('',(-1.,0.,0.));
#2986=DIRECTION('center_axis',(0.,-1.,-9.70618110649765E-17));
#2987=DIRECTION('ref_axis',(0.,-9.70618110649765E-17,1.));
#2988=DIRECTION('',(0.,9.70618110649765E-17,-1.));
#2989=DIRECTION('',(0.,-9.70618110649765E-17,1.));
#2990=DIRECTION('',(-1.,0.,0.));
#2991=DIRECTION('center_axis',(0.,0.,-1.));
#2992=DIRECTION('ref_axis',(0.,-1.,0.));
#2993=DIRECTION('',(0.,1.,0.));
#2994=DIRECTION('',(0.,-1.,0.));
#2995=DIRECTION('',(-1.,0.,0.));
#2996=DIRECTION('center_axis',(0.,1.,1.88656892766835E-16));
#2997=DIRECTION('ref_axis',(0.,1.88656892766835E-16,-1.));
#2998=DIRECTION('',(0.,-1.88656892766835E-16,1.));
#2999=DIRECTION('',(0.,1.88656892766835E-16,-1.));
#3000=DIRECTION('center_axis',(-1.,0.,0.));
#3001=DIRECTION('ref_axis',(0.,-1.,0.));
#3002=DIRECTION('center_axis',(-1.,0.,0.));
#3003=DIRECTION('ref_axis',(0.,-1.,0.));
#3004=DIRECTION('axis',(0.,0.,1.));
#3005=DIRECTION('refdir',(1.,0.,0.));
#3006=DIRECTION('center_axis',(0.,-1.,0.));
#3007=DIRECTION('ref_axis',(0.,0.,1.));
#3008=DIRECTION('',(0.,0.,1.));
#3009=DIRECTION('',(-1.,0.,0.));
#3010=DIRECTION('',(0.,0.,-1.));
#3011=DIRECTION('',(-1.,0.,0.));
#3012=DIRECTION('center_axis',(0.,0.,-1.));
#3013=DIRECTION('ref_axis',(0.,-1.,0.));
#3014=DIRECTION('',(0.,-1.,0.));
#3015=DIRECTION('',(-1.,0.,0.));
#3016=DIRECTION('',(0.,1.,0.));
#3017=DIRECTION('center_axis',(0.,1.,0.));
#3018=DIRECTION('ref_axis',(0.,0.,-1.));
#3019=DIRECTION('',(0.,0.,-1.));
#3020=DIRECTION('',(-1.,0.,0.));
#3021=DIRECTION('',(0.,0.,1.));
#3022=DIRECTION('center_axis',(0.,0.,1.));
#3023=DIRECTION('ref_axis',(0.,1.,0.));
#3024=DIRECTION('',(0.,1.,0.));
#3025=DIRECTION('',(0.,-1.,0.));
#3026=DIRECTION('center_axis',(-1.,0.,0.));
#3027=DIRECTION('ref_axis',(0.,1.,0.));
#3028=DIRECTION('',(0.,1.,0.));
#3029=DIRECTION('',(0.,0.,-1.));
#3030=DIRECTION('',(0.,-1.,0.));
#3031=DIRECTION('',(0.,0.,-1.));
#3032=DIRECTION('center_axis',(0.,-1.,0.));
#3033=DIRECTION('ref_axis',(-1.,0.,0.));
#3034=DIRECTION('',(-1.,0.,0.));
#3035=DIRECTION('',(0.,0.,-1.));
#3036=DIRECTION('',(1.,0.,0.));
#3037=DIRECTION('center_axis',(1.,0.,0.));
#3038=DIRECTION('ref_axis',(0.,-1.,0.));
#3039=DIRECTION('',(0.,-1.,0.));
#3040=DIRECTION('',(0.,0.,-1.));
#3041=DIRECTION('',(0.,1.,0.));
#3042=DIRECTION('center_axis',(0.,1.,0.));
#3043=DIRECTION('ref_axis',(1.,0.,0.));
#3044=DIRECTION('',(1.,0.,0.));
#3045=DIRECTION('',(-1.,0.,0.));
#3046=DIRECTION('center_axis',(-0.712832058729412,0.,-0.701334767459583));
#3047=DIRECTION('ref_axis',(0.701334767459583,0.,-0.712832058729412));
#3048=DIRECTION('',(0.701334767459583,0.,-0.712832058729412));
#3049=DIRECTION('',(0.,-1.,0.));
#3050=DIRECTION('',(0.701334767459583,0.,-0.712832058729412));
#3051=DIRECTION('',(0.,1.,0.));
#3052=DIRECTION('center_axis',(0.,1.,0.));
#3053=DIRECTION('ref_axis',(0.,0.,1.));
#3054=DIRECTION('',(0.,0.,1.));
#3055=DIRECTION('',(-1.,0.,0.));
#3056=DIRECTION('center_axis',(0.,0.,1.));
#3057=DIRECTION('ref_axis',(1.,0.,0.));
#3058=DIRECTION('',(0.,-1.,0.));
#3059=DIRECTION('',(1.,0.,0.));
#3060=DIRECTION('',(0.,1.,0.));
#3061=DIRECTION('center_axis',(1.,0.,0.));
#3062=DIRECTION('ref_axis',(0.,0.,-1.));
#3063=DIRECTION('',(0.,-1.,0.));
#3064=DIRECTION('',(0.,0.,-1.));
#3065=DIRECTION('center_axis',(0.712832058729412,0.,0.701334767459583));
#3066=DIRECTION('ref_axis',(0.701334767459583,0.,-0.712832058729412));
#3067=DIRECTION('',(0.701334767459583,0.,-0.712832058729412));
#3068=DIRECTION('',(0.,1.,0.));
#3069=DIRECTION('',(0.701334767459583,0.,-0.712832058729412));
#3070=DIRECTION('',(0.,-1.,0.));
#3071=DIRECTION('center_axis',(0.,1.,0.));
#3072=DIRECTION('ref_axis',(0.,0.,1.));
#3073=DIRECTION('center_axis',(0.,0.,1.));
#3074=DIRECTION('ref_axis',(0.,-1.,0.));
#3075=DIRECTION('',(0.,1.,0.));
#3076=DIRECTION('',(1.,0.,0.));
#3077=DIRECTION('',(1.,0.,0.));
#3078=DIRECTION('center_axis',(0.,-1.,0.));
#3079=DIRECTION('ref_axis',(1.,0.,0.));
#3080=DIRECTION('',(1.,0.,0.));
#3081=DIRECTION('',(0.,0.,1.));
#3082=DIRECTION('',(0.,0.,1.));
#3083=DIRECTION('center_axis',(-1.,0.,0.));
#3084=DIRECTION('ref_axis',(0.,-1.,0.));
#3085=DIRECTION('',(0.,-1.,0.));
#3086=DIRECTION('',(0.,0.,1.));
#3087=DIRECTION('center_axis',(0.,1.,0.));
#3088=DIRECTION('ref_axis',(-1.,0.,0.));
#3089=DIRECTION('',(-1.,0.,0.));
#3090=DIRECTION('',(0.,0.,1.));
#3091=DIRECTION('center_axis',(1.,0.,0.));
#3092=DIRECTION('ref_axis',(0.,1.,0.));
#3093=DIRECTION('',(0.,1.,0.));
#3094=DIRECTION('center_axis',(0.,0.,1.));
#3095=DIRECTION('ref_axis',(1.,0.,0.));
#3096=DIRECTION('axis',(0.,0.,1.));
#3097=DIRECTION('refdir',(1.,0.,0.));
#3098=DIRECTION('center_axis',(0.,1.,0.));
#3099=DIRECTION('ref_axis',(0.,0.,-1.));
#3100=DIRECTION('',(0.,0.,-1.));
#3101=DIRECTION('',(-1.,0.,0.));
#3102=DIRECTION('',(0.,0.,1.));
#3103=DIRECTION('',(-1.,0.,0.));
#3104=DIRECTION('center_axis',(0.,0.,-1.));
#3105=DIRECTION('ref_axis',(0.,-1.,0.));
#3106=DIRECTION('',(0.,-1.,0.));
#3107=DIRECTION('',(0.,1.,0.));
#3108=DIRECTION('',(-1.,0.,0.));
#3109=DIRECTION('center_axis',(0.,-1.,0.));
#3110=DIRECTION('ref_axis',(0.,0.,1.));
#3111=DIRECTION('',(0.,0.,1.));
#3112=DIRECTION('',(0.,0.,-1.));
#3113=DIRECTION('',(-1.,0.,0.));
#3114=DIRECTION('center_axis',(0.,0.,1.));
#3115=DIRECTION('ref_axis',(0.,1.,0.));
#3116=DIRECTION('',(0.,1.,0.));
#3117=DIRECTION('',(0.,-1.,0.));
#3118=DIRECTION('center_axis',(1.,0.,0.));
#3119=DIRECTION('ref_axis',(0.,1.,0.));
#3120=DIRECTION('',(0.,1.,0.));
#3121=DIRECTION('',(0.,0.,1.));
#3122=DIRECTION('',(0.,-1.,0.));
#3123=DIRECTION('',(0.,0.,1.));
#3124=DIRECTION('center_axis',(0.,1.,0.));
#3125=DIRECTION('ref_axis',(-1.,0.,0.));
#3126=DIRECTION('',(-1.,0.,0.));
#3127=DIRECTION('',(1.,0.,0.));
#3128=DIRECTION('',(0.,0.,1.));
#3129=DIRECTION('center_axis',(-1.,0.,0.));
#3130=DIRECTION('ref_axis',(0.,-1.,0.));
#3131=DIRECTION('',(0.,-1.,0.));
#3132=DIRECTION('',(0.,1.,0.));
#3133=DIRECTION('',(0.,0.,1.));
#3134=DIRECTION('center_axis',(0.,-1.,0.));
#3135=DIRECTION('ref_axis',(1.,0.,0.));
#3136=DIRECTION('',(1.,0.,0.));
#3137=DIRECTION('',(-1.,0.,0.));
#3138=DIRECTION('center_axis',(0.712832058729412,0.,-0.701334767459583));
#3139=DIRECTION('ref_axis',(0.701334767459583,0.,0.712832058729412));
#3140=DIRECTION('',(0.701334767459583,0.,0.712832058729412));
#3141=DIRECTION('',(0.,1.,0.));
#3142=DIRECTION('',(0.701334767459583,0.,0.712832058729412));
#3143=DIRECTION('',(0.,-1.,0.));
#3144=DIRECTION('center_axis',(0.,-1.,0.));
#3145=DIRECTION('ref_axis',(0.,0.,-1.));
#3146=DIRECTION('',(0.,0.,-1.));
#3147=DIRECTION('',(-1.,0.,0.));
#3148=DIRECTION('center_axis',(0.,0.,1.));
#3149=DIRECTION('ref_axis',(1.,0.,0.));
#3150=DIRECTION('',(0.,1.,0.));
#3151=DIRECTION('',(1.,0.,0.));
#3152=DIRECTION('',(0.,-1.,0.));
#3153=DIRECTION('center_axis',(-1.,0.,0.));
#3154=DIRECTION('ref_axis',(0.,0.,1.));
#3155=DIRECTION('',(0.,0.,1.));
#3156=DIRECTION('',(0.,-1.,0.));
#3157=DIRECTION('center_axis',(-0.712832058729412,0.,0.701334767459583));
#3158=DIRECTION('ref_axis',(0.701334767459583,0.,0.712832058729412));
#3159=DIRECTION('',(0.701334767459583,0.,0.712832058729412));
#3160=DIRECTION('',(0.,-1.,0.));
#3161=DIRECTION('',(0.701334767459583,0.,0.712832058729412));
#3162=DIRECTION('',(0.,1.,0.));
#3163=DIRECTION('center_axis',(0.,-1.,0.));
#3164=DIRECTION('ref_axis',(0.,0.,-1.));
#3165=DIRECTION('center_axis',(0.,0.,1.));
#3166=DIRECTION('ref_axis',(0.,-1.,0.));
#3167=DIRECTION('',(0.,1.,0.));
#3168=DIRECTION('',(1.,0.,0.));
#3169=DIRECTION('',(1.,0.,0.));
#3170=DIRECTION('center_axis',(0.,1.,0.));
#3171=DIRECTION('ref_axis',(1.,0.,0.));
#3172=DIRECTION('',(1.,0.,0.));
#3173=DIRECTION('',(0.,0.,-1.));
#3174=DIRECTION('',(0.,0.,-1.));
#3175=DIRECTION('center_axis',(1.,0.,0.));
#3176=DIRECTION('ref_axis',(0.,-1.,0.));
#3177=DIRECTION('',(0.,-1.,0.));
#3178=DIRECTION('',(0.,0.,-1.));
#3179=DIRECTION('center_axis',(0.,-1.,0.));
#3180=DIRECTION('ref_axis',(-1.,0.,0.));
#3181=DIRECTION('',(-1.,0.,0.));
#3182=DIRECTION('',(0.,0.,-1.));
#3183=DIRECTION('center_axis',(-1.,0.,0.));
#3184=DIRECTION('ref_axis',(0.,1.,0.));
#3185=DIRECTION('',(0.,1.,0.));
#3186=DIRECTION('center_axis',(0.,0.,1.));
#3187=DIRECTION('ref_axis',(1.,0.,0.));
#3188=DIRECTION('axis',(0.,0.,1.));
#3189=DIRECTION('refdir',(1.,0.,0.));
#3190=DIRECTION('center_axis',(0.,-1.,0.));
#3191=DIRECTION('ref_axis',(1.,0.,0.));
#3192=DIRECTION('center_axis',(0.,1.,0.));
#3193=DIRECTION('ref_axis',(1.,0.,0.));
#3194=DIRECTION('',(0.,1.,0.));
#3195=DIRECTION('center_axis',(0.,1.,0.));
#3196=DIRECTION('ref_axis',(1.,0.,0.));
#3197=DIRECTION('center_axis',(0.,-1.,0.));
#3198=DIRECTION('ref_axis',(-1.83697019872103E-16,0.,-1.));
#3199=DIRECTION('center_axis',(0.,-1.,0.));
#3200=DIRECTION('ref_axis',(1.,0.,0.));
#3201=DIRECTION('',(0.,-1.,0.));
#3202=DIRECTION('center_axis',(0.,-1.,0.));
#3203=DIRECTION('ref_axis',(1.,0.,0.));
#3204=DIRECTION('',(0.,-1.,0.));
#3205=DIRECTION('center_axis',(-0.95831484749991,0.,0.285714285714286));
#3206=DIRECTION('ref_axis',(-0.285714285714286,0.,-0.95831484749991));
#3207=DIRECTION('',(0.285714285714286,0.,0.95831484749991));
#3208=DIRECTION('',(-0.285714285714286,0.,-0.95831484749991));
#3209=DIRECTION('',(0.,-1.,0.));
#3210=DIRECTION('center_axis',(0.,-1.,0.));
#3211=DIRECTION('ref_axis',(1.,0.,0.));
#3212=DIRECTION('center_axis',(0.,-1.,0.));
#3213=DIRECTION('ref_axis',(1.,0.,0.));
#3214=DIRECTION('center_axis',(0.,-1.,0.));
#3215=DIRECTION('ref_axis',(1.,0.,0.));
#3216=DIRECTION('',(0.,-1.,0.));
#3217=DIRECTION('center_axis',(0.95831484749991,0.,0.285714285714286));
#3218=DIRECTION('ref_axis',(-0.285714285714286,0.,0.95831484749991));
#3219=DIRECTION('',(-0.285714285714286,0.,0.95831484749991));
#3220=DIRECTION('',(-0.285714285714286,0.,0.95831484749991));
#3221=DIRECTION('center_axis',(0.,-1.,0.));
#3222=DIRECTION('ref_axis',(1.,0.,0.));
#3223=DIRECTION('center_axis',(0.,-1.,0.));
#3224=DIRECTION('ref_axis',(1.,0.,0.));
#3225=DIRECTION('axis',(0.,0.,1.));
#3226=DIRECTION('refdir',(1.,0.,0.));
#3227=DIRECTION('center_axis',(0.,1.,0.));
#3228=DIRECTION('ref_axis',(-0.702982777671917,0.,-0.711206871660191));
#3229=DIRECTION('center_axis',(0.,-1.,0.));
#3230=DIRECTION('ref_axis',(-0.702982777671917,0.,-0.711206871660191));
#3231=DIRECTION('',(0.,1.,0.));
#3232=DIRECTION('center_axis',(0.,-1.,0.));
#3233=DIRECTION('ref_axis',(-0.702982777671917,0.,-0.711206871660191));
#3234=DIRECTION('',(0.,1.,0.));
#3235=DIRECTION('center_axis',(-0.711206871660195,0.,-0.702982777671914));
#3236=DIRECTION('ref_axis',(-0.702982777671914,0.,0.711206871660195));
#3237=DIRECTION('',(-0.702982777671914,0.,0.711206871660195));
#3238=DIRECTION('',(-0.702982777671914,0.,0.711206871660195));
#3239=DIRECTION('',(0.,1.,0.));
#3240=DIRECTION('center_axis',(0.,1.,0.));
#3241=DIRECTION('ref_axis',(-0.702982777671917,0.,-0.711206871660191));
#3242=DIRECTION('center_axis',(0.,-1.,0.));
#3243=DIRECTION('ref_axis',(-0.702982777671917,0.,-0.711206871660191));
#3244=DIRECTION('center_axis',(0.,1.,0.));
#3245=DIRECTION('ref_axis',(-0.702982777671917,0.,-0.711206871660191));
#3246=DIRECTION('',(0.,1.,0.));
#3247=DIRECTION('center_axis',(0.711206871660196,0.,0.702982777671913));
#3248=DIRECTION('ref_axis',(0.702982777671913,0.,-0.711206871660196));
#3249=DIRECTION('',(-0.702982777671913,0.,0.711206871660196));
#3250=DIRECTION('',(0.702982777671913,0.,-0.711206871660196));
#3251=DIRECTION('center_axis',(0.,-1.,0.));
#3252=DIRECTION('ref_axis',(1.,0.,0.));
#3253=DIRECTION('center_axis',(0.,-1.,0.));
#3254=DIRECTION('ref_axis',(1.,0.,0.));
#3255=DIRECTION('center_axis',(0.71120687166019,0.,-0.702982777671918));
#3256=DIRECTION('ref_axis',(-0.702982777671918,0.,-0.71120687166019));
#3257=DIRECTION('',(0.702982777671918,0.,0.71120687166019));
#3258=DIRECTION('',(0.,1.,0.));
#3259=DIRECTION('',(-0.702982777671918,0.,-0.71120687166019));
#3260=DIRECTION('',(0.,1.,0.));
#3261=DIRECTION('center_axis',(0.,1.,0.));
#3262=DIRECTION('ref_axis',(-0.702982777671917,0.,-0.711206871660191));
#3263=DIRECTION('center_axis',(0.,-1.,0.));
#3264=DIRECTION('ref_axis',(-0.702982777671917,0.,-0.711206871660191));
#3265=DIRECTION('center_axis',(0.,-1.,0.));
#3266=DIRECTION('ref_axis',(-0.702982777671917,0.,-0.711206871660191));
#3267=DIRECTION('',(0.,1.,0.));
#3268=DIRECTION('center_axis',(-0.711206871660191,0.,0.702982777671917));
#3269=DIRECTION('ref_axis',(0.702982777671917,0.,0.711206871660191));
#3270=DIRECTION('',(0.702982777671917,0.,0.711206871660191));
#3271=DIRECTION('',(0.702982777671917,0.,0.711206871660191));
#3272=DIRECTION('',(0.,1.,0.));
#3273=DIRECTION('center_axis',(0.,1.,0.));
#3274=DIRECTION('ref_axis',(-0.702982777671917,0.,-0.711206871660191));
#3275=DIRECTION('center_axis',(0.,-1.,0.));
#3276=DIRECTION('ref_axis',(-0.702982777671917,0.,-0.711206871660191));
#3277=DIRECTION('center_axis',(0.,1.,0.));
#3278=DIRECTION('ref_axis',(-0.702982777671917,0.,-0.711206871660191));
#3279=DIRECTION('center_axis',(0.,-1.,0.));
#3280=DIRECTION('ref_axis',(1.,0.,0.));
#3281=DIRECTION('center_axis',(0.,-1.,0.));
#3282=DIRECTION('ref_axis',(1.,0.,0.));
#3283=DIRECTION('axis',(0.,0.,1.));
#3284=DIRECTION('refdir',(1.,0.,0.));
#3285=DIRECTION('center_axis',(0.,1.,0.));
#3286=DIRECTION('ref_axis',(1.,0.,0.));
#3287=DIRECTION('center_axis',(0.,-1.,0.));
#3288=DIRECTION('ref_axis',(1.,0.,0.));
#3289=DIRECTION('',(0.,1.,0.));
#3290=DIRECTION('center_axis',(0.,-1.,0.));
#3291=DIRECTION('ref_axis',(1.,0.,0.));
#3292=DIRECTION('center_axis',(0.,1.,0.));
#3293=DIRECTION('ref_axis',(-1.83697019872103E-16,0.,1.));
#3294=DIRECTION('center_axis',(0.,1.,0.));
#3295=DIRECTION('ref_axis',(1.,0.,0.));
#3296=DIRECTION('',(0.,-1.,0.));
#3297=DIRECTION('center_axis',(0.,1.,0.));
#3298=DIRECTION('ref_axis',(1.,0.,0.));
#3299=DIRECTION('',(0.,-1.,0.));
#3300=DIRECTION('center_axis',(0.95831484749991,0.,0.285714285714286));
#3301=DIRECTION('ref_axis',(-0.285714285714286,0.,0.95831484749991));
#3302=DIRECTION('',(0.285714285714286,0.,-0.95831484749991));
#3303=DIRECTION('',(0.,-1.,0.));
#3304=DIRECTION('',(-0.285714285714286,0.,0.95831484749991));
#3305=DIRECTION('center_axis',(0.,1.,0.));
#3306=DIRECTION('ref_axis',(1.,0.,0.));
#3307=DIRECTION('center_axis',(0.,1.,0.));
#3308=DIRECTION('ref_axis',(1.,0.,0.));
#3309=DIRECTION('',(0.,-1.,0.));
#3310=DIRECTION('center_axis',(0.,1.,0.));
#3311=DIRECTION('ref_axis',(1.,0.,0.));
#3312=DIRECTION('center_axis',(-0.95831484749991,0.,0.285714285714286));
#3313=DIRECTION('ref_axis',(-0.285714285714286,0.,-0.95831484749991));
#3314=DIRECTION('',(-0.285714285714286,0.,-0.95831484749991));
#3315=DIRECTION('',(-0.285714285714286,0.,-0.95831484749991));
#3316=DIRECTION('center_axis',(0.,1.,0.));
#3317=DIRECTION('ref_axis',(1.,0.,0.));
#3318=DIRECTION('center_axis',(0.,1.,0.));
#3319=DIRECTION('ref_axis',(1.,0.,0.));
#3320=DIRECTION('axis',(0.,0.,1.));
#3321=DIRECTION('refdir',(1.,0.,0.));
#3322=DIRECTION('center_axis',(0.,-1.,0.));
#3323=DIRECTION('ref_axis',(-0.702982777671917,0.,0.711206871660191));
#3324=DIRECTION('center_axis',(0.,1.,0.));
#3325=DIRECTION('ref_axis',(-0.702982777671917,0.,0.711206871660191));
#3326=DIRECTION('',(0.,1.,0.));
#3327=DIRECTION('center_axis',(0.,1.,0.));
#3328=DIRECTION('ref_axis',(-0.702982777671917,0.,0.711206871660191));
#3329=DIRECTION('',(0.,1.,0.));
#3330=DIRECTION('center_axis',(0.711206871660195,0.,-0.702982777671914));
#3331=DIRECTION('ref_axis',(-0.702982777671914,0.,-0.711206871660195));
#3332=DIRECTION('',(-0.702982777671914,0.,-0.711206871660195));
#3333=DIRECTION('',(0.,1.,0.));
#3334=DIRECTION('',(-0.702982777671914,0.,-0.711206871660195));
#3335=DIRECTION('center_axis',(0.,-1.,0.));
#3336=DIRECTION('ref_axis',(-0.702982777671917,0.,0.711206871660191));
#3337=DIRECTION('center_axis',(0.,1.,0.));
#3338=DIRECTION('ref_axis',(-0.702982777671917,0.,0.711206871660191));
#3339=DIRECTION('',(0.,1.,0.));
#3340=DIRECTION('center_axis',(0.,-1.,0.));
#3341=DIRECTION('ref_axis',(-0.702982777671917,0.,0.711206871660191));
#3342=DIRECTION('center_axis',(-0.711206871660196,0.,0.702982777671913));
#3343=DIRECTION('ref_axis',(0.702982777671913,0.,0.711206871660196));
#3344=DIRECTION('',(-0.702982777671913,0.,-0.711206871660196));
#3345=DIRECTION('',(0.702982777671913,0.,0.711206871660196));
#3346=DIRECTION('center_axis',(0.,1.,0.));
#3347=DIRECTION('ref_axis',(1.,0.,0.));
#3348=DIRECTION('center_axis',(0.,1.,0.));
#3349=DIRECTION('ref_axis',(1.,0.,0.));
#3350=DIRECTION('center_axis',(-0.71120687166019,0.,-0.702982777671918));
#3351=DIRECTION('ref_axis',(-0.702982777671918,0.,0.71120687166019));
#3352=DIRECTION('',(0.702982777671918,0.,-0.71120687166019));
#3353=DIRECTION('',(0.,1.,0.));
#3354=DIRECTION('',(-0.702982777671918,0.,0.71120687166019));
#3355=DIRECTION('',(0.,1.,0.));
#3356=DIRECTION('center_axis',(0.,-1.,0.));
#3357=DIRECTION('ref_axis',(-0.702982777671917,0.,0.711206871660191));
#3358=DIRECTION('center_axis',(0.,1.,0.));
#3359=DIRECTION('ref_axis',(-0.702982777671917,0.,0.711206871660191));
#3360=DIRECTION('',(0.,1.,0.));
#3361=DIRECTION('center_axis',(0.,1.,0.));
#3362=DIRECTION('ref_axis',(-0.702982777671917,0.,0.711206871660191));
#3363=DIRECTION('center_axis',(0.711206871660191,0.,0.702982777671917));
#3364=DIRECTION('ref_axis',(0.702982777671917,0.,-0.711206871660191));
#3365=DIRECTION('',(0.702982777671917,0.,-0.711206871660191));
#3366=DIRECTION('',(0.,1.,0.));
#3367=DIRECTION('',(0.702982777671917,0.,-0.711206871660191));
#3368=DIRECTION('center_axis',(0.,-1.,0.));
#3369=DIRECTION('ref_axis',(-0.702982777671917,0.,0.711206871660191));
#3370=DIRECTION('center_axis',(0.,1.,0.));
#3371=DIRECTION('ref_axis',(-0.702982777671917,0.,0.711206871660191));
#3372=DIRECTION('center_axis',(0.,-1.,0.));
#3373=DIRECTION('ref_axis',(-0.702982777671917,0.,0.711206871660191));
#3374=DIRECTION('center_axis',(0.,1.,0.));
#3375=DIRECTION('ref_axis',(1.,0.,0.));
#3376=DIRECTION('center_axis',(0.,1.,0.));
#3377=DIRECTION('ref_axis',(1.,0.,0.));
#3378=DIRECTION('axis',(0.,0.,1.));
#3379=DIRECTION('refdir',(1.,0.,0.));
#3380=DIRECTION('center_axis',(0.,0.,-1.));
#3381=DIRECTION('ref_axis',(1.,0.,0.));
#3382=DIRECTION('center_axis',(0.,0.,1.));
#3383=DIRECTION('ref_axis',(1.,0.,0.));
#3384=DIRECTION('',(0.,0.,1.));
#3385=DIRECTION('center_axis',(0.,0.,1.));
#3386=DIRECTION('ref_axis',(1.,0.,0.));
#3387=DIRECTION('center_axis',(0.,0.,-1.));
#3388=DIRECTION('ref_axis',(1.,0.,0.));
#3389=DIRECTION('center_axis',(0.,0.,-1.));
#3390=DIRECTION('ref_axis',(1.,0.,0.));
#3391=DIRECTION('',(0.,0.,1.));
#3392=DIRECTION('center_axis',(0.,0.,-1.));
#3393=DIRECTION('ref_axis',(1.,0.,0.));
#3394=DIRECTION('center_axis',(0.,0.,-1.));
#3395=DIRECTION('ref_axis',(1.,0.,0.));
#3396=DIRECTION('center_axis',(0.,0.,-1.));
#3397=DIRECTION('ref_axis',(1.,0.,0.));
#3398=DIRECTION('axis',(0.,0.,1.));
#3399=DIRECTION('refdir',(1.,0.,0.));
#3400=DIRECTION('center_axis',(0.,0.,-1.));
#3401=DIRECTION('ref_axis',(1.,0.,0.));
#3402=DIRECTION('center_axis',(0.,0.,1.));
#3403=DIRECTION('ref_axis',(1.,0.,0.));
#3404=DIRECTION('',(0.,0.,1.));
#3405=DIRECTION('center_axis',(0.,0.,1.));
#3406=DIRECTION('ref_axis',(1.,0.,0.));
#3407=DIRECTION('center_axis',(0.,0.,-1.));
#3408=DIRECTION('ref_axis',(1.,0.,0.));
#3409=DIRECTION('center_axis',(0.,0.,-1.));
#3410=DIRECTION('ref_axis',(1.,0.,0.));
#3411=DIRECTION('',(0.,0.,1.));
#3412=DIRECTION('center_axis',(0.,0.,-1.));
#3413=DIRECTION('ref_axis',(1.,0.,0.));
#3414=DIRECTION('center_axis',(0.,0.,-1.));
#3415=DIRECTION('ref_axis',(1.,0.,0.));
#3416=DIRECTION('center_axis',(0.,0.,-1.));
#3417=DIRECTION('ref_axis',(1.,0.,0.));
#3418=DIRECTION('center_axis',(0.,1.,0.));
#3419=DIRECTION('ref_axis',(1.,0.,0.));
#3420=DIRECTION('center_axis',(0.,1.,0.));
#3421=DIRECTION('ref_axis',(1.,0.,0.));
#3422=DIRECTION('',(0.,1.,0.));
#3423=DIRECTION('center_axis',(0.,-1.,0.));
#3424=DIRECTION('ref_axis',(1.,0.,0.));
#3425=DIRECTION('center_axis',(0.,1.,0.));
#3426=DIRECTION('ref_axis',(1.,0.,0.));
#3427=DIRECTION('center_axis',(0.,1.,0.));
#3428=DIRECTION('ref_axis',(1.,0.,0.));
#3429=DIRECTION('',(0.,1.,0.));
#3430=DIRECTION('center_axis',(0.,-1.,0.));
#3431=DIRECTION('ref_axis',(1.,0.,0.));
#3432=DIRECTION('center_axis',(0.,1.,0.));
#3433=DIRECTION('ref_axis',(1.,0.,0.));
#3434=DIRECTION('center_axis',(0.,1.,0.));
#3435=DIRECTION('ref_axis',(1.,0.,0.));
#3436=DIRECTION('',(0.,1.,0.));
#3437=DIRECTION('center_axis',(0.,-1.,0.));
#3438=DIRECTION('ref_axis',(1.,0.,0.));
#3439=DIRECTION('center_axis',(0.,1.,0.));
#3440=DIRECTION('ref_axis',(1.,0.,0.));
#3441=DIRECTION('center_axis',(0.,1.,0.));
#3442=DIRECTION('ref_axis',(1.,0.,0.));
#3443=DIRECTION('',(0.,1.,0.));
#3444=DIRECTION('center_axis',(0.,-1.,0.));
#3445=DIRECTION('ref_axis',(1.,0.,0.));
#3446=DIRECTION('center_axis',(0.,1.,0.));
#3447=DIRECTION('ref_axis',(1.,0.,0.));
#3448=DIRECTION('center_axis',(0.,1.,0.));
#3449=DIRECTION('ref_axis',(1.,0.,0.));
#3450=DIRECTION('',(0.,1.,0.));
#3451=DIRECTION('center_axis',(0.,-1.,0.));
#3452=DIRECTION('ref_axis',(1.,0.,0.));
#3453=DIRECTION('center_axis',(0.,1.,0.));
#3454=DIRECTION('ref_axis',(1.,0.,0.));
#3455=DIRECTION('center_axis',(0.,1.,0.));
#3456=DIRECTION('ref_axis',(1.,0.,0.));
#3457=DIRECTION('',(0.,1.,0.));
#3458=DIRECTION('center_axis',(0.,-1.,0.));
#3459=DIRECTION('ref_axis',(1.,0.,0.));
#3460=DIRECTION('center_axis',(0.,1.,0.));
#3461=DIRECTION('ref_axis',(-0.108394945084646,0.,0.994107909575262));
#3462=DIRECTION('center_axis',(0.,-1.,0.));
#3463=DIRECTION('ref_axis',(-0.108394945084646,0.,0.994107909575262));
#3464=DIRECTION('',(0.,-1.,0.));
#3465=DIRECTION('center_axis',(0.,1.,0.));
#3466=DIRECTION('ref_axis',(-0.108394945084646,0.,0.994107909575262));
#3467=DIRECTION('',(0.,1.,0.));
#3468=DIRECTION('center_axis',(0.,1.,0.));
#3469=DIRECTION('ref_axis',(-0.99348440351002,0.,-0.113968153368998));
#3470=DIRECTION('center_axis',(0.,1.,0.));
#3471=DIRECTION('ref_axis',(-0.99348440351002,0.,-0.113968153368998));
#3472=DIRECTION('',(0.,1.,0.));
#3473=DIRECTION('center_axis',(0.,1.,0.));
#3474=DIRECTION('ref_axis',(-0.99348440351002,0.,-0.113968153368998));
#3475=DIRECTION('center_axis',(0.,1.,0.));
#3476=DIRECTION('ref_axis',(1.,0.,0.));
#3477=DIRECTION('center_axis',(0.,-1.,0.));
#3478=DIRECTION('ref_axis',(0.707106781186548,0.,0.707106781186547));
#3479=DIRECTION('center_axis',(0.,-1.,0.));
#3480=DIRECTION('ref_axis',(0.108394945084647,0.,0.994107909575262));
#3481=DIRECTION('center_axis',(0.,1.,0.));
#3482=DIRECTION('ref_axis',(0.83431052351867,0.,0.551294794412211));
#3483=DIRECTION('',(-1.,0.,-2.28342883631895E-16));
#3484=DIRECTION('',(0.,0.,1.));
#3485=DIRECTION('center_axis',(0.,1.,0.));
#3486=DIRECTION('ref_axis',(0.108394945084647,0.,0.994107909575262));
#3487=DIRECTION('',(0.,-1.,0.));
#3488=DIRECTION('center_axis',(0.,1.,0.));
#3489=DIRECTION('ref_axis',(0.108394945084647,0.,0.994107909575262));
#3490=DIRECTION('',(0.,1.,0.));
#3491=DIRECTION('center_axis',(0.,1.,0.));
#3492=DIRECTION('ref_axis',(0.83431052351867,0.,0.551294794412211));
#3493=DIRECTION('center_axis',(0.,1.,0.));
#3494=DIRECTION('ref_axis',(0.83431052351867,0.,0.551294794412211));
#3495=DIRECTION('',(0.,1.,0.));
#3496=DIRECTION('center_axis',(0.,1.,0.));
#3497=DIRECTION('ref_axis',(0.707106781186548,0.,0.707106781186547));
#3498=DIRECTION('center_axis',(0.,1.,0.));
#3499=DIRECTION('ref_axis',(0.707106781186548,0.,0.707106781186547));
#3500=DIRECTION('center_axis',(-1.,0.,0.));
#3501=DIRECTION('ref_axis',(0.,0.,1.));
#3502=DIRECTION('',(0.,0.,-1.));
#3503=DIRECTION('',(0.,1.,0.));
#3504=DIRECTION('center_axis',(2.28342883631895E-16,0.,-1.));
#3505=DIRECTION('ref_axis',(-1.,0.,-2.28342883631895E-16));
#3506=DIRECTION('',(-1.,0.,-2.28342883631895E-16));
#3507=DIRECTION('center_axis',(0.,1.,0.));
#3508=DIRECTION('ref_axis',(1.,0.,0.));
#3509=DIRECTION('center_axis',(0.,-1.,0.));
#3510=DIRECTION('ref_axis',(-1.,0.,0.));
#3511=DIRECTION('center_axis',(0.,-1.,0.));
#3512=DIRECTION('ref_axis',(-1.,0.,0.));
#3513=DIRECTION('',(0.,-1.,0.));
#3514=DIRECTION('center_axis',(0.,1.,0.));
#3515=DIRECTION('ref_axis',(-1.,0.,0.));
#3516=DIRECTION('center_axis',(0.,-1.,0.));
#3517=DIRECTION('ref_axis',(-1.,0.,0.));
#3518=DIRECTION('center_axis',(0.,-1.,0.));
#3519=DIRECTION('ref_axis',(-1.,0.,0.));
#3520=DIRECTION('',(0.,-1.,0.));
#3521=DIRECTION('center_axis',(0.,1.,0.));
#3522=DIRECTION('ref_axis',(-1.,0.,0.));
#3523=DIRECTION('center_axis',(0.,-1.,0.));
#3524=DIRECTION('ref_axis',(-1.,0.,0.));
#3525=DIRECTION('center_axis',(0.,-1.,0.));
#3526=DIRECTION('ref_axis',(-1.,0.,0.));
#3527=DIRECTION('',(0.,-1.,0.));
#3528=DIRECTION('center_axis',(0.,1.,0.));
#3529=DIRECTION('ref_axis',(-1.,0.,0.));
#3530=DIRECTION('center_axis',(0.,-1.,0.));
#3531=DIRECTION('ref_axis',(-1.,0.,0.));
#3532=DIRECTION('center_axis',(0.,-1.,0.));
#3533=DIRECTION('ref_axis',(-1.,0.,0.));
#3534=DIRECTION('',(0.,-1.,0.));
#3535=DIRECTION('center_axis',(0.,1.,0.));
#3536=DIRECTION('ref_axis',(-1.,0.,0.));
#3537=DIRECTION('center_axis',(0.,-1.,0.));
#3538=DIRECTION('ref_axis',(-1.,0.,0.));
#3539=DIRECTION('center_axis',(0.,-1.,0.));
#3540=DIRECTION('ref_axis',(-1.,0.,0.));
#3541=DIRECTION('',(0.,-1.,0.));
#3542=DIRECTION('center_axis',(0.,1.,0.));
#3543=DIRECTION('ref_axis',(-1.,0.,0.));
#3544=DIRECTION('center_axis',(0.,-1.,0.));
#3545=DIRECTION('ref_axis',(-1.,0.,0.));
#3546=DIRECTION('center_axis',(0.,-1.,0.));
#3547=DIRECTION('ref_axis',(-1.,0.,0.));
#3548=DIRECTION('',(0.,-1.,0.));
#3549=DIRECTION('center_axis',(0.,1.,0.));
#3550=DIRECTION('ref_axis',(-1.,0.,0.));
#3551=DIRECTION('center_axis',(0.,1.,0.));
#3552=DIRECTION('ref_axis',(-0.108394945084646,0.,0.994107909575262));
#3553=DIRECTION('center_axis',(0.,-1.,0.));
#3554=DIRECTION('ref_axis',(-0.108394945084646,0.,0.994107909575262));
#3555=DIRECTION('',(0.,-1.,0.));
#3556=DIRECTION('center_axis',(0.,1.,0.));
#3557=DIRECTION('ref_axis',(-0.108394945084646,0.,0.994107909575262));
#3558=DIRECTION('',(0.,1.,0.));
#3559=DIRECTION('center_axis',(0.,1.,0.));
#3560=DIRECTION('ref_axis',(-0.99348440351002,0.,-0.113968153368998));
#3561=DIRECTION('center_axis',(0.,1.,0.));
#3562=DIRECTION('ref_axis',(-0.99348440351002,0.,-0.113968153368998));
#3563=DIRECTION('',(0.,1.,0.));
#3564=DIRECTION('center_axis',(0.,1.,0.));
#3565=DIRECTION('ref_axis',(-0.99348440351002,0.,-0.113968153368998));
#3566=DIRECTION('center_axis',(0.,1.,0.));
#3567=DIRECTION('ref_axis',(1.,0.,0.));
#3568=DIRECTION('center_axis',(0.,-1.,0.));
#3569=DIRECTION('ref_axis',(0.707106781186548,0.,0.707106781186547));
#3570=DIRECTION('center_axis',(0.,-1.,0.));
#3571=DIRECTION('ref_axis',(0.108394945084647,0.,0.994107909575262));
#3572=DIRECTION('center_axis',(0.,1.,0.));
#3573=DIRECTION('ref_axis',(0.83431052351867,0.,0.551294794412211));
#3574=DIRECTION('',(-1.,0.,-2.28342883631895E-16));
#3575=DIRECTION('',(0.,0.,1.));
#3576=DIRECTION('center_axis',(0.,1.,0.));
#3577=DIRECTION('ref_axis',(0.108394945084647,0.,0.994107909575262));
#3578=DIRECTION('',(0.,-1.,0.));
#3579=DIRECTION('center_axis',(0.,1.,0.));
#3580=DIRECTION('ref_axis',(0.108394945084647,0.,0.994107909575262));
#3581=DIRECTION('',(0.,1.,0.));
#3582=DIRECTION('center_axis',(0.,1.,0.));
#3583=DIRECTION('ref_axis',(0.83431052351867,0.,0.551294794412211));
#3584=DIRECTION('center_axis',(0.,1.,0.));
#3585=DIRECTION('ref_axis',(0.83431052351867,0.,0.551294794412211));
#3586=DIRECTION('',(0.,1.,0.));
#3587=DIRECTION('center_axis',(0.,1.,0.));
#3588=DIRECTION('ref_axis',(0.707106781186548,0.,0.707106781186547));
#3589=DIRECTION('center_axis',(0.,1.,0.));
#3590=DIRECTION('ref_axis',(0.707106781186548,0.,0.707106781186547));
#3591=DIRECTION('center_axis',(-1.,0.,0.));
#3592=DIRECTION('ref_axis',(0.,0.,1.));
#3593=DIRECTION('',(0.,0.,-1.));
#3594=DIRECTION('',(0.,1.,0.));
#3595=DIRECTION('center_axis',(2.28342883631895E-16,0.,-1.));
#3596=DIRECTION('ref_axis',(-1.,0.,-2.28342883631895E-16));
#3597=DIRECTION('',(-1.,0.,-2.28342883631895E-16));
#3598=DIRECTION('center_axis',(0.,1.,0.));
#3599=DIRECTION('ref_axis',(1.,0.,0.));
#3600=DIRECTION('',(0.,0.,1.));
#3601=DIRECTION('',(1.,0.,0.));
#3602=DIRECTION('',(0.,0.,1.));
#3603=DIRECTION('',(1.,0.,0.));
#3604=DIRECTION('',(-5.55111512312627E-17,1.,-6.28663787693994E-15));
#3605=DIRECTION('',(1.,2.77555756156239E-17,-5.5511151231258E-17));
#3606=DIRECTION('',(-1.60982338570649E-15,1.,-6.28663787693994E-15));
#3607=DIRECTION('',(1.,1.58206781009084E-15,-5.55111512312615E-17));
#3608=DIRECTION('',(6.93889390390604E-18,7.74857551839179E-46,1.));
#3609=DIRECTION('',(2.03032061039314E-14,1.,2.8028453120151E-44));
#3610=DIRECTION('',(6.93889390390604E-18,-6.33657774541597E-44,1.));
#3611=DIRECTION('',(2.02476949527001E-14,1.,3.85185988873432E-34));
#3612=DIRECTION('',(-6.93889390390722E-18,-2.77555756156289E-17,1.));
#3613=DIRECTION('',(3.57699980746418E-15,-1.,2.77555756156289E-17));
#3614=DIRECTION('',(5.55111512312627E-17,1.,6.28663787693994E-15));
#3615=DIRECTION('',(1.,-2.77555756156239E-17,-5.5511151231258E-17));
#3616=DIRECTION('',(1.60982338570649E-15,1.,6.28663787693994E-15));
#3617=DIRECTION('',(1.,-1.58206781009084E-15,-5.55111512312615E-17));
#3618=DIRECTION('',(-6.93889390390604E-18,7.74857551839179E-46,-1.));
#3619=DIRECTION('',(2.03032061039314E-14,-1.,2.8028453120151E-44));
#3620=DIRECTION('',(-6.93889390390604E-18,-6.33657774541597E-44,-1.));
#3621=DIRECTION('',(2.02476949527001E-14,-1.,3.85185988873432E-34));
#3622=DIRECTION('',(6.93889390390722E-18,-2.77555756156289E-17,-1.));
#3623=DIRECTION('',(3.57699980746418E-15,1.,2.77555756156289E-17));
#3624=DIRECTION('',(0.,0.,1.));
#3625=DIRECTION('',(1.,0.,0.));
#3626=DIRECTION('',(0.,0.,1.));
#3627=DIRECTION('',(1.,0.,0.));
#3628=DIRECTION('',(0.,0.,-1.));
#3629=DIRECTION('',(1.,0.,0.));
#3630=DIRECTION('',(0.,0.,-1.));
#3631=DIRECTION('',(1.,0.,0.));
#3632=DIRECTION('',(0.,0.,1.));
#3633=DIRECTION('',(1.,0.,0.));
#3634=DIRECTION('',(0.,0.,1.));
#3635=DIRECTION('',(1.,0.,0.));
#3636=DIRECTION('',(0.,0.,1.));
#3637=DIRECTION('',(1.,0.,0.));
#3638=CARTESIAN_POINT('',(0.,0.,0.));
#3639=CARTESIAN_POINT('',(0.,0.,0.));
#3640=CARTESIAN_POINT('Origin',(145.000000000001,329.250000000002,-582.132034355964));
#3641=CARTESIAN_POINT('',(142.000000000001,329.250000000002,-582.132034355964));
#3642=CARTESIAN_POINT('Origin',(145.000000000001,329.250000000002,-582.132034355964));
#3643=CARTESIAN_POINT('',(142.000000000001,329.250000000002,-570.132034355964));
#3644=CARTESIAN_POINT('',(142.000000000001,329.250000000002,-582.132034355964));
#3645=CARTESIAN_POINT('Origin',(145.000000000001,329.250000000002,-570.132034355964));
#3646=CARTESIAN_POINT('Origin',(25.0000000000001,382.75,-582.132034355964));
#3647=CARTESIAN_POINT('',(22.0000000000001,382.75,-582.132034355964));
#3648=CARTESIAN_POINT('Origin',(25.0000000000001,382.75,-582.132034355964));
#3649=CARTESIAN_POINT('',(22.0000000000001,382.75,-570.132034355964));
#3650=CARTESIAN_POINT('',(22.0000000000001,382.75,-582.132034355964));
#3651=CARTESIAN_POINT('Origin',(25.0000000000001,382.75,-570.132034355964));
#3652=CARTESIAN_POINT('Origin',(-94.9999999999996,329.249999999998,-582.132034355964));
#3653=CARTESIAN_POINT('',(-97.9999999999996,329.249999999998,-582.132034355964));
#3654=CARTESIAN_POINT('Origin',(-94.9999999999996,329.249999999998,-582.132034355964));
#3655=CARTESIAN_POINT('',(-97.9999999999996,329.249999999998,-570.132034355964));
#3656=CARTESIAN_POINT('',(-97.9999999999996,329.249999999998,-582.132034355964));
#3657=CARTESIAN_POINT('Origin',(-94.9999999999996,329.249999999998,-570.132034355964));
#3658=CARTESIAN_POINT('Origin',(145.000000000001,32.7499999999976,-582.132034355964));
#3659=CARTESIAN_POINT('',(142.000000000001,32.7499999999976,-582.132034355964));
#3660=CARTESIAN_POINT('Origin',(145.000000000001,32.7499999999976,-582.132034355964));
#3661=CARTESIAN_POINT('',(142.000000000001,32.7499999999976,-570.132034355964));
#3662=CARTESIAN_POINT('',(142.000000000001,32.7499999999976,-582.132034355964));
#3663=CARTESIAN_POINT('Origin',(145.000000000001,32.7499999999976,-570.132034355964));
#3664=CARTESIAN_POINT('Origin',(25.0000000000001,-20.75,-582.132034355964));
#3665=CARTESIAN_POINT('',(22.0000000000001,-20.75,-582.132034355964));
#3666=CARTESIAN_POINT('Origin',(25.0000000000001,-20.75,-582.132034355964));
#3667=CARTESIAN_POINT('',(22.0000000000001,-20.75,-570.132034355964));
#3668=CARTESIAN_POINT('',(22.0000000000001,-20.75,-582.132034355964));
#3669=CARTESIAN_POINT('Origin',(25.0000000000001,-20.75,-570.132034355964));
#3670=CARTESIAN_POINT('Origin',(-94.9999999999996,32.7500000000025,-582.132034355964));
#3671=CARTESIAN_POINT('',(-97.9999999999996,32.7500000000025,-582.132034355964));
#3672=CARTESIAN_POINT('Origin',(-94.9999999999996,32.7500000000025,-582.132034355964));
#3673=CARTESIAN_POINT('',(-97.9999999999996,32.7500000000025,-570.132034355964));
#3674=CARTESIAN_POINT('',(-97.9999999999996,32.7500000000025,-582.132034355964));
#3675=CARTESIAN_POINT('Origin',(-94.9999999999996,32.7500000000025,-570.132034355964));
#3676=CARTESIAN_POINT('Origin',(-1.14171441815948E-14,181.,-570.132034355964));
#3677=CARTESIAN_POINT('',(-4.00000000000001,181.,-582.132034355964));
#3678=CARTESIAN_POINT('Origin',(-1.14171441815948E-14,181.,-582.132034355964));
#3679=CARTESIAN_POINT('',(-4.00000000000001,181.,-570.132034355964));
#3680=CARTESIAN_POINT('',(-4.00000000000001,181.,-570.132034355964));
#3681=CARTESIAN_POINT('Origin',(-1.14171441815948E-14,181.,-570.132034355964));
#3682=CARTESIAN_POINT('Origin',(-1.14171441815948E-14,181.,-570.132034355964));
#3683=CARTESIAN_POINT('',(-325.,181.,-582.132034355964));
#3684=CARTESIAN_POINT('Origin',(-1.14171441815948E-14,181.,-582.132034355964));
#3685=CARTESIAN_POINT('',(-325.,181.,-570.132034355964));
#3686=CARTESIAN_POINT('',(-325.,181.,-570.132034355964));
#3687=CARTESIAN_POINT('Origin',(-1.14171441815948E-14,181.,-570.132034355964));
#3688=CARTESIAN_POINT('Origin',(-1.14171441815948E-14,181.,-582.132034355964));
#3689=CARTESIAN_POINT('Origin',(-1.14171441815948E-14,181.,-570.132034355964));
#3690=CARTESIAN_POINT('',(0.,0.,0.));
#3691=CARTESIAN_POINT('Origin',(-221.053204512584,329.5,-602.132034355965));
#3692=CARTESIAN_POINT('',(-221.053204512584,332.499999999999,-602.132034355965));
#3693=CARTESIAN_POINT('Origin',(-221.053204512584,329.5,-602.132034355965));
#3694=CARTESIAN_POINT('',(-209.053204512584,332.499999999999,-602.132034355965));
#3695=CARTESIAN_POINT('',(-221.053204512584,332.499999999999,-602.132034355965));
#3696=CARTESIAN_POINT('Origin',(-209.053204512584,329.5,-602.132034355965));
#3697=CARTESIAN_POINT('Origin',(-221.053204512584,329.499999999998,-382.132034355964));
#3698=CARTESIAN_POINT('',(-221.053204512584,332.499999999998,-382.132034355964));
#3699=CARTESIAN_POINT('Origin',(-221.053204512584,329.499999999998,-382.132034355964));
#3700=CARTESIAN_POINT('',(-209.053204512584,332.499999999998,-382.132034355964));
#3701=CARTESIAN_POINT('',(-221.053204512584,332.499999999998,-382.132034355964));
#3702=CARTESIAN_POINT('Origin',(-209.053204512584,329.499999999998,-382.132034355964));
#3703=CARTESIAN_POINT('Origin',(-221.053204512584,32.5000000000004,-602.132034355965));
#3704=CARTESIAN_POINT('',(-221.053204512584,35.5000000000005,-602.132034355965));
#3705=CARTESIAN_POINT('Origin',(-221.053204512584,32.5000000000004,-602.132034355965));
#3706=CARTESIAN_POINT('',(-209.053204512584,35.5000000000005,-602.132034355965));
#3707=CARTESIAN_POINT('',(-221.053204512584,35.5000000000005,-602.132034355965));
#3708=CARTESIAN_POINT('Origin',(-209.053204512584,32.5000000000004,-602.132034355965));
#3709=CARTESIAN_POINT('Origin',(-221.053204512584,32.5000000000018,-382.132034355965));
#3710=CARTESIAN_POINT('',(-221.053204512584,35.5000000000018,-382.132034355965));
#3711=CARTESIAN_POINT('Origin',(-221.053204512584,32.5000000000018,-382.132034355965));
#3712=CARTESIAN_POINT('',(-209.053204512584,35.5000000000018,-382.132034355965));
#3713=CARTESIAN_POINT('',(-221.053204512584,35.5000000000018,-382.132034355965));
#3714=CARTESIAN_POINT('Origin',(-209.053204512584,32.5000000000018,-382.132034355965));
#3715=CARTESIAN_POINT('Origin',(-209.053204512584,181.,-537.364790786155));
#3716=CARTESIAN_POINT('',(-209.053204512584,-3.5527136788005E-14,-305.857440703569));
#3717=CARTESIAN_POINT('',(-209.053204512584,362.,-305.857440703569));
#3718=CARTESIAN_POINT('Origin',(-209.053204512584,181.,-537.364790786155));
#3719=CARTESIAN_POINT('',(-221.053204512584,362.,-305.857440703569));
#3720=CARTESIAN_POINT('',(-209.053204512584,362.,-305.857440703569));
#3721=CARTESIAN_POINT('',(-221.053204512584,-7.105427357601E-14,-305.857440703569));
#3722=CARTESIAN_POINT('Origin',(-221.053204512584,181.,-537.364790786155));
#3723=CARTESIAN_POINT('',(-209.053204512584,-3.5527136788005E-14,-305.857440703569));
#3724=CARTESIAN_POINT('Origin',(-209.053204512584,3.6556610129891E-14,-620.132034355964));
#3725=CARTESIAN_POINT('',(-209.053204512584,3.6556610129891E-14,-620.132034355964));
#3726=CARTESIAN_POINT('',(-209.053204512584,0.,-243.49976540501));
#3727=CARTESIAN_POINT('',(-221.053204512584,7.105427357601E-14,-620.132034355964));
#3728=CARTESIAN_POINT('',(-221.053204512584,0.,-243.49976540501));
#3729=CARTESIAN_POINT('',(-209.053204512584,3.6556610129891E-14,-620.132034355964));
#3730=CARTESIAN_POINT('Origin',(-209.053204512584,362.,-620.132034355964));
#3731=CARTESIAN_POINT('',(-209.053204512584,362.,-620.132034355964));
#3732=CARTESIAN_POINT('',(-209.053204512584,3.6556610129891E-14,-620.132034355964));
#3733=CARTESIAN_POINT('',(-221.053204512584,362.,-620.132034355964));
#3734=CARTESIAN_POINT('',(-221.053204512584,3.6556610129891E-14,-620.132034355964));
#3735=CARTESIAN_POINT('',(-209.053204512584,362.,-620.132034355964));
#3736=CARTESIAN_POINT('Origin',(-209.053204512584,362.,-305.857440703569));
#3737=CARTESIAN_POINT('',(-209.053204512584,362.,-620.132034355964));
#3738=CARTESIAN_POINT('',(-221.053204512584,362.,-620.132034355964));
#3739=CARTESIAN_POINT('Origin',(-221.053204512584,356.,-433.544779990487));
#3740=CARTESIAN_POINT('Origin',(-209.053204512584,356.,-433.544779990487));
#3741=CARTESIAN_POINT('',(0.,0.,0.));
#3742=CARTESIAN_POINT('Origin',(-12.5,-4.5,12.));
#3743=CARTESIAN_POINT('',(-12.5,-4.5,12.));
#3744=CARTESIAN_POINT('',(-12.5,-4.5,29.));
#3745=CARTESIAN_POINT('',(-12.5,-4.5,16.25));
#3746=CARTESIAN_POINT('',(-18.,-4.5,12.));
#3747=CARTESIAN_POINT('',(-12.5,-4.5,12.));
#3748=CARTESIAN_POINT('',(-18.,-4.5,29.));
#3749=CARTESIAN_POINT('',(-18.,-4.5,6.));
#3750=CARTESIAN_POINT('',(-12.5,-4.5,29.));
#3751=CARTESIAN_POINT('Origin',(-12.5,4.5,12.));
#3752=CARTESIAN_POINT('',(-12.5,4.5,12.));
#3753=CARTESIAN_POINT('',(-12.5,2.25,12.));
#3754=CARTESIAN_POINT('',(-18.,4.5,12.));
#3755=CARTESIAN_POINT('',(-12.5,4.5,12.));
#3756=CARTESIAN_POINT('',(-18.,11.25,12.));
#3757=CARTESIAN_POINT('Origin',(-12.5,4.5,29.));
#3758=CARTESIAN_POINT('',(-12.5,4.5,29.));
#3759=CARTESIAN_POINT('',(-12.5,4.5,24.75));
#3760=CARTESIAN_POINT('',(-18.,4.5,29.));
#3761=CARTESIAN_POINT('',(-12.5,4.5,29.));
#3762=CARTESIAN_POINT('',(-18.,4.5,14.5));
#3763=CARTESIAN_POINT('Origin',(-12.5,-4.5,29.));
#3764=CARTESIAN_POINT('',(-12.5,-2.25,29.));
#3765=CARTESIAN_POINT('',(-18.,6.75,29.));
#3766=CARTESIAN_POINT('Origin',(-5.75,-3.00000004470348,5.));
#3767=CARTESIAN_POINT('',(-5.75,-3.00000004470348,5.));
#3768=CARTESIAN_POINT('',(-5.75,3.00000004470348,5.));
#3769=CARTESIAN_POINT('',(-5.75,-1.50000002235174,5.));
#3770=CARTESIAN_POINT('',(-5.75,-3.00000004470348,0.));
#3771=CARTESIAN_POINT('',(-5.75,-3.00000004470348,5.));
#3772=CARTESIAN_POINT('',(-5.75,3.00000004470348,0.));
#3773=CARTESIAN_POINT('',(-5.75,-1.50000002235174,0.));
#3774=CARTESIAN_POINT('',(-5.75,3.00000004470348,5.));
#3775=CARTESIAN_POINT('Origin',(11.25,-3.00000004470348,5.));
#3776=CARTESIAN_POINT('',(11.25,-3.00000004470348,5.));
#3777=CARTESIAN_POINT('',(5.625,-3.00000004470348,5.));
#3778=CARTESIAN_POINT('',(11.25,-3.00000004470348,0.));
#3779=CARTESIAN_POINT('',(11.25,-3.00000004470348,5.));
#3780=CARTESIAN_POINT('',(5.625,-3.00000004470348,0.));
#3781=CARTESIAN_POINT('Origin',(11.25,3.00000004470348,5.));
#3782=CARTESIAN_POINT('',(11.25,3.00000004470348,5.));
#3783=CARTESIAN_POINT('',(11.25,1.50000002235174,5.));
#3784=CARTESIAN_POINT('',(11.25,3.00000004470348,0.));
#3785=CARTESIAN_POINT('',(11.25,3.00000004470348,5.));
#3786=CARTESIAN_POINT('',(11.25,1.50000002235174,0.));
#3787=CARTESIAN_POINT('Origin',(-5.75,3.00000004470348,5.));
#3788=CARTESIAN_POINT('',(-2.875,3.00000004470348,5.));
#3789=CARTESIAN_POINT('',(-2.875,3.00000004470348,0.));
#3790=CARTESIAN_POINT('Origin',(-12.5,18.,36.));
#3791=CARTESIAN_POINT('',(-12.5,18.,36.));
#3792=CARTESIAN_POINT('',(18.,18.,5.));
#3793=CARTESIAN_POINT('',(-12.5,18.,36.));
#3794=CARTESIAN_POINT('',(-12.5,15.,36.));
#3795=CARTESIAN_POINT('',(-12.5,-18.,36.));
#3796=CARTESIAN_POINT('',(18.,15.,5.));
#3797=CARTESIAN_POINT('',(-12.5,15.,36.));
#3798=CARTESIAN_POINT('',(18.,-18.,5.));
#3799=CARTESIAN_POINT('Origin',(2.75,15.,20.5));
#3800=CARTESIAN_POINT('',(-12.5,15.,5.));
#3801=CARTESIAN_POINT('',(-12.5,15.,20.5));
#3802=CARTESIAN_POINT('',(1.375,15.,5.));
#3803=CARTESIAN_POINT('Origin',(0.,0.,5.));
#3804=CARTESIAN_POINT('',(-12.5,-15.,5.));
#3805=CARTESIAN_POINT('',(-12.5,0.,5.));
#3806=CARTESIAN_POINT('',(18.,-15.,5.));
#3807=CARTESIAN_POINT('',(1.375,-15.,5.));
#3808=CARTESIAN_POINT('',(18.,-18.,5.));
#3809=CARTESIAN_POINT('Origin',(-12.5,0.,20.5));
#3810=CARTESIAN_POINT('',(-12.5,-15.,36.));
#3811=CARTESIAN_POINT('',(-12.5,-18.,36.));
#3812=CARTESIAN_POINT('',(-12.5,-15.,20.5));
#3813=CARTESIAN_POINT('Origin',(-12.5,-18.,36.));
#3814=CARTESIAN_POINT('',(-12.5,-18.,36.));
#3815=CARTESIAN_POINT('',(18.,-18.,5.));
#3816=CARTESIAN_POINT('',(-12.5,-18.,36.));
#3817=CARTESIAN_POINT('',(18.,-18.,5.));
#3818=CARTESIAN_POINT('',(-12.5,-15.,36.));
#3819=CARTESIAN_POINT('',(-12.5,-18.,36.));
#3820=CARTESIAN_POINT('Origin',(2.75,-15.,20.5));
#3821=CARTESIAN_POINT('Origin',(-18.,18.,36.));
#3822=CARTESIAN_POINT('',(-18.,-18.,36.));
#3823=CARTESIAN_POINT('',(-18.,18.,36.));
#3824=CARTESIAN_POINT('',(-18.,-18.,36.));
#3825=CARTESIAN_POINT('',(-18.,-18.,36.));
#3826=CARTESIAN_POINT('',(-18.,18.,36.));
#3827=CARTESIAN_POINT('Origin',(-18.,-18.,0.));
#3828=CARTESIAN_POINT('',(-18.,-18.,0.));
#3829=CARTESIAN_POINT('',(18.,-18.,0.));
#3830=CARTESIAN_POINT('',(-18.,-18.,0.));
#3831=CARTESIAN_POINT('',(18.,-18.,0.));
#3832=CARTESIAN_POINT('',(-18.,-18.,0.));
#3833=CARTESIAN_POINT('Origin',(-18.,18.,0.));
#3834=CARTESIAN_POINT('',(-18.,18.,0.));
#3835=CARTESIAN_POINT('',(-18.,18.,0.));
#3836=CARTESIAN_POINT('',(-18.,18.,0.));
#3837=CARTESIAN_POINT('Origin',(18.,18.,0.));
#3838=CARTESIAN_POINT('',(18.,18.,0.));
#3839=CARTESIAN_POINT('',(18.,18.,0.));
#3840=CARTESIAN_POINT('',(18.,18.,0.));
#3841=CARTESIAN_POINT('Origin',(18.,-18.,0.));
#3842=CARTESIAN_POINT('',(18.,-18.,0.));
#3843=CARTESIAN_POINT('Origin',(0.,0.,0.));
#3844=CARTESIAN_POINT('',(0.,0.,0.));
#3845=CARTESIAN_POINT('Origin',(-12.5,-4.5,-12.));
#3846=CARTESIAN_POINT('',(-12.5,-4.5,-12.));
#3847=CARTESIAN_POINT('',(-12.5,-4.5,-29.));
#3848=CARTESIAN_POINT('',(-12.5,-4.5,-16.25));
#3849=CARTESIAN_POINT('',(-18.,-4.5,-29.));
#3850=CARTESIAN_POINT('',(-12.5,-4.5,-29.));
#3851=CARTESIAN_POINT('',(-18.,-4.5,-12.));
#3852=CARTESIAN_POINT('',(-18.,-4.5,-6.));
#3853=CARTESIAN_POINT('',(-12.5,-4.5,-12.));
#3854=CARTESIAN_POINT('Origin',(-12.5,4.5,-12.));
#3855=CARTESIAN_POINT('',(-12.5,4.5,-12.));
#3856=CARTESIAN_POINT('',(-12.5,2.25,-12.));
#3857=CARTESIAN_POINT('',(-18.,4.5,-12.));
#3858=CARTESIAN_POINT('',(-18.,11.25,-12.));
#3859=CARTESIAN_POINT('',(-12.5,4.5,-12.));
#3860=CARTESIAN_POINT('Origin',(-12.5,4.5,-29.));
#3861=CARTESIAN_POINT('',(-12.5,4.5,-29.));
#3862=CARTESIAN_POINT('',(-12.5,4.5,-24.75));
#3863=CARTESIAN_POINT('',(-18.,4.5,-29.));
#3864=CARTESIAN_POINT('',(-18.,4.5,-14.5));
#3865=CARTESIAN_POINT('',(-12.5,4.5,-29.));
#3866=CARTESIAN_POINT('Origin',(-12.5,-4.5,-29.));
#3867=CARTESIAN_POINT('',(-12.5,-2.25,-29.));
#3868=CARTESIAN_POINT('',(-18.,6.75,-29.));
#3869=CARTESIAN_POINT('Origin',(-5.75,-3.00000004470348,-5.));
#3870=CARTESIAN_POINT('',(-5.75,-3.00000004470348,-5.));
#3871=CARTESIAN_POINT('',(-5.75,3.00000004470348,-5.));
#3872=CARTESIAN_POINT('',(-5.75,-1.50000002235174,-5.));
#3873=CARTESIAN_POINT('',(-5.75,3.00000004470348,0.));
#3874=CARTESIAN_POINT('',(-5.75,3.00000004470348,-5.));
#3875=CARTESIAN_POINT('',(-5.75,-3.00000004470348,0.));
#3876=CARTESIAN_POINT('',(-5.75,-1.50000002235174,0.));
#3877=CARTESIAN_POINT('',(-5.75,-3.00000004470348,-5.));
#3878=CARTESIAN_POINT('Origin',(11.25,-3.00000004470348,-5.));
#3879=CARTESIAN_POINT('',(11.25,-3.00000004470348,-5.));
#3880=CARTESIAN_POINT('',(5.625,-3.00000004470348,-5.));
#3881=CARTESIAN_POINT('',(11.25,-3.00000004470348,0.));
#3882=CARTESIAN_POINT('',(5.625,-3.00000004470348,0.));
#3883=CARTESIAN_POINT('',(11.25,-3.00000004470348,-5.));
#3884=CARTESIAN_POINT('Origin',(11.25,3.00000004470348,-5.));
#3885=CARTESIAN_POINT('',(11.25,3.00000004470348,-5.));
#3886=CARTESIAN_POINT('',(11.25,1.50000002235174,-5.));
#3887=CARTESIAN_POINT('',(11.25,3.00000004470348,0.));
#3888=CARTESIAN_POINT('',(11.25,1.50000002235174,0.));
#3889=CARTESIAN_POINT('',(11.25,3.00000004470348,-5.));
#3890=CARTESIAN_POINT('Origin',(-5.75,3.00000004470348,-5.));
#3891=CARTESIAN_POINT('',(-2.875,3.00000004470348,-5.));
#3892=CARTESIAN_POINT('',(-2.875,3.00000004470348,0.));
#3893=CARTESIAN_POINT('Origin',(-12.5,18.,-36.));
#3894=CARTESIAN_POINT('',(-12.5,18.,-36.));
#3895=CARTESIAN_POINT('',(18.,18.,-5.));
#3896=CARTESIAN_POINT('',(-12.5,18.,-36.));
#3897=CARTESIAN_POINT('',(18.,15.,-5.));
#3898=CARTESIAN_POINT('',(18.,-18.,-5.));
#3899=CARTESIAN_POINT('',(-12.5,15.,-36.));
#3900=CARTESIAN_POINT('',(-12.5,15.,-36.));
#3901=CARTESIAN_POINT('',(-12.5,-18.,-36.));
#3902=CARTESIAN_POINT('Origin',(2.75,15.,-20.5));
#3903=CARTESIAN_POINT('',(-12.5,15.,-5.));
#3904=CARTESIAN_POINT('',(-12.5,15.,-20.5));
#3905=CARTESIAN_POINT('',(1.375,15.,-5.));
#3906=CARTESIAN_POINT('Origin',(0.,0.,-5.));
#3907=CARTESIAN_POINT('',(18.,-15.,-5.));
#3908=CARTESIAN_POINT('',(18.,-18.,-5.));
#3909=CARTESIAN_POINT('',(-12.5,-15.,-5.));
#3910=CARTESIAN_POINT('',(1.375,-15.,-5.));
#3911=CARTESIAN_POINT('',(-12.5,0.,-5.));
#3912=CARTESIAN_POINT('Origin',(-12.5,0.,-20.5));
#3913=CARTESIAN_POINT('',(-12.5,-15.,-36.));
#3914=CARTESIAN_POINT('',(-12.5,-15.,-20.5));
#3915=CARTESIAN_POINT('',(-12.5,-18.,-36.));
#3916=CARTESIAN_POINT('Origin',(-12.5,-18.,-36.));
#3917=CARTESIAN_POINT('',(-12.5,-18.,-36.));
#3918=CARTESIAN_POINT('',(18.,-18.,-5.));
#3919=CARTESIAN_POINT('',(-12.5,-18.,-36.));
#3920=CARTESIAN_POINT('',(-12.5,-18.,-36.));
#3921=CARTESIAN_POINT('',(-12.5,-15.,-36.));
#3922=CARTESIAN_POINT('',(18.,-18.,-5.));
#3923=CARTESIAN_POINT('Origin',(2.75,-15.,-20.5));
#3924=CARTESIAN_POINT('Origin',(-18.,18.,-36.));
#3925=CARTESIAN_POINT('',(-18.,-18.,-36.));
#3926=CARTESIAN_POINT('',(-18.,18.,-36.));
#3927=CARTESIAN_POINT('',(-18.,-18.,-36.));
#3928=CARTESIAN_POINT('',(-18.,18.,-36.));
#3929=CARTESIAN_POINT('',(-18.,-18.,-36.));
#3930=CARTESIAN_POINT('Origin',(-18.,-18.,0.));
#3931=CARTESIAN_POINT('',(-18.,-18.,0.));
#3932=CARTESIAN_POINT('',(18.,-18.,0.));
#3933=CARTESIAN_POINT('',(-18.,-18.,0.));
#3934=CARTESIAN_POINT('',(-18.,-18.,0.));
#3935=CARTESIAN_POINT('',(18.,-18.,0.));
#3936=CARTESIAN_POINT('Origin',(-18.,18.,0.));
#3937=CARTESIAN_POINT('',(-18.,18.,0.));
#3938=CARTESIAN_POINT('',(-18.,18.,0.));
#3939=CARTESIAN_POINT('',(-18.,18.,0.));
#3940=CARTESIAN_POINT('Origin',(18.,18.,0.));
#3941=CARTESIAN_POINT('',(18.,18.,0.));
#3942=CARTESIAN_POINT('',(18.,18.,0.));
#3943=CARTESIAN_POINT('',(18.,18.,0.));
#3944=CARTESIAN_POINT('Origin',(18.,-18.,0.));
#3945=CARTESIAN_POINT('',(18.,-18.,0.));
#3946=CARTESIAN_POINT('Origin',(0.,0.,0.));
#3947=CARTESIAN_POINT('',(0.,0.,0.));
#3948=CARTESIAN_POINT('Origin',(-0.000423474780866863,0.,-260.13203435562));
#3949=CARTESIAN_POINT('',(-3.15042347478087,-12.,-260.13203435562));
#3950=CARTESIAN_POINT('Origin',(-0.000423474780866863,-12.,-260.13203435562));
#3951=CARTESIAN_POINT('',(-3.15042347478087,0.,-260.13203435562));
#3952=CARTESIAN_POINT('',(-3.15042347478087,0.,-260.13203435562));
#3953=CARTESIAN_POINT('Origin',(-0.000423474780866863,0.,-260.13203435562));
#3954=CARTESIAN_POINT('Origin',(-0.000423474780866863,0.,-260.13203435562));
#3955=CARTESIAN_POINT('',(-38.3330173747773,0.,-248.703462927048));
#3956=CARTESIAN_POINT('',(38.3321704252155,0.,-248.703462927048));
#3957=CARTESIAN_POINT('Origin',(-0.000423474780866863,0.,-260.13203435562));
#3958=CARTESIAN_POINT('',(38.3321704252155,-12.,-248.703462927048));
#3959=CARTESIAN_POINT('',(38.3321704252155,0.,-248.703462927048));
#3960=CARTESIAN_POINT('',(-38.3330173747773,-12.,-248.703462927048));
#3961=CARTESIAN_POINT('Origin',(-0.000423474780866863,-12.,-260.13203435562));
#3962=CARTESIAN_POINT('',(-38.3330173747773,0.,-248.703462927048));
#3963=CARTESIAN_POINT('Origin',(-19.1667204247791,0.,-184.417748641334));
#3964=CARTESIAN_POINT('',(-19.1667204247791,0.,-184.417748641334));
#3965=CARTESIAN_POINT('',(-38.3330173747773,0.,-248.703462927048));
#3966=CARTESIAN_POINT('',(-19.1667204247791,-12.,-184.417748641334));
#3967=CARTESIAN_POINT('',(-38.3330173747773,-12.,-248.703462927048));
#3968=CARTESIAN_POINT('',(-19.1667204247791,0.,-184.417748641334));
#3969=CARTESIAN_POINT('Origin',(-0.000423474780866863,0.,-190.13203435562));
#3970=CARTESIAN_POINT('',(19.1658734752173,0.,-184.417748641334));
#3971=CARTESIAN_POINT('Origin',(-0.000423474780866863,0.,-190.13203435562));
#3972=CARTESIAN_POINT('',(19.1658734752173,-12.,-184.417748641334));
#3973=CARTESIAN_POINT('Origin',(-0.000423474780866863,-12.,-190.13203435562));
#3974=CARTESIAN_POINT('',(19.1658734752173,0.,-184.417748641334));
#3975=CARTESIAN_POINT('Origin',(38.3321704252155,0.,-248.703462927048));
#3976=CARTESIAN_POINT('',(38.3321704252155,0.,-248.703462927048));
#3977=CARTESIAN_POINT('',(38.3321704252155,-12.,-248.703462927048));
#3978=CARTESIAN_POINT('Origin',(-0.00042347478086846,-12.,-235.13203435562));
#3979=CARTESIAN_POINT('Origin',(-0.00042347478086846,0.,-235.13203435562));
#3980=CARTESIAN_POINT('',(0.,0.,0.));
#3981=CARTESIAN_POINT('Origin',(8.88178419700125E-15,0.,-1.06581410364015E-13));
#3982=CARTESIAN_POINT('',(130.34029871339,0.,-167.36608536769));
#3983=CARTESIAN_POINT('',(149.125166744751,0.,-150.869760533219));
#3984=CARTESIAN_POINT('Origin',(8.88178419700125E-15,0.,-1.06581410364015E-13));
#3985=CARTESIAN_POINT('',(149.125166744751,12.,-150.869760533219));
#3986=CARTESIAN_POINT('',(149.125166744751,0.,-150.869760533219));
#3987=CARTESIAN_POINT('',(130.34029871339,12.,-167.36608536769));
#3988=CARTESIAN_POINT('Origin',(8.88178419700125E-15,12.,-1.06581410364015E-13));
#3989=CARTESIAN_POINT('',(130.34029871339,0.,-167.36608536769));
#3990=CARTESIAN_POINT('Origin',(136.00204510443,0.,-173.094067712064));
#3991=CARTESIAN_POINT('',(136.00204510443,0.,-173.094067712064));
#3992=CARTESIAN_POINT('',(136.00204510443,0.,-173.094067712064));
#3993=CARTESIAN_POINT('',(136.00204510443,12.,-173.094067712064));
#3994=CARTESIAN_POINT('',(136.00204510443,12.,-173.094067712064));
#3995=CARTESIAN_POINT('',(136.00204510443,0.,-173.094067712064));
#3996=CARTESIAN_POINT('Origin',(8.88178419700125E-15,0.,-1.06581410364015E-13));
#3997=CARTESIAN_POINT('',(154.749028966126,0.,-156.559415506501));
#3998=CARTESIAN_POINT('Origin',(8.88178419700125E-15,0.,-1.06581410364015E-13));
#3999=CARTESIAN_POINT('',(154.749028966126,12.,-156.559415506501));
#4000=CARTESIAN_POINT('Origin',(8.88178419700125E-15,12.,-1.06581410364015E-13));
#4001=CARTESIAN_POINT('',(154.749028966126,0.,-156.559415506501));
#4002=CARTESIAN_POINT('Origin',(149.125166744751,0.,-150.869760533219));
#4003=CARTESIAN_POINT('',(154.749028966126,0.,-156.559415506501));
#4004=CARTESIAN_POINT('',(154.749028966126,12.,-156.559415506501));
#4005=CARTESIAN_POINT('Origin',(142.544663839758,0.,-161.981914122641));
#4006=CARTESIAN_POINT('Origin',(142.544663839758,12.,-161.981914122641));
#4007=CARTESIAN_POINT('Origin',(-130.34029871339,0.,-167.366085367688));
#4008=CARTESIAN_POINT('',(-136.002045104429,0.,-173.094067712063));
#4009=CARTESIAN_POINT('',(-130.34029871339,0.,-167.366085367688));
#4010=CARTESIAN_POINT('',(-136.002045104429,0.,-173.094067712063));
#4011=CARTESIAN_POINT('',(-136.002045104429,12.,-173.094067712063));
#4012=CARTESIAN_POINT('',(-136.002045104429,0.,-173.094067712063));
#4013=CARTESIAN_POINT('',(-130.34029871339,12.,-167.366085367688));
#4014=CARTESIAN_POINT('',(-136.002045104429,12.,-173.094067712063));
#4015=CARTESIAN_POINT('',(-130.34029871339,0.,-167.366085367688));
#4016=CARTESIAN_POINT('Origin',(8.88178419700125E-15,0.,-1.06581410364015E-13));
#4017=CARTESIAN_POINT('',(-149.12516674475,0.,-150.869760533218));
#4018=CARTESIAN_POINT('Origin',(8.88178419700125E-15,0.,-1.06581410364015E-13));
#4019=CARTESIAN_POINT('',(-149.12516674475,12.,-150.869760533218));
#4020=CARTESIAN_POINT('Origin',(8.88178419700125E-15,12.,-1.06581410364015E-13));
#4021=CARTESIAN_POINT('',(-149.12516674475,0.,-150.869760533218));
#4022=CARTESIAN_POINT('Origin',(-154.749028966126,0.,-156.559415506499));
#4023=CARTESIAN_POINT('',(-154.749028966126,0.,-156.559415506499));
#4024=CARTESIAN_POINT('',(-154.749028966126,0.,-156.559415506499));
#4025=CARTESIAN_POINT('',(-154.749028966126,12.,-156.559415506499));
#4026=CARTESIAN_POINT('',(-154.749028966126,12.,-156.559415506499));
#4027=CARTESIAN_POINT('',(-154.749028966126,0.,-156.559415506499));
#4028=CARTESIAN_POINT('Origin',(8.88178419700125E-15,0.,-1.06581410364015E-13));
#4029=CARTESIAN_POINT('Origin',(8.88178419700125E-15,0.,-1.06581410364015E-13));
#4030=CARTESIAN_POINT('Origin',(8.88178419700125E-15,12.,-1.06581410364015E-13));
#4031=CARTESIAN_POINT('Origin',(-142.544663839758,0.,-161.981914122641));
#4032=CARTESIAN_POINT('Origin',(-142.544663839758,12.,-161.981914122641));
#4033=CARTESIAN_POINT('',(0.,0.,0.));
#4034=CARTESIAN_POINT('Origin',(-0.000423474780866863,0.,260.13203435562));
#4035=CARTESIAN_POINT('',(-3.15042347478087,-12.,260.13203435562));
#4036=CARTESIAN_POINT('Origin',(-0.000423474780866863,-12.,260.13203435562));
#4037=CARTESIAN_POINT('',(-3.15042347478087,0.,260.13203435562));
#4038=CARTESIAN_POINT('',(-3.15042347478087,0.,260.13203435562));
#4039=CARTESIAN_POINT('Origin',(-0.000423474780866863,0.,260.13203435562));
#4040=CARTESIAN_POINT('Origin',(-0.000423474780866863,0.,260.13203435562));
#4041=CARTESIAN_POINT('',(-38.3330173747773,0.,248.703462927048));
#4042=CARTESIAN_POINT('',(38.3321704252155,0.,248.703462927048));
#4043=CARTESIAN_POINT('Origin',(-0.000423474780866863,0.,260.13203435562));
#4044=CARTESIAN_POINT('',(-38.3330173747773,-12.,248.703462927048));
#4045=CARTESIAN_POINT('',(-38.3330173747773,0.,248.703462927048));
#4046=CARTESIAN_POINT('',(38.3321704252155,-12.,248.703462927048));
#4047=CARTESIAN_POINT('Origin',(-0.000423474780866863,-12.,260.13203435562));
#4048=CARTESIAN_POINT('',(38.3321704252155,0.,248.703462927048));
#4049=CARTESIAN_POINT('Origin',(-19.1667204247791,0.,184.417748641334));
#4050=CARTESIAN_POINT('',(-19.1667204247791,0.,184.417748641334));
#4051=CARTESIAN_POINT('',(-38.3330173747773,0.,248.703462927048));
#4052=CARTESIAN_POINT('',(-19.1667204247791,-12.,184.417748641334));
#4053=CARTESIAN_POINT('',(-19.1667204247791,0.,184.417748641334));
#4054=CARTESIAN_POINT('',(-38.3330173747773,-12.,248.703462927048));
#4055=CARTESIAN_POINT('Origin',(-0.000423474780866863,0.,190.13203435562));
#4056=CARTESIAN_POINT('',(19.1658734752173,0.,184.417748641334));
#4057=CARTESIAN_POINT('Origin',(-0.000423474780866863,0.,190.13203435562));
#4058=CARTESIAN_POINT('',(19.1658734752173,-12.,184.417748641334));
#4059=CARTESIAN_POINT('',(19.1658734752173,0.,184.417748641334));
#4060=CARTESIAN_POINT('Origin',(-0.000423474780866863,-12.,190.13203435562));
#4061=CARTESIAN_POINT('Origin',(38.3321704252155,0.,248.703462927048));
#4062=CARTESIAN_POINT('',(38.3321704252155,0.,248.703462927048));
#4063=CARTESIAN_POINT('',(38.3321704252155,-12.,248.703462927048));
#4064=CARTESIAN_POINT('Origin',(-0.00042347478086846,-12.,235.13203435562));
#4065=CARTESIAN_POINT('Origin',(-0.00042347478086846,0.,235.13203435562));
#4066=CARTESIAN_POINT('',(0.,0.,0.));
#4067=CARTESIAN_POINT('Origin',(8.88178419700125E-15,0.,1.06581410364015E-13));
#4068=CARTESIAN_POINT('',(130.34029871339,0.,167.36608536769));
#4069=CARTESIAN_POINT('',(149.125166744751,0.,150.869760533219));
#4070=CARTESIAN_POINT('Origin',(8.88178419700125E-15,0.,1.06581410364015E-13));
#4071=CARTESIAN_POINT('',(130.34029871339,12.,167.36608536769));
#4072=CARTESIAN_POINT('',(130.34029871339,0.,167.36608536769));
#4073=CARTESIAN_POINT('',(149.125166744751,12.,150.869760533219));
#4074=CARTESIAN_POINT('Origin',(8.88178419700125E-15,12.,1.06581410364015E-13));
#4075=CARTESIAN_POINT('',(149.125166744751,0.,150.869760533219));
#4076=CARTESIAN_POINT('Origin',(136.00204510443,0.,173.094067712064));
#4077=CARTESIAN_POINT('',(136.00204510443,0.,173.094067712064));
#4078=CARTESIAN_POINT('',(136.00204510443,0.,173.094067712064));
#4079=CARTESIAN_POINT('',(136.00204510443,12.,173.094067712064));
#4080=CARTESIAN_POINT('',(136.00204510443,0.,173.094067712064));
#4081=CARTESIAN_POINT('',(136.00204510443,12.,173.094067712064));
#4082=CARTESIAN_POINT('Origin',(8.88178419700125E-15,0.,1.06581410364015E-13));
#4083=CARTESIAN_POINT('',(154.749028966126,0.,156.559415506501));
#4084=CARTESIAN_POINT('Origin',(8.88178419700125E-15,0.,1.06581410364015E-13));
#4085=CARTESIAN_POINT('',(154.749028966126,12.,156.559415506501));
#4086=CARTESIAN_POINT('',(154.749028966126,0.,156.559415506501));
#4087=CARTESIAN_POINT('Origin',(8.88178419700125E-15,12.,1.06581410364015E-13));
#4088=CARTESIAN_POINT('Origin',(149.125166744751,0.,150.869760533219));
#4089=CARTESIAN_POINT('',(154.749028966126,0.,156.559415506501));
#4090=CARTESIAN_POINT('',(154.749028966126,12.,156.559415506501));
#4091=CARTESIAN_POINT('Origin',(142.544663839758,0.,161.981914122641));
#4092=CARTESIAN_POINT('Origin',(142.544663839758,12.,161.981914122641));
#4093=CARTESIAN_POINT('Origin',(-130.34029871339,0.,167.366085367688));
#4094=CARTESIAN_POINT('',(-136.002045104429,0.,173.094067712063));
#4095=CARTESIAN_POINT('',(-130.34029871339,0.,167.366085367688));
#4096=CARTESIAN_POINT('',(-136.002045104429,0.,173.094067712063));
#4097=CARTESIAN_POINT('',(-130.34029871339,12.,167.366085367688));
#4098=CARTESIAN_POINT('',(-130.34029871339,0.,167.366085367688));
#4099=CARTESIAN_POINT('',(-136.002045104429,12.,173.094067712063));
#4100=CARTESIAN_POINT('',(-136.002045104429,12.,173.094067712063));
#4101=CARTESIAN_POINT('',(-136.002045104429,0.,173.094067712063));
#4102=CARTESIAN_POINT('Origin',(8.88178419700125E-15,0.,1.06581410364015E-13));
#4103=CARTESIAN_POINT('',(-149.12516674475,0.,150.869760533218));
#4104=CARTESIAN_POINT('Origin',(8.88178419700125E-15,0.,1.06581410364015E-13));
#4105=CARTESIAN_POINT('',(-149.12516674475,12.,150.869760533218));
#4106=CARTESIAN_POINT('',(-149.12516674475,0.,150.869760533218));
#4107=CARTESIAN_POINT('Origin',(8.88178419700125E-15,12.,1.06581410364015E-13));
#4108=CARTESIAN_POINT('Origin',(-154.749028966126,0.,156.559415506499));
#4109=CARTESIAN_POINT('',(-154.749028966126,0.,156.559415506499));
#4110=CARTESIAN_POINT('',(-154.749028966126,0.,156.559415506499));
#4111=CARTESIAN_POINT('',(-154.749028966126,12.,156.559415506499));
#4112=CARTESIAN_POINT('',(-154.749028966126,0.,156.559415506499));
#4113=CARTESIAN_POINT('',(-154.749028966126,12.,156.559415506499));
#4114=CARTESIAN_POINT('Origin',(8.88178419700125E-15,0.,1.06581410364015E-13));
#4115=CARTESIAN_POINT('Origin',(8.88178419700125E-15,0.,1.06581410364015E-13));
#4116=CARTESIAN_POINT('Origin',(8.88178419700125E-15,12.,1.06581410364015E-13));
#4117=CARTESIAN_POINT('Origin',(-142.544663839758,0.,161.981914122641));
#4118=CARTESIAN_POINT('Origin',(-142.544663839758,12.,161.981914122641));
#4119=CARTESIAN_POINT('',(0.,0.,0.));
#4120=CARTESIAN_POINT('Origin',(-1.14171441815948E-14,181.,-582.132034355964));
#4121=CARTESIAN_POINT('',(-4.00000000000001,181.,-590.132034355964));
#4122=CARTESIAN_POINT('Origin',(-1.14171441815948E-14,181.,-590.132034355964));
#4123=CARTESIAN_POINT('',(-4.00000000000001,181.,-582.132034355964));
#4124=CARTESIAN_POINT('',(-4.00000000000001,181.,-582.132034355964));
#4125=CARTESIAN_POINT('Origin',(-1.14171441815948E-14,181.,-582.132034355964));
#4126=CARTESIAN_POINT('Origin',(-1.14171441815948E-14,181.,-582.132034355964));
#4127=CARTESIAN_POINT('',(-50.,181.,-590.132034355964));
#4128=CARTESIAN_POINT('Origin',(-1.14171441815948E-14,181.,-590.132034355964));
#4129=CARTESIAN_POINT('',(-50.,181.,-582.132034355964));
#4130=CARTESIAN_POINT('',(-50.,181.,-582.132034355964));
#4131=CARTESIAN_POINT('Origin',(-1.14171441815948E-14,181.,-582.132034355964));
#4132=CARTESIAN_POINT('Origin',(-8.88178419700125E-15,181.,-590.132034355964));
#4133=CARTESIAN_POINT('Origin',(-8.88178419700125E-15,181.,-582.132034355964));
#4134=CARTESIAN_POINT('',(0.,0.,0.));
#4135=CARTESIAN_POINT('Origin',(-1.14171441815948E-14,181.,-598.132034355964));
#4136=CARTESIAN_POINT('',(-4.00000000000001,181.,-610.132034355964));
#4137=CARTESIAN_POINT('Origin',(-1.14171441815948E-14,181.,-610.132034355964));
#4138=CARTESIAN_POINT('',(-4.00000000000001,181.,-598.132034355964));
#4139=CARTESIAN_POINT('',(-4.00000000000001,181.,-598.132034355964));
#4140=CARTESIAN_POINT('Origin',(-1.14171441815948E-14,181.,-598.132034355964));
#4141=CARTESIAN_POINT('Origin',(-1.14171441815948E-14,181.,-598.132034355964));
#4142=CARTESIAN_POINT('',(-225.,181.,-610.132034355964));
#4143=CARTESIAN_POINT('Origin',(-1.14171441815948E-14,181.,-610.132034355964));
#4144=CARTESIAN_POINT('',(-225.,181.,-598.132034355964));
#4145=CARTESIAN_POINT('',(-225.,181.,-598.132034355964));
#4146=CARTESIAN_POINT('Origin',(-1.14171441815948E-14,181.,-598.132034355964));
#4147=CARTESIAN_POINT('Origin',(0.,181.,-610.132034355964));
#4148=CARTESIAN_POINT('Origin',(0.,181.,-598.132034355964));
#4149=CARTESIAN_POINT('Origin',(-94.9999999999999,0.,-549.632034355964));
#4150=CARTESIAN_POINT('',(-97.9999999999999,0.,-549.632034355964));
#4151=CARTESIAN_POINT('Origin',(-94.9999999999999,0.,-549.632034355964));
#4152=CARTESIAN_POINT('',(-97.9999999999999,12.,-549.632034355964));
#4153=CARTESIAN_POINT('',(-97.9999999999999,0.,-549.632034355964));
#4154=CARTESIAN_POINT('Origin',(-94.9999999999999,12.,-549.632034355964));
#4155=CARTESIAN_POINT('Origin',(-0.000423474780866863,0.,-260.13203435562));
#4156=CARTESIAN_POINT('',(-3.15042347478087,0.,-260.13203435562));
#4157=CARTESIAN_POINT('Origin',(-0.000423474780866863,0.,-260.13203435562));
#4158=CARTESIAN_POINT('',(-3.15042347478087,12.,-260.13203435562));
#4159=CARTESIAN_POINT('',(-3.15042347478087,0.,-260.13203435562));
#4160=CARTESIAN_POINT('Origin',(-0.000423474780866863,12.,-260.13203435562));
#4161=CARTESIAN_POINT('Origin',(25.0000000000001,0.,-549.632034355964));
#4162=CARTESIAN_POINT('',(22.,0.,-549.632034355964));
#4163=CARTESIAN_POINT('Origin',(25.0000000000001,0.,-549.632034355964));
#4164=CARTESIAN_POINT('',(22.,12.,-549.632034355964));
#4165=CARTESIAN_POINT('',(22.,0.,-549.632034355964));
#4166=CARTESIAN_POINT('Origin',(25.0000000000001,12.,-549.632034355964));
#4167=CARTESIAN_POINT('Origin',(-188.303204512584,0.,-552.132034355965));
#4168=CARTESIAN_POINT('',(-191.303204512584,0.,-552.132034355965));
#4169=CARTESIAN_POINT('Origin',(-188.303204512584,0.,-552.132034355965));
#4170=CARTESIAN_POINT('',(-191.303204512584,12.,-552.132034355965));
#4171=CARTESIAN_POINT('',(-191.303204512584,0.,-552.132034355965));
#4172=CARTESIAN_POINT('Origin',(-188.303204512584,12.,-552.132034355965));
#4173=CARTESIAN_POINT('Origin',(-188.303204512584,0.,-332.132034355964));
#4174=CARTESIAN_POINT('',(-191.303204512584,0.,-332.132034355964));
#4175=CARTESIAN_POINT('Origin',(-188.303204512584,0.,-332.132034355964));
#4176=CARTESIAN_POINT('',(-191.303204512584,12.,-332.132034355964));
#4177=CARTESIAN_POINT('',(-191.303204512584,0.,-332.132034355964));
#4178=CARTESIAN_POINT('Origin',(-188.303204512584,12.,-332.132034355964));
#4179=CARTESIAN_POINT('Origin',(145.,0.,-549.632034355964));
#4180=CARTESIAN_POINT('',(142.,0.,-549.632034355964));
#4181=CARTESIAN_POINT('Origin',(145.,0.,-549.632034355964));
#4182=CARTESIAN_POINT('',(142.,12.,-549.632034355964));
#4183=CARTESIAN_POINT('',(142.,0.,-549.632034355964));
#4184=CARTESIAN_POINT('Origin',(145.,12.,-549.632034355964));
#4185=CARTESIAN_POINT('Origin',(-158.263942854485,0.,-160.1154498648));
#4186=CARTESIAN_POINT('',(-154.749028966126,12.,-156.559415506499));
#4187=CARTESIAN_POINT('',(-162.462630046618,12.,-157.400486538599));
#4188=CARTESIAN_POINT('Origin',(-158.263942854485,12.,-160.1154498648));
#4189=CARTESIAN_POINT('',(-162.462630046618,0.,-157.400486538599));
#4190=CARTESIAN_POINT('',(-162.462630046618,0.,-157.400486538599));
#4191=CARTESIAN_POINT('',(-154.749028966126,0.,-156.559415506499));
#4192=CARTESIAN_POINT('Origin',(-158.263942854485,0.,-160.1154498648));
#4193=CARTESIAN_POINT('',(-154.749028966126,0.,-156.559415506499));
#4194=CARTESIAN_POINT('Origin',(365.097192251012,0.,-498.532250914616));
#4195=CARTESIAN_POINT('',(-209.053204512584,12.,-243.49976540501));
#4196=CARTESIAN_POINT('Origin',(365.097192251012,12.,-498.532250914616));
#4197=CARTESIAN_POINT('',(-209.053204512584,0.,-243.49976540501));
#4198=CARTESIAN_POINT('',(-209.053204512584,0.,-243.49976540501));
#4199=CARTESIAN_POINT('Origin',(365.097192251012,0.,-498.532250914616));
#4200=CARTESIAN_POINT('Origin',(27.0466914830292,12.,-361.158379941885));
#4201=CARTESIAN_POINT('',(154.749028966126,12.,-156.559415506499));
#4202=CARTESIAN_POINT('Origin',(0.,12.,0.));
#4203=CARTESIAN_POINT('',(162.462630046618,12.,-157.400486538599));
#4204=CARTESIAN_POINT('Origin',(158.263942854485,12.,-160.1154498648));
#4205=CARTESIAN_POINT('',(259.053204512584,12.,-570.132034355964));
#4206=CARTESIAN_POINT('Origin',(-365.097192251012,12.,-498.532250914616));
#4207=CARTESIAN_POINT('',(-209.053204512584,12.,-570.132034355964));
#4208=CARTESIAN_POINT('',(311.173584417697,12.,-570.132034355964));
#4209=CARTESIAN_POINT('',(-209.053204512584,12.,-243.49976540501));
#4210=CARTESIAN_POINT('Origin',(158.263942854485,0.,-160.1154498648));
#4211=CARTESIAN_POINT('',(154.749028966126,0.,-156.559415506499));
#4212=CARTESIAN_POINT('',(154.749028966126,0.,-156.559415506499));
#4213=CARTESIAN_POINT('',(162.462630046618,0.,-157.400486538599));
#4214=CARTESIAN_POINT('Origin',(158.263942854485,0.,-160.1154498648));
#4215=CARTESIAN_POINT('',(162.462630046618,0.,-157.400486538599));
#4216=CARTESIAN_POINT('Origin',(-365.097192251012,0.,-498.532250914616));
#4217=CARTESIAN_POINT('',(259.053204512584,0.,-570.132034355964));
#4218=CARTESIAN_POINT('Origin',(-365.097192251012,0.,-498.532250914616));
#4219=CARTESIAN_POINT('',(259.053204512584,0.,-570.132034355964));
#4220=CARTESIAN_POINT('Origin',(0.,0.,0.));
#4221=CARTESIAN_POINT('Origin',(0.,0.,0.));
#4222=CARTESIAN_POINT('Origin',(-209.053204512584,0.,-570.132034355964));
#4223=CARTESIAN_POINT('',(-209.053204512584,0.,-570.132034355964));
#4224=CARTESIAN_POINT('',(-209.053204512584,0.,-243.49976540501));
#4225=CARTESIAN_POINT('',(-209.053204512584,0.,-570.132034355964));
#4226=CARTESIAN_POINT('Origin',(259.053204512584,0.,-570.132034355964));
#4227=CARTESIAN_POINT('',(311.173584417697,0.,-570.132034355964));
#4228=CARTESIAN_POINT('Origin',(27.0466914830292,0.,-361.158379941885));
#4229=CARTESIAN_POINT('Origin',(145.,362.,-549.632034355964));
#4230=CARTESIAN_POINT('',(148.,362.,-549.632034355964));
#4231=CARTESIAN_POINT('Origin',(145.,362.,-549.632034355964));
#4232=CARTESIAN_POINT('',(148.,350.,-549.632034355964));
#4233=CARTESIAN_POINT('',(148.,362.,-549.632034355964));
#4234=CARTESIAN_POINT('Origin',(145.,350.,-549.632034355964));
#4235=CARTESIAN_POINT('Origin',(-188.303204512584,362.,-332.132034355964));
#4236=CARTESIAN_POINT('',(-185.303204512584,362.,-332.132034355964));
#4237=CARTESIAN_POINT('Origin',(-188.303204512584,362.,-332.132034355964));
#4238=CARTESIAN_POINT('',(-185.303204512584,350.,-332.132034355964));
#4239=CARTESIAN_POINT('',(-185.303204512584,362.,-332.132034355964));
#4240=CARTESIAN_POINT('Origin',(-188.303204512584,350.,-332.132034355964));
#4241=CARTESIAN_POINT('Origin',(25.0000000000001,362.,-549.632034355964));
#4242=CARTESIAN_POINT('',(28.0000000000001,362.,-549.632034355964));
#4243=CARTESIAN_POINT('Origin',(25.0000000000001,362.,-549.632034355964));
#4244=CARTESIAN_POINT('',(28.0000000000001,350.,-549.632034355964));
#4245=CARTESIAN_POINT('',(28.0000000000001,362.,-549.632034355964));
#4246=CARTESIAN_POINT('Origin',(25.0000000000001,350.,-549.632034355964));
#4247=CARTESIAN_POINT('Origin',(-94.9999999999999,362.,-549.632034355964));
#4248=CARTESIAN_POINT('',(-91.9999999999999,362.,-549.632034355964));
#4249=CARTESIAN_POINT('Origin',(-94.9999999999999,362.,-549.632034355964));
#4250=CARTESIAN_POINT('',(-91.9999999999999,350.,-549.632034355964));
#4251=CARTESIAN_POINT('',(-91.9999999999999,362.,-549.632034355964));
#4252=CARTESIAN_POINT('Origin',(-94.9999999999999,350.,-549.632034355964));
#4253=CARTESIAN_POINT('Origin',(-188.303204512584,362.,-552.132034355965));
#4254=CARTESIAN_POINT('',(-185.303204512584,362.,-552.132034355965));
#4255=CARTESIAN_POINT('Origin',(-188.303204512584,362.,-552.132034355965));
#4256=CARTESIAN_POINT('',(-185.303204512584,350.,-552.132034355965));
#4257=CARTESIAN_POINT('',(-185.303204512584,362.,-552.132034355965));
#4258=CARTESIAN_POINT('Origin',(-188.303204512584,350.,-552.132034355965));
#4259=CARTESIAN_POINT('Origin',(-0.000423474780866863,362.,-260.13203435562));
#4260=CARTESIAN_POINT('',(3.14957652521913,362.,-260.13203435562));
#4261=CARTESIAN_POINT('Origin',(-0.000423474780866863,362.,-260.13203435562));
#4262=CARTESIAN_POINT('',(3.14957652521913,350.,-260.13203435562));
#4263=CARTESIAN_POINT('',(3.14957652521913,362.,-260.13203435562));
#4264=CARTESIAN_POINT('Origin',(-0.000423474780866863,350.,-260.13203435562));
#4265=CARTESIAN_POINT('Origin',(-158.263942854485,350.,-160.1154498648));
#4266=CARTESIAN_POINT('',(-154.749028966126,362.,-156.559415506499));
#4267=CARTESIAN_POINT('',(-162.462630046618,362.,-157.400486538599));
#4268=CARTESIAN_POINT('Origin',(-158.263942854485,362.,-160.1154498648));
#4269=CARTESIAN_POINT('',(-162.462630046618,350.,-157.400486538599));
#4270=CARTESIAN_POINT('',(-162.462630046618,350.,-157.400486538599));
#4271=CARTESIAN_POINT('',(-154.749028966126,350.,-156.559415506499));
#4272=CARTESIAN_POINT('Origin',(-158.263942854485,350.,-160.1154498648));
#4273=CARTESIAN_POINT('',(-154.749028966126,350.,-156.559415506499));
#4274=CARTESIAN_POINT('Origin',(365.097192251012,350.,-498.532250914616));
#4275=CARTESIAN_POINT('',(-209.053204512584,362.,-243.49976540501));
#4276=CARTESIAN_POINT('Origin',(365.097192251012,362.,-498.532250914616));
#4277=CARTESIAN_POINT('',(-209.053204512584,350.,-243.49976540501));
#4278=CARTESIAN_POINT('',(-209.053204512584,350.,-243.49976540501));
#4279=CARTESIAN_POINT('Origin',(365.097192251012,350.,-498.532250914616));
#4280=CARTESIAN_POINT('Origin',(27.0466914830292,362.,-361.158379941885));
#4281=CARTESIAN_POINT('',(154.749028966126,362.,-156.559415506499));
#4282=CARTESIAN_POINT('Origin',(0.,362.,0.));
#4283=CARTESIAN_POINT('',(162.462630046618,362.,-157.400486538599));
#4284=CARTESIAN_POINT('Origin',(158.263942854485,362.,-160.1154498648));
#4285=CARTESIAN_POINT('',(259.053204512584,362.,-570.132034355964));
#4286=CARTESIAN_POINT('Origin',(-365.097192251012,362.,-498.532250914616));
#4287=CARTESIAN_POINT('',(-209.053204512584,362.,-570.132034355964));
#4288=CARTESIAN_POINT('',(311.173584417697,362.,-570.132034355964));
#4289=CARTESIAN_POINT('',(-209.053204512584,362.,-243.49976540501));
#4290=CARTESIAN_POINT('Origin',(158.263942854485,350.,-160.1154498648));
#4291=CARTESIAN_POINT('',(154.749028966126,350.,-156.559415506499));
#4292=CARTESIAN_POINT('',(154.749028966126,350.,-156.559415506499));
#4293=CARTESIAN_POINT('',(162.462630046618,350.,-157.400486538599));
#4294=CARTESIAN_POINT('Origin',(158.263942854485,350.,-160.1154498648));
#4295=CARTESIAN_POINT('',(162.462630046618,350.,-157.400486538599));
#4296=CARTESIAN_POINT('Origin',(-365.097192251012,350.,-498.532250914616));
#4297=CARTESIAN_POINT('',(259.053204512584,350.,-570.132034355964));
#4298=CARTESIAN_POINT('Origin',(-365.097192251012,350.,-498.532250914616));
#4299=CARTESIAN_POINT('',(259.053204512584,350.,-570.132034355964));
#4300=CARTESIAN_POINT('Origin',(0.,350.,0.));
#4301=CARTESIAN_POINT('Origin',(0.,350.,0.));
#4302=CARTESIAN_POINT('Origin',(-209.053204512584,350.,-570.132034355964));
#4303=CARTESIAN_POINT('',(-209.053204512584,350.,-570.132034355964));
#4304=CARTESIAN_POINT('',(-209.053204512584,350.,-243.49976540501));
#4305=CARTESIAN_POINT('',(-209.053204512584,350.,-570.132034355964));
#4306=CARTESIAN_POINT('Origin',(259.053204512584,350.,-570.132034355964));
#4307=CARTESIAN_POINT('',(311.173584417697,350.,-570.132034355964));
#4308=CARTESIAN_POINT('Origin',(27.0466914830292,350.,-361.158379941885));
#4309=CARTESIAN_POINT('',(0.,0.,0.));
#4310=CARTESIAN_POINT('',(0.,0.,50.));
#4311=CARTESIAN_POINT('',(-191.053204512584,12.0000000000004,-552.132034355964));
#4312=CARTESIAN_POINT('',(-191.053204512584,12.0000000000018,-332.132034355964));
#4313=CARTESIAN_POINT('',(145.,29.9999999999976,-570.132034355964));
#4314=CARTESIAN_POINT('',(-94.9999999999997,30.0000000000025,-570.132034355964));
#4315=CARTESIAN_POINT('',(25.0000000000001,-18.,-570.132034355964));
#4316=CARTESIAN_POINT('',(-191.053204512584,350.,-552.132034355964));
#4317=CARTESIAN_POINT('',(-191.053204512584,349.999999999998,-332.132034355964));
#4318=CARTESIAN_POINT('',(145.,332.000000000002,-570.132034355964));
#4319=CARTESIAN_POINT('',(-94.9999999999997,331.999999999998,-570.132034355964));
#4320=CARTESIAN_POINT('',(25.0000000000001,380.,-570.132034355964));
#4321=CARTESIAN_POINT('',(0.,0.,0.));
#4322=CARTESIAN_POINT('',(0.,0.,0.));
#4323=CARTESIAN_POINT('',(0.,362.,0.));
#4324=CARTESIAN_POINT('',(0.,362.,0.));
#4325=CARTESIAN_POINT('',(0.,0.,0.));
#4326=CARTESIAN_POINT('',(0.,0.,-7.99999999999997));
#4327=CARTESIAN_POINT('',(0.,0.,0.));
#4328=UNCERTAINTY_MEASURE_WITH_UNIT(LENGTH_MEASURE(0.01),#4352,
'DISTANCE_ACCURACY_VALUE',
'Maximum model space distance between geometric entities at asserted c
onnectivities');
#4329=UNCERTAINTY_MEASURE_WITH_UNIT(LENGTH_MEASURE(0.01),#4352,
'DISTANCE_ACCURACY_VALUE',
'Maximum model space distance between geometric entities at asserted c
onnectivities');
#4330=UNCERTAINTY_MEASURE_WITH_UNIT(LENGTH_MEASURE(0.01),#4352,
'DISTANCE_ACCURACY_VALUE',
'Maximum model space distance between geometric entities at asserted c
onnectivities');
#4331=UNCERTAINTY_MEASURE_WITH_UNIT(LENGTH_MEASURE(0.01),#4352,
'DISTANCE_ACCURACY_VALUE',
'Maximum model space distance between geometric entities at asserted c
onnectivities');
#4332=UNCERTAINTY_MEASURE_WITH_UNIT(LENGTH_MEASURE(0.01),#4352,
'DISTANCE_ACCURACY_VALUE',
'Maximum model space distance between geometric entities at asserted c
onnectivities');
#4333=UNCERTAINTY_MEASURE_WITH_UNIT(LENGTH_MEASURE(0.01),#4352,
'DISTANCE_ACCURACY_VALUE',
'Maximum model space distance between geometric entities at asserted c
onnectivities');
#4334=UNCERTAINTY_MEASURE_WITH_UNIT(LENGTH_MEASURE(0.01),#4352,
'DISTANCE_ACCURACY_VALUE',
'Maximum model space distance between geometric entities at asserted c
onnectivities');
#4335=UNCERTAINTY_MEASURE_WITH_UNIT(LENGTH_MEASURE(0.01),#4352,
'DISTANCE_ACCURACY_VALUE',
'Maximum model space distance between geometric entities at asserted c
onnectivities');
#4336=UNCERTAINTY_MEASURE_WITH_UNIT(LENGTH_MEASURE(0.01),#4352,
'DISTANCE_ACCURACY_VALUE',
'Maximum model space distance between geometric entities at asserted c
onnectivities');
#4337=UNCERTAINTY_MEASURE_WITH_UNIT(LENGTH_MEASURE(0.01),#4352,
'DISTANCE_ACCURACY_VALUE',
'Maximum model space distance between geometric entities at asserted c
onnectivities');
#4338=UNCERTAINTY_MEASURE_WITH_UNIT(LENGTH_MEASURE(0.01),#4352,
'DISTANCE_ACCURACY_VALUE',
'Maximum model space distance between geometric entities at asserted c
onnectivities');
#4339=UNCERTAINTY_MEASURE_WITH_UNIT(LENGTH_MEASURE(0.01),#4352,
'DISTANCE_ACCURACY_VALUE',
'Maximum model space distance between geometric entities at asserted c
onnectivities');
#4340=(
GEOMETRIC_REPRESENTATION_CONTEXT(3)
GLOBAL_UNCERTAINTY_ASSIGNED_CONTEXT((#4328))
GLOBAL_UNIT_ASSIGNED_CONTEXT((#4352,#4354,#4355))
REPRESENTATION_CONTEXT('','3D')
);
#4341=(
GEOMETRIC_REPRESENTATION_CONTEXT(3)
GLOBAL_UNCERTAINTY_ASSIGNED_CONTEXT((#4329))
GLOBAL_UNIT_ASSIGNED_CONTEXT((#4352,#4354,#4355))
REPRESENTATION_CONTEXT('','3D')
);
#4342=(
GEOMETRIC_REPRESENTATION_CONTEXT(3)
GLOBAL_UNCERTAINTY_ASSIGNED_CONTEXT((#4330))
GLOBAL_UNIT_ASSIGNED_CONTEXT((#4352,#4354,#4355))
REPRESENTATION_CONTEXT('','3D')
);
#4343=(
GEOMETRIC_REPRESENTATION_CONTEXT(3)
GLOBAL_UNCERTAINTY_ASSIGNED_CONTEXT((#4331))
GLOBAL_UNIT_ASSIGNED_CONTEXT((#4352,#4354,#4355))
REPRESENTATION_CONTEXT('','3D')
);
#4344=(
GEOMETRIC_REPRESENTATION_CONTEXT(3)
GLOBAL_UNCERTAINTY_ASSIGNED_CONTEXT((#4332))
GLOBAL_UNIT_ASSIGNED_CONTEXT((#4352,#4354,#4355))
REPRESENTATION_CONTEXT('','3D')
);
#4345=(
GEOMETRIC_REPRESENTATION_CONTEXT(3)
GLOBAL_UNCERTAINTY_ASSIGNED_CONTEXT((#4333))
GLOBAL_UNIT_ASSIGNED_CONTEXT((#4352,#4354,#4355))
REPRESENTATION_CONTEXT('','3D')
);
#4346=(
GEOMETRIC_REPRESENTATION_CONTEXT(3)
GLOBAL_UNCERTAINTY_ASSIGNED_CONTEXT((#4334))
GLOBAL_UNIT_ASSIGNED_CONTEXT((#4352,#4354,#4355))
REPRESENTATION_CONTEXT('','3D')
);
#4347=(
GEOMETRIC_REPRESENTATION_CONTEXT(3)
GLOBAL_UNCERTAINTY_ASSIGNED_CONTEXT((#4335))
GLOBAL_UNIT_ASSIGNED_CONTEXT((#4352,#4354,#4355))
REPRESENTATION_CONTEXT('','3D')
);
#4348=(
GEOMETRIC_REPRESENTATION_CONTEXT(3)
GLOBAL_UNCERTAINTY_ASSIGNED_CONTEXT((#4336))
GLOBAL_UNIT_ASSIGNED_CONTEXT((#4352,#4354,#4355))
REPRESENTATION_CONTEXT('','3D')
);
#4349=(
GEOMETRIC_REPRESENTATION_CONTEXT(3)
GLOBAL_UNCERTAINTY_ASSIGNED_CONTEXT((#4337))
GLOBAL_UNIT_ASSIGNED_CONTEXT((#4352,#4354,#4355))
REPRESENTATION_CONTEXT('','3D')
);
#4350=(
GEOMETRIC_REPRESENTATION_CONTEXT(3)
GLOBAL_UNCERTAINTY_ASSIGNED_CONTEXT((#4338))
GLOBAL_UNIT_ASSIGNED_CONTEXT((#4352,#4354,#4355))
REPRESENTATION_CONTEXT('','3D')
);
#4351=(
GEOMETRIC_REPRESENTATION_CONTEXT(3)
GLOBAL_UNCERTAINTY_ASSIGNED_CONTEXT((#4339))
GLOBAL_UNIT_ASSIGNED_CONTEXT((#4352,#4354,#4355))
REPRESENTATION_CONTEXT('','3D')
);
#4352=(
LENGTH_UNIT()
NAMED_UNIT(*)
SI_UNIT(.MILLI.,.METRE.)
);
#4353=(
LENGTH_UNIT()
NAMED_UNIT(*)
SI_UNIT($,.METRE.)
);
#4354=(
NAMED_UNIT(*)
PLANE_ANGLE_UNIT()
SI_UNIT($,.RADIAN.)
);
#4355=(
NAMED_UNIT(*)
SI_UNIT($,.STERADIAN.)
SOLID_ANGLE_UNIT()
);
#4356=SHAPE_DEFINITION_REPRESENTATION(#4367,#4397);
#4357=SHAPE_DEFINITION_REPRESENTATION(#4368,#4398);
#4358=SHAPE_DEFINITION_REPRESENTATION(#4369,#4399);
#4359=SHAPE_DEFINITION_REPRESENTATION(#4370,#4400);
#4360=SHAPE_DEFINITION_REPRESENTATION(#4371,#4401);
#4361=SHAPE_DEFINITION_REPRESENTATION(#4372,#4402);
#4362=SHAPE_DEFINITION_REPRESENTATION(#4373,#4403);
#4363=SHAPE_DEFINITION_REPRESENTATION(#4374,#4404);
#4364=SHAPE_DEFINITION_REPRESENTATION(#4375,#4405);
#4365=SHAPE_DEFINITION_REPRESENTATION(#4376,#4406);
#4366=SHAPE_DEFINITION_REPRESENTATION(#4377,#4407);
#4367=PRODUCT_DEFINITION_SHAPE('',$,#4409);
#4368=PRODUCT_DEFINITION_SHAPE('',$,#4410);
#4369=PRODUCT_DEFINITION_SHAPE('',$,#4411);
#4370=PRODUCT_DEFINITION_SHAPE('',$,#4412);
#4371=PRODUCT_DEFINITION_SHAPE('',$,#4413);
#4372=PRODUCT_DEFINITION_SHAPE('',$,#4414);
#4373=PRODUCT_DEFINITION_SHAPE('',$,#4415);
#4374=PRODUCT_DEFINITION_SHAPE('',$,#4416);
#4375=PRODUCT_DEFINITION_SHAPE('',$,#4417);
#4376=PRODUCT_DEFINITION_SHAPE('',$,#4418);
#4377=PRODUCT_DEFINITION_SHAPE('',$,#4419);
#4378=PRODUCT_DEFINITION_SHAPE($,$,#68);
#4379=PRODUCT_DEFINITION_SHAPE($,$,#69);
#4380=PRODUCT_DEFINITION_SHAPE($,$,#70);
#4381=PRODUCT_DEFINITION_SHAPE($,$,#71);
#4382=PRODUCT_DEFINITION_SHAPE($,$,#72);
#4383=PRODUCT_DEFINITION_SHAPE($,$,#73);
#4384=PRODUCT_DEFINITION_SHAPE($,$,#74);
#4385=PRODUCT_DEFINITION_SHAPE($,$,#75);
#4386=PRODUCT_DEFINITION_SHAPE($,$,#76);
#4387=PRODUCT_DEFINITION_SHAPE($,$,#77);
#4388=PRODUCT_DEFINITION_SHAPE($,$,#78);
#4389=PRODUCT_DEFINITION_SHAPE($,$,#79);
#4390=PRODUCT_DEFINITION_SHAPE($,$,#80);
#4391=PRODUCT_DEFINITION_SHAPE($,$,#81);
#4392=PRODUCT_DEFINITION_SHAPE($,$,#82);
#4393=PRODUCT_DEFINITION_SHAPE($,$,#83);
#4394=PRODUCT_DEFINITION_SHAPE($,$,#84);
#4395=PRODUCT_DEFINITION_SHAPE($,$,#85);
#4396=PRODUCT_DEFINITION_SHAPE($,$,#86);
#4397=SHAPE_REPRESENTATION('',(#2612,#2865,#2866,#2867,#2868,#2869,#2870,
#2871,#2872,#2873,#2874,#2875,#2876,#2877,#2878,#2879,#2880,#2881,#2882,
#2883),#4340);
#4398=SHAPE_REPRESENTATION('',(#2613),#4341);
#4399=SHAPE_REPRESENTATION('',(#2640),#4342);
#4400=SHAPE_REPRESENTATION('',(#2661),#4343);
#4401=SHAPE_REPRESENTATION('',(#2682),#4344);
#4402=SHAPE_REPRESENTATION('',(#2703),#4345);
#4403=SHAPE_REPRESENTATION('',(#2717),#4346);
#4404=SHAPE_REPRESENTATION('',(#2738),#4347);
#4405=SHAPE_REPRESENTATION('',(#2752),#4348);
#4406=SHAPE_REPRESENTATION('',(#2773),#4349);
#4407=SHAPE_REPRESENTATION('',(#2782),#4350);
#4408=PRODUCT_DEFINITION_CONTEXT('part definition',#4443,'design');
#4409=PRODUCT_DEFINITION('02-Rocker Box','02-Rocker Box v7',#4420,#4408);
#4410=PRODUCT_DEFINITION('Component1','Component1',#4421,#4408);
#4411=PRODUCT_DEFINITION('Component2','Component2',#4422,#4408);
#4412=PRODUCT_DEFINITION('40x40 L brackets','40x40 L brackets v1',#4423,
#4408);
#4413=PRODUCT_DEFINITION('40x40 L brackets v1(Mirror)',
'40x40 L brackets v1(Mirror)',#4424,#4408);
#4414=PRODUCT_DEFINITION('Stopper','Stopper',#4425,#4408);
#4415=PRODUCT_DEFINITION('Teflon spacer - Alt bearing',
'Teflon spacer - Alt bearing',#4426,#4408);
#4416=PRODUCT_DEFINITION('Stopper (1)','Stopper (1)',#4427,#4408);
#4417=PRODUCT_DEFINITION('Teflon Spacer - Alt bearing_1',
'Teflon Spacer - Alt bearing',#4428,#4408);
#4418=PRODUCT_DEFINITION('Teflon- Az Bearing','Teflon- Az Bearing',#4429,
#4408);
#4419=PRODUCT_DEFINITION('bottom wood','bottom wood',#4430,#4408);
#4420=PRODUCT_DEFINITION_FORMATION('',$,#4445);
#4421=PRODUCT_DEFINITION_FORMATION('',$,#4446);
#4422=PRODUCT_DEFINITION_FORMATION('',$,#4447);
#4423=PRODUCT_DEFINITION_FORMATION('',$,#4448);
#4424=PRODUCT_DEFINITION_FORMATION('',$,#4449);
#4425=PRODUCT_DEFINITION_FORMATION('',$,#4450);
#4426=PRODUCT_DEFINITION_FORMATION('',$,#4451);
#4427=PRODUCT_DEFINITION_FORMATION('',$,#4452);
#4428=PRODUCT_DEFINITION_FORMATION('',$,#4453);
#4429=PRODUCT_DEFINITION_FORMATION('',$,#4454);
#4430=PRODUCT_DEFINITION_FORMATION('',$,#4455);
#4431=PRODUCT_RELATED_PRODUCT_CATEGORY('02-Rocker Box v7',
'02-Rocker Box v7',(#4445));
#4432=PRODUCT_RELATED_PRODUCT_CATEGORY('Component1','Component1',(#4446));
#4433=PRODUCT_RELATED_PRODUCT_CATEGORY('Component2','Component2',(#4447));
#4434=PRODUCT_RELATED_PRODUCT_CATEGORY('40x40 L brackets v1',
'40x40 L brackets v1',(#4448));
#4435=PRODUCT_RELATED_PRODUCT_CATEGORY('40x40 L brackets v1(Mirror)',
'40x40 L brackets v1(Mirror)',(#4449));
#4436=PRODUCT_RELATED_PRODUCT_CATEGORY('Stopper','Stopper',(#4450));
#4437=PRODUCT_RELATED_PRODUCT_CATEGORY('Teflon spacer - Alt bearing',
'Teflon spacer - Alt bearing',(#4451));
#4438=PRODUCT_RELATED_PRODUCT_CATEGORY('Stopper (1)','Stopper (1)',(#4452));
#4439=PRODUCT_RELATED_PRODUCT_CATEGORY('Teflon Spacer - Alt bearing',
'Teflon Spacer - Alt bearing',(#4453));
#4440=PRODUCT_RELATED_PRODUCT_CATEGORY('Teflon- Az Bearing',
'Teflon- Az Bearing',(#4454));
#4441=PRODUCT_RELATED_PRODUCT_CATEGORY('bottom wood','bottom wood',(#4455));
#4442=APPLICATION_PROTOCOL_DEFINITION('international standard',
'automotive_design',2009,#4443);
#4443=APPLICATION_CONTEXT(
'Core Data for Automotive Mechanical Design Process');
#4444=PRODUCT_CONTEXT('part definition',#4443,'mechanical');
#4445=PRODUCT('02-Rocker Box','02-Rocker Box v7',$,(#4444));
#4446=PRODUCT('Component1','Component1',$,(#4444));
#4447=PRODUCT('Component2','Component2',$,(#4444));
#4448=PRODUCT('40x40 L brackets','40x40 L brackets v1',$,(#4444));
#4449=PRODUCT('40x40 L brackets v1(Mirror)',
'40x40 L brackets v1(Mirror)',$,(#4444));
#4450=PRODUCT('Stopper','Stopper',$,(#4444));
#4451=PRODUCT('Teflon spacer - Alt bearing',
'Teflon spacer - Alt bearing',$,(#4444));
#4452=PRODUCT('Stopper (1)','Stopper (1)',$,(#4444));
#4453=PRODUCT('Teflon Spacer - Alt bearing_1',
'Teflon Spacer - Alt bearing',$,(#4444));
#4454=PRODUCT('Teflon- Az Bearing','Teflon- Az Bearing',$,(#4444));
#4455=PRODUCT('bottom wood','bottom wood',$,(#4444));
#4456=PRESENTATION_STYLE_ASSIGNMENT((#4461));
#4457=PRESENTATION_STYLE_ASSIGNMENT((#4462));
#4458=PRESENTATION_STYLE_ASSIGNMENT((#4463));
#4459=PRESENTATION_STYLE_ASSIGNMENT((#4464));
#4460=PRESENTATION_STYLE_ASSIGNMENT((#4465));
#4461=SURFACE_STYLE_USAGE(.BOTH.,#4466);
#4462=SURFACE_STYLE_USAGE(.BOTH.,#4467);
#4463=SURFACE_STYLE_USAGE(.BOTH.,#4468);
#4464=SURFACE_STYLE_USAGE(.BOTH.,#4469);
#4465=SURFACE_STYLE_USAGE(.BOTH.,#4470);
#4466=SURFACE_SIDE_STYLE('',(#4471));
#4467=SURFACE_SIDE_STYLE('',(#4472));
#4468=SURFACE_SIDE_STYLE('',(#4473));
#4469=SURFACE_SIDE_STYLE('',(#4474));
#4470=SURFACE_SIDE_STYLE('',(#4475));
#4471=SURFACE_STYLE_FILL_AREA(#4476);
#4472=SURFACE_STYLE_FILL_AREA(#4477);
#4473=SURFACE_STYLE_FILL_AREA(#4478);
#4474=SURFACE_STYLE_FILL_AREA(#4479);
#4475=SURFACE_STYLE_FILL_AREA(#4480);
#4476=FILL_AREA_STYLE('Steel - Satin',(#4481));
#4477=FILL_AREA_STYLE('Paint - Metallic (Blue)',(#4482));
#4478=FILL_AREA_STYLE('Paint - Metallic (Blue) (1)',(#4483));
#4479=FILL_AREA_STYLE('Paint - Metallic (Blue) (2) (1)',(#4484));
#4480=FILL_AREA_STYLE('Paint - Metallic (Blue) (2)',(#4485));
#4481=FILL_AREA_STYLE_COLOUR('Steel - Satin',#4486);
#4482=FILL_AREA_STYLE_COLOUR('Paint - Metallic (Blue)',#4487);
#4483=FILL_AREA_STYLE_COLOUR('Paint - Metallic (Blue) (1)',#4488);
#4484=FILL_AREA_STYLE_COLOUR('Paint - Metallic (Blue) (2) (1)',#4489);
#4485=FILL_AREA_STYLE_COLOUR('Paint - Metallic (Blue) (2)',#4490);
#4486=COLOUR_RGB('Steel - Satin',0.627450980392157,0.627450980392157,0.627450980392157);
#4487=COLOUR_RGB('Paint - Metallic (Blue)',0.819607843137255,0.372549019607843,
0.898039215686275);
#4488=COLOUR_RGB('Paint - Metallic (Blue) (1)',0.905882352941176,0.607843137254902,
0.447058823529412);
#4489=COLOUR_RGB('Paint - Metallic (Blue) (2) (1)',0.380392156862745,0.796078431372549,
0.552941176470588);
#4490=COLOUR_RGB('Paint - Metallic (Blue) (2)',0.870588235294118,0.823529411764706,
0.87843137254902);
ENDSEC;
END-ISO-10303-21;
