ISO-10303-21;
HEADER;
/* Generated by software containing ST-Developer
 * from STEP Tools, Inc. (www.steptools.com) 
 */

FILE_DESCRIPTION(
/* description */ (''),
/* implementation_level */ '2;1');

FILE_NAME(
/* name */ '04-OTA cradle.step',
/* time_stamp */ '2026-03-07T22:23:20+05:30',
/* author */ (''),
/* organization */ (''),
/* preprocessor_version */ 'ST-DEVELOPER v20.1',
/* originating_system */ 'Autodesk Translation Framework v14.24.0.0',
/* authorisation */ '');

FILE_SCHEMA (('AUTOMOTIVE_DESIGN { 1 0 10303 214 3 1 1 }'));
ENDSEC;

DATA;
#10=MECHANICAL_DESIGN_GEOMETRIC_PRESENTATION_REPRESENTATION('',(#187,#188,
#189,#190,#191,#192,#193,#194,#195,#196,#197,#198,#199,#200,#201,#202,#203,
#204,#205,#206,#207,#208,#209,#210,#211,#212,#213),#6896);
#11=ITEM_DEFINED_TRANSFORMATION($,$,#4188,#4525);
#12=ITEM_DEFINED_TRANSFORMATION($,$,#4204,#4526);
#13=ITEM_DEFINED_TRANSFORMATION($,$,#4211,#4527);
#14=ITEM_DEFINED_TRANSFORMATION($,$,#4212,#4528);
#15=ITEM_DEFINED_TRANSFORMATION($,$,#4212,#4529);
#16=ITEM_DEFINED_TRANSFORMATION($,$,#4213,#4530);
#17=ITEM_DEFINED_TRANSFORMATION($,$,#4213,#4531);
#18=ITEM_DEFINED_TRANSFORMATION($,$,#4213,#4532);
#19=ITEM_DEFINED_TRANSFORMATION($,$,#4213,#4533);
#20=ITEM_DEFINED_TRANSFORMATION($,$,#4213,#4534);
#21=ITEM_DEFINED_TRANSFORMATION($,$,#4234,#4535);
#22=ITEM_DEFINED_TRANSFORMATION($,$,#4234,#4536);
#23=ITEM_DEFINED_TRANSFORMATION($,$,#4234,#4537);
#24=ITEM_DEFINED_TRANSFORMATION($,$,#4234,#4538);
#25=ITEM_DEFINED_TRANSFORMATION($,$,#4234,#4539);
#26=ITEM_DEFINED_TRANSFORMATION($,$,#4255,#4540);
#27=ITEM_DEFINED_TRANSFORMATION($,$,#4255,#4541);
#28=ITEM_DEFINED_TRANSFORMATION($,$,#4296,#4542);
#29=ITEM_DEFINED_TRANSFORMATION($,$,#4303,#4543);
#30=ITEM_DEFINED_TRANSFORMATION($,$,#4310,#4544);
#31=ITEM_DEFINED_TRANSFORMATION($,$,#4310,#4545);
#32=ITEM_DEFINED_TRANSFORMATION($,$,#4310,#4546);
#33=ITEM_DEFINED_TRANSFORMATION($,$,#4310,#4547);
#34=ITEM_DEFINED_TRANSFORMATION($,$,#4334,#4548);
#35=ITEM_DEFINED_TRANSFORMATION($,$,#4334,#4549);
#36=ITEM_DEFINED_TRANSFORMATION($,$,#4358,#4550);
#37=ITEM_DEFINED_TRANSFORMATION($,$,#4358,#4551);
#38=ITEM_DEFINED_TRANSFORMATION($,$,#4358,#4552);
#39=ITEM_DEFINED_TRANSFORMATION($,$,#4358,#4553);
#40=(
REPRESENTATION_RELATIONSHIP($,$,#6957,#6956)
REPRESENTATION_RELATIONSHIP_WITH_TRANSFORMATION(#11)
SHAPE_REPRESENTATION_RELATIONSHIP()
);
#41=(
REPRESENTATION_RELATIONSHIP($,$,#6958,#6956)
REPRESENTATION_RELATIONSHIP_WITH_TRANSFORMATION(#12)
SHAPE_REPRESENTATION_RELATIONSHIP()
);
#42=(
REPRESENTATION_RELATIONSHIP($,$,#6959,#6956)
REPRESENTATION_RELATIONSHIP_WITH_TRANSFORMATION(#13)
SHAPE_REPRESENTATION_RELATIONSHIP()
);
#43=(
REPRESENTATION_RELATIONSHIP($,$,#6960,#6956)
REPRESENTATION_RELATIONSHIP_WITH_TRANSFORMATION(#14)
SHAPE_REPRESENTATION_RELATIONSHIP()
);
#44=(
REPRESENTATION_RELATIONSHIP($,$,#6960,#6956)
REPRESENTATION_RELATIONSHIP_WITH_TRANSFORMATION(#15)
SHAPE_REPRESENTATION_RELATIONSHIP()
);
#45=(
REPRESENTATION_RELATIONSHIP($,$,#6961,#6956)
REPRESENTATION_RELATIONSHIP_WITH_TRANSFORMATION(#16)
SHAPE_REPRESENTATION_RELATIONSHIP()
);
#46=(
REPRESENTATION_RELATIONSHIP($,$,#6961,#6956)
REPRESENTATION_RELATIONSHIP_WITH_TRANSFORMATION(#17)
SHAPE_REPRESENTATION_RELATIONSHIP()
);
#47=(
REPRESENTATION_RELATIONSHIP($,$,#6961,#6956)
REPRESENTATION_RELATIONSHIP_WITH_TRANSFORMATION(#18)
SHAPE_REPRESENTATION_RELATIONSHIP()
);
#48=(
REPRESENTATION_RELATIONSHIP($,$,#6961,#6956)
REPRESENTATION_RELATIONSHIP_WITH_TRANSFORMATION(#19)
SHAPE_REPRESENTATION_RELATIONSHIP()
);
#49=(
REPRESENTATION_RELATIONSHIP($,$,#6961,#6956)
REPRESENTATION_RELATIONSHIP_WITH_TRANSFORMATION(#20)
SHAPE_REPRESENTATION_RELATIONSHIP()
);
#50=(
REPRESENTATION_RELATIONSHIP($,$,#6962,#6956)
REPRESENTATION_RELATIONSHIP_WITH_TRANSFORMATION(#21)
SHAPE_REPRESENTATION_RELATIONSHIP()
);
#51=(
REPRESENTATION_RELATIONSHIP($,$,#6962,#6956)
REPRESENTATION_RELATIONSHIP_WITH_TRANSFORMATION(#22)
SHAPE_REPRESENTATION_RELATIONSHIP()
);
#52=(
REPRESENTATION_RELATIONSHIP($,$,#6962,#6956)
REPRESENTATION_RELATIONSHIP_WITH_TRANSFORMATION(#23)
SHAPE_REPRESENTATION_RELATIONSHIP()
);
#53=(
REPRESENTATION_RELATIONSHIP($,$,#6962,#6956)
REPRESENTATION_RELATIONSHIP_WITH_TRANSFORMATION(#24)
SHAPE_REPRESENTATION_RELATIONSHIP()
);
#54=(
REPRESENTATION_RELATIONSHIP($,$,#6962,#6956)
REPRESENTATION_RELATIONSHIP_WITH_TRANSFORMATION(#25)
SHAPE_REPRESENTATION_RELATIONSHIP()
);
#55=(
REPRESENTATION_RELATIONSHIP($,$,#6963,#6956)
REPRESENTATION_RELATIONSHIP_WITH_TRANSFORMATION(#26)
SHAPE_REPRESENTATION_RELATIONSHIP()
);
#56=(
REPRESENTATION_RELATIONSHIP($,$,#6963,#6956)
REPRESENTATION_RELATIONSHIP_WITH_TRANSFORMATION(#27)
SHAPE_REPRESENTATION_RELATIONSHIP()
);
#57=(
REPRESENTATION_RELATIONSHIP($,$,#6964,#6956)
REPRESENTATION_RELATIONSHIP_WITH_TRANSFORMATION(#28)
SHAPE_REPRESENTATION_RELATIONSHIP()
);
#58=(
REPRESENTATION_RELATIONSHIP($,$,#6965,#6956)
REPRESENTATION_RELATIONSHIP_WITH_TRANSFORMATION(#29)
SHAPE_REPRESENTATION_RELATIONSHIP()
);
#59=(
REPRESENTATION_RELATIONSHIP($,$,#6966,#6956)
REPRESENTATION_RELATIONSHIP_WITH_TRANSFORMATION(#30)
SHAPE_REPRESENTATION_RELATIONSHIP()
);
#60=(
REPRESENTATION_RELATIONSHIP($,$,#6966,#6956)
REPRESENTATION_RELATIONSHIP_WITH_TRANSFORMATION(#31)
SHAPE_REPRESENTATION_RELATIONSHIP()
);
#61=(
REPRESENTATION_RELATIONSHIP($,$,#6966,#6956)
REPRESENTATION_RELATIONSHIP_WITH_TRANSFORMATION(#32)
SHAPE_REPRESENTATION_RELATIONSHIP()
);
#62=(
REPRESENTATION_RELATIONSHIP($,$,#6966,#6956)
REPRESENTATION_RELATIONSHIP_WITH_TRANSFORMATION(#33)
SHAPE_REPRESENTATION_RELATIONSHIP()
);
#63=(
REPRESENTATION_RELATIONSHIP($,$,#6967,#6956)
REPRESENTATION_RELATIONSHIP_WITH_TRANSFORMATION(#34)
SHAPE_REPRESENTATION_RELATIONSHIP()
);
#64=(
REPRESENTATION_RELATIONSHIP($,$,#6967,#6956)
REPRESENTATION_RELATIONSHIP_WITH_TRANSFORMATION(#35)
SHAPE_REPRESENTATION_RELATIONSHIP()
);
#65=(
REPRESENTATION_RELATIONSHIP($,$,#6968,#6956)
REPRESENTATION_RELATIONSHIP_WITH_TRANSFORMATION(#36)
SHAPE_REPRESENTATION_RELATIONSHIP()
);
#66=(
REPRESENTATION_RELATIONSHIP($,$,#6968,#6956)
REPRESENTATION_RELATIONSHIP_WITH_TRANSFORMATION(#37)
SHAPE_REPRESENTATION_RELATIONSHIP()
);
#67=(
REPRESENTATION_RELATIONSHIP($,$,#6968,#6956)
REPRESENTATION_RELATIONSHIP_WITH_TRANSFORMATION(#38)
SHAPE_REPRESENTATION_RELATIONSHIP()
);
#68=(
REPRESENTATION_RELATIONSHIP($,$,#6968,#6956)
REPRESENTATION_RELATIONSHIP_WITH_TRANSFORMATION(#39)
SHAPE_REPRESENTATION_RELATIONSHIP()
);
#69=CONTEXT_DEPENDENT_SHAPE_REPRESENTATION(#40,#6927);
#70=CONTEXT_DEPENDENT_SHAPE_REPRESENTATION(#41,#6928);
#71=CONTEXT_DEPENDENT_SHAPE_REPRESENTATION(#42,#6929);
#72=CONTEXT_DEPENDENT_SHAPE_REPRESENTATION(#43,#6930);
#73=CONTEXT_DEPENDENT_SHAPE_REPRESENTATION(#44,#6931);
#74=CONTEXT_DEPENDENT_SHAPE_REPRESENTATION(#45,#6932);
#75=CONTEXT_DEPENDENT_SHAPE_REPRESENTATION(#46,#6933);
#76=CONTEXT_DEPENDENT_SHAPE_REPRESENTATION(#47,#6934);
#77=CONTEXT_DEPENDENT_SHAPE_REPRESENTATION(#48,#6935);
#78=CONTEXT_DEPENDENT_SHAPE_REPRESENTATION(#49,#6936);
#79=CONTEXT_DEPENDENT_SHAPE_REPRESENTATION(#50,#6937);
#80=CONTEXT_DEPENDENT_SHAPE_REPRESENTATION(#51,#6938);
#81=CONTEXT_DEPENDENT_SHAPE_REPRESENTATION(#52,#6939);
#82=CONTEXT_DEPENDENT_SHAPE_REPRESENTATION(#53,#6940);
#83=CONTEXT_DEPENDENT_SHAPE_REPRESENTATION(#54,#6941);
#84=CONTEXT_DEPENDENT_SHAPE_REPRESENTATION(#55,#6942);
#85=CONTEXT_DEPENDENT_SHAPE_REPRESENTATION(#56,#6943);
#86=CONTEXT_DEPENDENT_SHAPE_REPRESENTATION(#57,#6944);
#87=CONTEXT_DEPENDENT_SHAPE_REPRESENTATION(#58,#6945);
#88=CONTEXT_DEPENDENT_SHAPE_REPRESENTATION(#59,#6946);
#89=CONTEXT_DEPENDENT_SHAPE_REPRESENTATION(#60,#6947);
#90=CONTEXT_DEPENDENT_SHAPE_REPRESENTATION(#61,#6948);
#91=CONTEXT_DEPENDENT_SHAPE_REPRESENTATION(#62,#6949);
#92=CONTEXT_DEPENDENT_SHAPE_REPRESENTATION(#63,#6950);
#93=CONTEXT_DEPENDENT_SHAPE_REPRESENTATION(#64,#6951);
#94=CONTEXT_DEPENDENT_SHAPE_REPRESENTATION(#65,#6952);
#95=CONTEXT_DEPENDENT_SHAPE_REPRESENTATION(#66,#6953);
#96=CONTEXT_DEPENDENT_SHAPE_REPRESENTATION(#67,#6954);
#97=CONTEXT_DEPENDENT_SHAPE_REPRESENTATION(#68,#6955);
#98=NEXT_ASSEMBLY_USAGE_OCCURRENCE('Alt Bearing:1','Alt Bearing:1',
'Alt Bearing:1',#6970,#6971,'Alt Bearing:1');
#99=NEXT_ASSEMBLY_USAGE_OCCURRENCE('Alt Bearing 2:1','Alt Bearing 2:1',
'Alt Bearing 2:1',#6970,#6972,'Alt Bearing 2:1');
#100=NEXT_ASSEMBLY_USAGE_OCCURRENCE('Component7:2','Component7:2',
'Component7:2',#6970,#6973,'Component7:2');
#101=NEXT_ASSEMBLY_USAGE_OCCURRENCE('Component7(Mirror):1',
'Component7(Mirror):1','Component7(Mirror):1',#6970,#6974,
'Component7(Mirror):1');
#102=NEXT_ASSEMBLY_USAGE_OCCURRENCE('Component7(Mirror):2',
'Component7(Mirror):2','Component7(Mirror):2',#6970,#6974,
'Component7(Mirror):2');
#103=NEXT_ASSEMBLY_USAGE_OCCURRENCE('40x40 L brackets v1:1',
'40x40 L brackets v1:1','40x40 L brackets v1:1',#6970,#6975,
'40x40 L brackets v1:1');
#104=NEXT_ASSEMBLY_USAGE_OCCURRENCE('40x40 L brackets v1:2',
'40x40 L brackets v1:2','40x40 L brackets v1:2',#6970,#6975,
'40x40 L brackets v1:2');
#105=NEXT_ASSEMBLY_USAGE_OCCURRENCE('40x40 L brackets v1:3',
'40x40 L brackets v1:3','40x40 L brackets v1:3',#6970,#6975,
'40x40 L brackets v1:3');
#106=NEXT_ASSEMBLY_USAGE_OCCURRENCE('40x40 L brackets v1:4',
'40x40 L brackets v1:4','40x40 L brackets v1:4',#6970,#6975,
'40x40 L brackets v1:4');
#107=NEXT_ASSEMBLY_USAGE_OCCURRENCE('40x40 L brackets v1:5',
'40x40 L brackets v1:5','40x40 L brackets v1:5',#6970,#6975,
'40x40 L brackets v1:5');
#108=NEXT_ASSEMBLY_USAGE_OCCURRENCE('40x40 L brackets v1(Mirror):1',
'40x40 L brackets v1(Mirror):1','40x40 L brackets v1(Mirror):1',#6970,#6976,
'40x40 L brackets v1(Mirror):1');
#109=NEXT_ASSEMBLY_USAGE_OCCURRENCE('40x40 L brackets v1(Mirror):2',
'40x40 L brackets v1(Mirror):2','40x40 L brackets v1(Mirror):2',#6970,#6976,
'40x40 L brackets v1(Mirror):2');
#110=NEXT_ASSEMBLY_USAGE_OCCURRENCE('40x40 L brackets v1(Mirror):3',
'40x40 L brackets v1(Mirror):3','40x40 L brackets v1(Mirror):3',#6970,#6976,
'40x40 L brackets v1(Mirror):3');
#111=NEXT_ASSEMBLY_USAGE_OCCURRENCE('40x40 L brackets v1(Mirror):4',
'40x40 L brackets v1(Mirror):4','40x40 L brackets v1(Mirror):4',#6970,#6976,
'40x40 L brackets v1(Mirror):4');
#112=NEXT_ASSEMBLY_USAGE_OCCURRENCE('40x40 L brackets v1(Mirror):5',
'40x40 L brackets v1(Mirror):5','40x40 L brackets v1(Mirror):5',#6970,#6976,
'40x40 L brackets v1(Mirror):5');
#113=NEXT_ASSEMBLY_USAGE_OCCURRENCE('Component10:1','Component10:1',
'Component10:1',#6970,#6977,'Component10:1');
#114=NEXT_ASSEMBLY_USAGE_OCCURRENCE('Component10:2','Component10:2',
'Component10:2',#6970,#6977,'Component10:2');
#115=NEXT_ASSEMBLY_USAGE_OCCURRENCE('Component11:1','Component11:1',
'Component11:1',#6970,#6978,'Component11:1');
#116=NEXT_ASSEMBLY_USAGE_OCCURRENCE('Component11(Mirror):1',
'Component11(Mirror):1','Component11(Mirror):1',#6970,#6979,
'Component11(Mirror):1');
#117=NEXT_ASSEMBLY_USAGE_OCCURRENCE(
'Hexagon Head Bolt DIN EN ISO 4014 - M8 x 80 Steel 4.6 Plain v1:1',
'Hexagon Head Bolt DIN EN ISO 4014 - M8 x 80 Steel 4.6 Plain v1:1',
'Hexagon Head Bolt DIN EN ISO 4014 - M8 x 80 Steel 4.6 Plain v1:1',#6970,
#6980,
'Hexagon Head Bolt DIN EN ISO 4014 - M8 x 80 Steel 4.6 Plain v1:1');
#118=NEXT_ASSEMBLY_USAGE_OCCURRENCE(
'Hexagon Head Bolt DIN EN ISO 4014 - M8 x 80 Steel 4.6 Plain v1:2',
'Hexagon Head Bolt DIN EN ISO 4014 - M8 x 80 Steel 4.6 Plain v1:2',
'Hexagon Head Bolt DIN EN ISO 4014 - M8 x 80 Steel 4.6 Plain v1:2',#6970,
#6980,
'Hexagon Head Bolt DIN EN ISO 4014 - M8 x 80 Steel 4.6 Plain v1:2');
#119=NEXT_ASSEMBLY_USAGE_OCCURRENCE(
'Hexagon Head Bolt DIN EN ISO 4014 - M8 x 80 Steel 4.6 Plain v1:3',
'Hexagon Head Bolt DIN EN ISO 4014 - M8 x 80 Steel 4.6 Plain v1:3',
'Hexagon Head Bolt DIN EN ISO 4014 - M8 x 80 Steel 4.6 Plain v1:3',#6970,
#6980,
'Hexagon Head Bolt DIN EN ISO 4014 - M8 x 80 Steel 4.6 Plain v1:3');
#120=NEXT_ASSEMBLY_USAGE_OCCURRENCE(
'Hexagon Head Bolt DIN EN ISO 4014 - M8 x 80 Steel 4.6 Plain v1:4',
'Hexagon Head Bolt DIN EN ISO 4014 - M8 x 80 Steel 4.6 Plain v1:4',
'Hexagon Head Bolt DIN EN ISO 4014 - M8 x 80 Steel 4.6 Plain v1:4',#6970,
#6980,
'Hexagon Head Bolt DIN EN ISO 4014 - M8 x 80 Steel 4.6 Plain v1:4');
#121=NEXT_ASSEMBLY_USAGE_OCCURRENCE(
'Hexagon Head Bolt DIN EN ISO 4014 - M8 x 40 Steel 4.6 Plain v1:1',
'Hexagon Head Bolt DIN EN ISO 4014 - M8 x 40 Steel 4.6 Plain v1:1',
'Hexagon Head Bolt DIN EN ISO 4014 - M8 x 40 Steel 4.6 Plain v1:1',#6970,
#6981,
'Hexagon Head Bolt DIN EN ISO 4014 - M8 x 40 Steel 4.6 Plain v1:1');
#122=NEXT_ASSEMBLY_USAGE_OCCURRENCE(
'Hexagon Head Bolt DIN EN ISO 4014 - M8 x 40 Steel 4.6 Plain v1:2',
'Hexagon Head Bolt DIN EN ISO 4014 - M8 x 40 Steel 4.6 Plain v1:2',
'Hexagon Head Bolt DIN EN ISO 4014 - M8 x 40 Steel 4.6 Plain v1:2',#6970,
#6981,
'Hexagon Head Bolt DIN EN ISO 4014 - M8 x 40 Steel 4.6 Plain v1:2');
#123=NEXT_ASSEMBLY_USAGE_OCCURRENCE(
'Hexagon Nut With Flange DIN EN 1661 - M8 Steel 6 Plain v1:1',
'Hexagon Nut With Flange DIN EN 1661 - M8 Steel 6 Plain v1:1',
'Hexagon Nut With Flange DIN EN 1661 - M8 Steel 6 Plain v1:1',#6970,#6982,
'Hexagon Nut With Flange DIN EN 1661 - M8 Steel 6 Plain v1:1');
#124=NEXT_ASSEMBLY_USAGE_OCCURRENCE(
'Hexagon Nut With Flange DIN EN 1661 - M8 Steel 6 Plain v1:2',
'Hexagon Nut With Flange DIN EN 1661 - M8 Steel 6 Plain v1:2',
'Hexagon Nut With Flange DIN EN 1661 - M8 Steel 6 Plain v1:2',#6970,#6982,
'Hexagon Nut With Flange DIN EN 1661 - M8 Steel 6 Plain v1:2');
#125=NEXT_ASSEMBLY_USAGE_OCCURRENCE(
'Hexagon Nut With Flange DIN EN 1661 - M8 Steel 6 Plain v1:3',
'Hexagon Nut With Flange DIN EN 1661 - M8 Steel 6 Plain v1:3',
'Hexagon Nut With Flange DIN EN 1661 - M8 Steel 6 Plain v1:3',#6970,#6982,
'Hexagon Nut With Flange DIN EN 1661 - M8 Steel 6 Plain v1:3');
#126=NEXT_ASSEMBLY_USAGE_OCCURRENCE(
'Hexagon Nut With Flange DIN EN 1661 - M8 Steel 6 Plain v1:4',
'Hexagon Nut With Flange DIN EN 1661 - M8 Steel 6 Plain v1:4',
'Hexagon Nut With Flange DIN EN 1661 - M8 Steel 6 Plain v1:4',#6970,#6982,
'Hexagon Nut With Flange DIN EN 1661 - M8 Steel 6 Plain v1:4');
#127=(
BOUNDED_CURVE()
B_SPLINE_CURVE(2,(#6126,#6127,#6128),.UNSPECIFIED.,.F.,.F.)
B_SPLINE_CURVE_WITH_KNOTS((3,3),(0.,0.759680455240152),.UNSPECIFIED.)
CURVE()
GEOMETRIC_REPRESENTATION_ITEM()
RATIONAL_B_SPLINE_CURVE((1.,1.15470053837925,1.))
REPRESENTATION_ITEM('')
);
#128=(
BOUNDED_CURVE()
B_SPLINE_CURVE(2,(#6134,#6135,#6136),.UNSPECIFIED.,.F.,.F.)
B_SPLINE_CURVE_WITH_KNOTS((3,3),(0.,0.759680455240151),.UNSPECIFIED.)
CURVE()
GEOMETRIC_REPRESENTATION_ITEM()
RATIONAL_B_SPLINE_CURVE((1.,1.15470053837926,1.))
REPRESENTATION_ITEM('')
);
#129=(
BOUNDED_CURVE()
B_SPLINE_CURVE(2,(#6142,#6143,#6144),.UNSPECIFIED.,.F.,.F.)
B_SPLINE_CURVE_WITH_KNOTS((3,3),(0.,0.75968045524015),.UNSPECIFIED.)
CURVE()
GEOMETRIC_REPRESENTATION_ITEM()
RATIONAL_B_SPLINE_CURVE((1.,1.15470053837925,1.))
REPRESENTATION_ITEM('')
);
#130=(
BOUNDED_CURVE()
B_SPLINE_CURVE(2,(#6150,#6151,#6152),.UNSPECIFIED.,.F.,.F.)
B_SPLINE_CURVE_WITH_KNOTS((3,3),(0.379840227620074,0.759680455240151),
 .UNSPECIFIED.)
CURVE()
GEOMETRIC_REPRESENTATION_ITEM()
RATIONAL_B_SPLINE_CURVE((1.07735026918962,1.07735026918962,1.))
REPRESENTATION_ITEM('')
);
#131=(
BOUNDED_CURVE()
B_SPLINE_CURVE(2,(#6154,#6155,#6156),.UNSPECIFIED.,.F.,.F.)
B_SPLINE_CURVE_WITH_KNOTS((3,3),(0.,0.379840227620074),.UNSPECIFIED.)
CURVE()
GEOMETRIC_REPRESENTATION_ITEM()
RATIONAL_B_SPLINE_CURVE((1.,1.07735026918962,1.07735026918962))
REPRESENTATION_ITEM('')
);
#132=(
BOUNDED_CURVE()
B_SPLINE_CURVE(2,(#6162,#6163,#6164),.UNSPECIFIED.,.F.,.F.)
B_SPLINE_CURVE_WITH_KNOTS((3,3),(0.,0.759680455240151),.UNSPECIFIED.)
CURVE()
GEOMETRIC_REPRESENTATION_ITEM()
RATIONAL_B_SPLINE_CURVE((1.,1.15470053837925,1.))
REPRESENTATION_ITEM('')
);
#133=(
BOUNDED_CURVE()
B_SPLINE_CURVE(2,(#6168,#6169,#6170),.UNSPECIFIED.,.F.,.F.)
B_SPLINE_CURVE_WITH_KNOTS((3,3),(0.,0.759680455240152),.UNSPECIFIED.)
CURVE()
GEOMETRIC_REPRESENTATION_ITEM()
RATIONAL_B_SPLINE_CURVE((1.,1.15470053837926,1.))
REPRESENTATION_ITEM('')
);
#134=(
BOUNDED_CURVE()
B_SPLINE_CURVE(2,(#6207,#6208,#6209),.UNSPECIFIED.,.F.,.F.)
B_SPLINE_CURVE_WITH_KNOTS((3,3),(0.,0.759680455240152),.UNSPECIFIED.)
CURVE()
GEOMETRIC_REPRESENTATION_ITEM()
RATIONAL_B_SPLINE_CURVE((1.,1.15470053837926,1.))
REPRESENTATION_ITEM('')
);
#135=(
BOUNDED_CURVE()
B_SPLINE_CURVE(2,(#6215,#6216,#6217),.UNSPECIFIED.,.F.,.F.)
B_SPLINE_CURVE_WITH_KNOTS((3,3),(0.,0.759680455240151),.UNSPECIFIED.)
CURVE()
GEOMETRIC_REPRESENTATION_ITEM()
RATIONAL_B_SPLINE_CURVE((1.,1.15470053837925,1.))
REPRESENTATION_ITEM('')
);
#136=(
BOUNDED_CURVE()
B_SPLINE_CURVE(2,(#6223,#6224,#6225),.UNSPECIFIED.,.F.,.F.)
B_SPLINE_CURVE_WITH_KNOTS((3,3),(0.,0.75968045524015),.UNSPECIFIED.)
CURVE()
GEOMETRIC_REPRESENTATION_ITEM()
RATIONAL_B_SPLINE_CURVE((1.,1.15470053837925,1.))
REPRESENTATION_ITEM('')
);
#137=(
BOUNDED_CURVE()
B_SPLINE_CURVE(2,(#6231,#6232,#6233),.UNSPECIFIED.,.F.,.F.)
B_SPLINE_CURVE_WITH_KNOTS((3,3),(0.379840227620074,0.75968045524015),
 .UNSPECIFIED.)
CURVE()
GEOMETRIC_REPRESENTATION_ITEM()
RATIONAL_B_SPLINE_CURVE((1.07735026918963,1.07735026918963,1.))
REPRESENTATION_ITEM('')
);
#138=(
BOUNDED_CURVE()
B_SPLINE_CURVE(2,(#6235,#6236,#6237),.UNSPECIFIED.,.F.,.F.)
B_SPLINE_CURVE_WITH_KNOTS((3,3),(0.,0.379840227620074),.UNSPECIFIED.)
CURVE()
GEOMETRIC_REPRESENTATION_ITEM()
RATIONAL_B_SPLINE_CURVE((1.,1.07735026918963,1.07735026918963))
REPRESENTATION_ITEM('')
);
#139=(
BOUNDED_CURVE()
B_SPLINE_CURVE(2,(#6243,#6244,#6245),.UNSPECIFIED.,.F.,.F.)
B_SPLINE_CURVE_WITH_KNOTS((3,3),(0.,0.759680455240151),.UNSPECIFIED.)
CURVE()
GEOMETRIC_REPRESENTATION_ITEM()
RATIONAL_B_SPLINE_CURVE((1.,1.15470053837925,1.))
REPRESENTATION_ITEM('')
);
#140=(
BOUNDED_CURVE()
B_SPLINE_CURVE(2,(#6249,#6250,#6251),.UNSPECIFIED.,.F.,.F.)
B_SPLINE_CURVE_WITH_KNOTS((3,3),(0.,0.759680455240151),.UNSPECIFIED.)
CURVE()
GEOMETRIC_REPRESENTATION_ITEM()
RATIONAL_B_SPLINE_CURVE((1.,1.15470053837925,1.))
REPRESENTATION_ITEM('')
);
#141=(
BOUNDED_CURVE()
B_SPLINE_CURVE(2,(#6271,#6272,#6273),.UNSPECIFIED.,.F.,.F.)
B_SPLINE_CURVE_WITH_KNOTS((3,3),(0.159157028707441,0.979709425233893),
 .UNSPECIFIED.)
CURVE()
GEOMETRIC_REPRESENTATION_ITEM()
RATIONAL_B_SPLINE_CURVE((1.07718302469673,1.24382381855018,1.07718302469673))
REPRESENTATION_ITEM('')
);
#142=(
BOUNDED_CURVE()
B_SPLINE_CURVE(2,(#6275,#6276,#6277),.UNSPECIFIED.,.F.,.F.)
B_SPLINE_CURVE_WITH_KNOTS((3,3),(0.159157028707441,0.979709425233893),
 .UNSPECIFIED.)
CURVE()
GEOMETRIC_REPRESENTATION_ITEM()
RATIONAL_B_SPLINE_CURVE((1.07718302469673,1.24382381855018,1.07718302469673))
REPRESENTATION_ITEM('')
);
#143=(
BOUNDED_CURVE()
B_SPLINE_CURVE(2,(#6279,#6280,#6281),.UNSPECIFIED.,.F.,.F.)
B_SPLINE_CURVE_WITH_KNOTS((3,3),(0.159157028707442,0.979709425233893),
 .UNSPECIFIED.)
CURVE()
GEOMETRIC_REPRESENTATION_ITEM()
RATIONAL_B_SPLINE_CURVE((1.07718302469673,1.24382381855018,1.07718302469673))
REPRESENTATION_ITEM('')
);
#144=(
BOUNDED_CURVE()
B_SPLINE_CURVE(2,(#6283,#6284,#6285),.UNSPECIFIED.,.F.,.F.)
B_SPLINE_CURVE_WITH_KNOTS((3,3),(0.159157028707442,0.979709425233893),
 .UNSPECIFIED.)
CURVE()
GEOMETRIC_REPRESENTATION_ITEM()
RATIONAL_B_SPLINE_CURVE((1.07718302469673,1.24382381855018,1.07718302469673))
REPRESENTATION_ITEM('')
);
#145=(
BOUNDED_CURVE()
B_SPLINE_CURVE(2,(#6287,#6288,#6289),.UNSPECIFIED.,.F.,.F.)
B_SPLINE_CURVE_WITH_KNOTS((3,3),(0.159157028707441,0.979709425233893),
 .UNSPECIFIED.)
CURVE()
GEOMETRIC_REPRESENTATION_ITEM()
RATIONAL_B_SPLINE_CURVE((1.07718302469673,1.24382381855018,1.07718302469673))
REPRESENTATION_ITEM('')
);
#146=(
BOUNDED_CURVE()
B_SPLINE_CURVE(2,(#6290,#6291,#6292),.UNSPECIFIED.,.F.,.F.)
B_SPLINE_CURVE_WITH_KNOTS((3,3),(0.159157028707441,0.979709425233893),
 .UNSPECIFIED.)
CURVE()
GEOMETRIC_REPRESENTATION_ITEM()
RATIONAL_B_SPLINE_CURVE((1.07718302469673,1.24382381855018,1.07718302469673))
REPRESENTATION_ITEM('')
);
#147=(
BOUNDED_CURVE()
B_SPLINE_CURVE(2,(#6302,#6303,#6304),.UNSPECIFIED.,.F.,.F.)
B_SPLINE_CURVE_WITH_KNOTS((3,3),(0.000337861497192679,0.752933245338552),
 .UNSPECIFIED.)
CURVE()
GEOMETRIC_REPRESENTATION_ITEM()
RATIONAL_B_SPLINE_CURVE((1.00013898062186,1.15486101937814,1.00013898062186))
REPRESENTATION_ITEM('')
);
#148=(
BOUNDED_CURVE()
B_SPLINE_CURVE(2,(#6310,#6311,#6312),.UNSPECIFIED.,.F.,.F.)
B_SPLINE_CURVE_WITH_KNOTS((3,3),(0.376635553417873,0.752933245338552),
 .UNSPECIFIED.)
CURVE()
GEOMETRIC_REPRESENTATION_ITEM()
RATIONAL_B_SPLINE_CURVE((1.0775,1.0775,1.00013898062186))
REPRESENTATION_ITEM('')
);
#149=(
BOUNDED_CURVE()
B_SPLINE_CURVE(2,(#6313,#6314,#6315),.UNSPECIFIED.,.F.,.F.)
B_SPLINE_CURVE_WITH_KNOTS((3,3),(0.00033786149719259,0.376635553417873),
 .UNSPECIFIED.)
CURVE()
GEOMETRIC_REPRESENTATION_ITEM()
RATIONAL_B_SPLINE_CURVE((1.00013898062186,1.0775,1.0775))
REPRESENTATION_ITEM('')
);
#150=(
BOUNDED_CURVE()
B_SPLINE_CURVE(2,(#6319,#6320,#6321),.UNSPECIFIED.,.F.,.F.)
B_SPLINE_CURVE_WITH_KNOTS((3,3),(0.000337861497192956,0.752933245338552),
 .UNSPECIFIED.)
CURVE()
GEOMETRIC_REPRESENTATION_ITEM()
RATIONAL_B_SPLINE_CURVE((1.00013898062186,1.15486101937814,1.00013898062186))
REPRESENTATION_ITEM('')
);
#151=(
BOUNDED_CURVE()
B_SPLINE_CURVE(2,(#6325,#6326,#6327),.UNSPECIFIED.,.F.,.F.)
B_SPLINE_CURVE_WITH_KNOTS((3,3),(0.000337861497192664,0.752933245338552),
 .UNSPECIFIED.)
CURVE()
GEOMETRIC_REPRESENTATION_ITEM()
RATIONAL_B_SPLINE_CURVE((1.00013898062186,1.15486101937814,1.00013898062186))
REPRESENTATION_ITEM('')
);
#152=(
BOUNDED_CURVE()
B_SPLINE_CURVE(2,(#6331,#6332,#6333),.UNSPECIFIED.,.F.,.F.)
B_SPLINE_CURVE_WITH_KNOTS((3,3),(0.000337861497192516,0.752933245338553),
 .UNSPECIFIED.)
CURVE()
GEOMETRIC_REPRESENTATION_ITEM()
RATIONAL_B_SPLINE_CURVE((1.00013898062186,1.15486101937814,1.00013898062186))
REPRESENTATION_ITEM('')
);
#153=(
BOUNDED_CURVE()
B_SPLINE_CURVE(2,(#6338,#6339,#6340),.UNSPECIFIED.,.F.,.F.)
B_SPLINE_CURVE_WITH_KNOTS((3,3),(0.000337861497192991,0.752933245338553),
 .UNSPECIFIED.)
CURVE()
GEOMETRIC_REPRESENTATION_ITEM()
RATIONAL_B_SPLINE_CURVE((1.00013898062186,1.15486101937814,1.00013898062186))
REPRESENTATION_ITEM('')
);
#154=TOROIDAL_SURFACE('',#4314,4.333,0.4);
#155=TOROIDAL_SURFACE('',#4338,4.333,0.4);
#156=TOROIDAL_SURFACE('',#4362,8.32051088593338,0.62948911406662);
#157=CONICAL_SURFACE('',#4311,3.65659375000002,0.834935092611751);
#158=CONICAL_SURFACE('',#4327,5.64179491924618,0.523598775598298);
#159=CONICAL_SURFACE('',#4332,6.84125,1.0471975511966);
#160=CONICAL_SURFACE('',#4335,3.65659375,0.834935092611744);
#161=CONICAL_SURFACE('',#4351,5.64179491925255,0.523598775598299);
#162=CONICAL_SURFACE('',#4356,6.84125,1.0471975511966);
#163=CONICAL_SURFACE('',#4359,7.38077224055245,1.13446401379631);
#164=CONICAL_SURFACE('',#4376,6.84125,1.30899693899575);
#165=SHAPE_REPRESENTATION_RELATIONSHIP('SRR','None',#6957,#176);
#166=SHAPE_REPRESENTATION_RELATIONSHIP('SRR','None',#6958,#177);
#167=SHAPE_REPRESENTATION_RELATIONSHIP('SRR','None',#6961,#178);
#168=SHAPE_REPRESENTATION_RELATIONSHIP('SRR','None',#6962,#179);
#169=SHAPE_REPRESENTATION_RELATIONSHIP('SRR','None',#6963,#180);
#170=SHAPE_REPRESENTATION_RELATIONSHIP('SRR','None',#6964,#181);
#171=SHAPE_REPRESENTATION_RELATIONSHIP('SRR','None',#6965,#182);
#172=SHAPE_REPRESENTATION_RELATIONSHIP('SRR','None',#6966,#183);
#173=SHAPE_REPRESENTATION_RELATIONSHIP('SRR','None',#6967,#184);
#174=SHAPE_REPRESENTATION_RELATIONSHIP('SRR','None',#6968,#185);
#175=SHAPE_REPRESENTATION_RELATIONSHIP('SRR','None',#6956,#186);
#176=ADVANCED_BREP_SHAPE_REPRESENTATION('',(#214),#6884);
#177=ADVANCED_BREP_SHAPE_REPRESENTATION('',(#215),#6885);
#178=ADVANCED_BREP_SHAPE_REPRESENTATION('',(#216),#6888);
#179=ADVANCED_BREP_SHAPE_REPRESENTATION('',(#217),#6889);
#180=ADVANCED_BREP_SHAPE_REPRESENTATION('',(#218,#219,#220,#221),#6890);
#181=ADVANCED_BREP_SHAPE_REPRESENTATION('',(#222),#6891);
#182=ADVANCED_BREP_SHAPE_REPRESENTATION('',(#223),#6892);
#183=ADVANCED_BREP_SHAPE_REPRESENTATION('',(#224),#6893);
#184=ADVANCED_BREP_SHAPE_REPRESENTATION('',(#225),#6894);
#185=ADVANCED_BREP_SHAPE_REPRESENTATION('',(#226),#6895);
#186=ADVANCED_BREP_SHAPE_REPRESENTATION('',(#227,#228,#229,#230,#231,#232,
#233,#234,#235,#236,#237,#238,#239,#240),#6883);
#187=STYLED_ITEM('',(#7029),#214);
#188=STYLED_ITEM('',(#7029),#215);
#189=STYLED_ITEM('',(#7025),#216);
#190=STYLED_ITEM('',(#7025),#217);
#191=STYLED_ITEM('',(#7030),#218);
#192=STYLED_ITEM('',(#7030),#219);
#193=STYLED_ITEM('',(#7030),#220);
#194=STYLED_ITEM('',(#7030),#221);
#195=STYLED_ITEM('',(#7031),#222);
#196=STYLED_ITEM('',(#7031),#223);
#197=STYLED_ITEM('',(#7025),#224);
#198=STYLED_ITEM('',(#7025),#225);
#199=STYLED_ITEM('',(#7032),#226);
#200=STYLED_ITEM('',(#7027),#227);
#201=STYLED_ITEM('',(#7027),#228);
#202=STYLED_ITEM('',(#7027),#229);
#203=STYLED_ITEM('',(#7027),#230);
#204=STYLED_ITEM('',(#7027),#231);
#205=STYLED_ITEM('',(#7027),#232);
#206=STYLED_ITEM('',(#7027),#233);
#207=STYLED_ITEM('',(#7027),#234);
#208=STYLED_ITEM('',(#7027),#235);
#209=STYLED_ITEM('',(#7027),#236);
#210=STYLED_ITEM('',(#7028),#237);
#211=STYLED_ITEM('',(#7027),#238);
#212=STYLED_ITEM('',(#7027),#239);
#213=STYLED_ITEM('',(#7028),#240);
#214=MANIFOLD_SOLID_BREP('Body1',#4027);
#215=MANIFOLD_SOLID_BREP('Body1',#4028);
#216=MANIFOLD_SOLID_BREP('Body1',#4029);
#217=MANIFOLD_SOLID_BREP('Body1',#4030);
#218=MANIFOLD_SOLID_BREP('Body1',#4031);
#219=MANIFOLD_SOLID_BREP('Body2',#4032);
#220=MANIFOLD_SOLID_BREP('Body3',#4033);
#221=MANIFOLD_SOLID_BREP('Body4',#4034);
#222=MANIFOLD_SOLID_BREP('Body1',#4035);
#223=MANIFOLD_SOLID_BREP('Body1',#4036);
#224=MANIFOLD_SOLID_BREP('Body1',#4037);
#225=MANIFOLD_SOLID_BREP('Body1',#4038);
#226=MANIFOLD_SOLID_BREP('Body1',#4039);
#227=MANIFOLD_SOLID_BREP('Body2',#4040);
#228=MANIFOLD_SOLID_BREP('Body3',#4041);
#229=MANIFOLD_SOLID_BREP('Body4',#4042);
#230=MANIFOLD_SOLID_BREP('Body5',#4043);
#231=MANIFOLD_SOLID_BREP('Body6',#4044);
#232=MANIFOLD_SOLID_BREP('Body7',#4045);
#233=MANIFOLD_SOLID_BREP('Body8',#4046);
#234=MANIFOLD_SOLID_BREP('Body9',#4047);
#235=MANIFOLD_SOLID_BREP('Body10',#4048);
#236=MANIFOLD_SOLID_BREP('Body11',#4049);
#237=MANIFOLD_SOLID_BREP('Body12',#4050);
#238=MANIFOLD_SOLID_BREP('Body13',#4051);
#239=MANIFOLD_SOLID_BREP('Body14',#4052);
#240=MANIFOLD_SOLID_BREP('Body15',#4053);
#241=FACE_BOUND('',#713,.T.);
#242=FACE_BOUND('',#714,.T.);
#243=FACE_BOUND('',#715,.T.);
#244=FACE_BOUND('',#717,.T.);
#245=FACE_BOUND('',#718,.T.);
#246=FACE_BOUND('',#719,.T.);
#247=FACE_BOUND('',#735,.T.);
#248=FACE_BOUND('',#737,.T.);
#249=FACE_BOUND('',#743,.T.);
#250=FACE_BOUND('',#747,.T.);
#251=FACE_BOUND('',#759,.T.);
#252=FACE_BOUND('',#761,.T.);
#253=FACE_BOUND('',#767,.T.);
#254=FACE_BOUND('',#771,.T.);
#255=FACE_BOUND('',#811,.T.);
#256=FACE_BOUND('',#824,.T.);
#257=FACE_BOUND('',#828,.T.);
#258=FACE_BOUND('',#841,.T.);
#259=FACE_BOUND('',#850,.T.);
#260=FACE_BOUND('',#853,.T.);
#261=FACE_BOUND('',#867,.T.);
#262=FACE_BOUND('',#868,.T.);
#263=FACE_BOUND('',#869,.T.);
#264=FACE_BOUND('',#872,.T.);
#265=FACE_BOUND('',#873,.T.);
#266=FACE_BOUND('',#874,.T.);
#267=FACE_BOUND('',#886,.T.);
#268=FACE_BOUND('',#887,.T.);
#269=FACE_BOUND('',#888,.T.);
#270=FACE_BOUND('',#889,.T.);
#271=FACE_BOUND('',#890,.T.);
#272=FACE_BOUND('',#891,.T.);
#273=FACE_BOUND('',#894,.T.);
#274=FACE_BOUND('',#895,.T.);
#275=FACE_BOUND('',#896,.T.);
#276=FACE_BOUND('',#897,.T.);
#277=FACE_BOUND('',#898,.T.);
#278=FACE_BOUND('',#899,.T.);
#279=FACE_BOUND('',#951,.T.);
#280=FACE_BOUND('',#952,.T.);
#281=FACE_BOUND('',#957,.T.);
#282=FACE_BOUND('',#958,.T.);
#283=FACE_BOUND('',#977,.T.);
#284=FACE_BOUND('',#978,.T.);
#285=FACE_BOUND('',#983,.T.);
#286=FACE_BOUND('',#984,.T.);
#287=PLANE('',#4198);
#288=PLANE('',#4202);
#289=PLANE('',#4203);
#290=PLANE('',#4205);
#291=PLANE('',#4209);
#292=PLANE('',#4210);
#293=PLANE('',#4214);
#294=PLANE('',#4215);
#295=PLANE('',#4216);
#296=PLANE('',#4217);
#297=PLANE('',#4218);
#298=PLANE('',#4219);
#299=PLANE('',#4220);
#300=PLANE('',#4221);
#301=PLANE('',#4222);
#302=PLANE('',#4223);
#303=PLANE('',#4224);
#304=PLANE('',#4225);
#305=PLANE('',#4226);
#306=PLANE('',#4227);
#307=PLANE('',#4228);
#308=PLANE('',#4229);
#309=PLANE('',#4230);
#310=PLANE('',#4231);
#311=PLANE('',#4232);
#312=PLANE('',#4233);
#313=PLANE('',#4235);
#314=PLANE('',#4236);
#315=PLANE('',#4237);
#316=PLANE('',#4238);
#317=PLANE('',#4239);
#318=PLANE('',#4240);
#319=PLANE('',#4241);
#320=PLANE('',#4242);
#321=PLANE('',#4243);
#322=PLANE('',#4244);
#323=PLANE('',#4245);
#324=PLANE('',#4246);
#325=PLANE('',#4247);
#326=PLANE('',#4248);
#327=PLANE('',#4249);
#328=PLANE('',#4250);
#329=PLANE('',#4251);
#330=PLANE('',#4252);
#331=PLANE('',#4253);
#332=PLANE('',#4254);
#333=PLANE('',#4256);
#334=PLANE('',#4260);
#335=PLANE('',#4264);
#336=PLANE('',#4265);
#337=PLANE('',#4269);
#338=PLANE('',#4273);
#339=PLANE('',#4274);
#340=PLANE('',#4275);
#341=PLANE('',#4276);
#342=PLANE('',#4280);
#343=PLANE('',#4284);
#344=PLANE('',#4285);
#345=PLANE('',#4289);
#346=PLANE('',#4293);
#347=PLANE('',#4294);
#348=PLANE('',#4295);
#349=PLANE('',#4297);
#350=PLANE('',#4298);
#351=PLANE('',#4299);
#352=PLANE('',#4300);
#353=PLANE('',#4301);
#354=PLANE('',#4302);
#355=PLANE('',#4304);
#356=PLANE('',#4305);
#357=PLANE('',#4306);
#358=PLANE('',#4307);
#359=PLANE('',#4308);
#360=PLANE('',#4309);
#361=PLANE('',#4318);
#362=PLANE('',#4321);
#363=PLANE('',#4322);
#364=PLANE('',#4323);
#365=PLANE('',#4324);
#366=PLANE('',#4325);
#367=PLANE('',#4326);
#368=PLANE('',#4329);
#369=PLANE('',#4330);
#370=PLANE('',#4333);
#371=PLANE('',#4342);
#372=PLANE('',#4345);
#373=PLANE('',#4346);
#374=PLANE('',#4347);
#375=PLANE('',#4348);
#376=PLANE('',#4349);
#377=PLANE('',#4350);
#378=PLANE('',#4353);
#379=PLANE('',#4354);
#380=PLANE('',#4357);
#381=PLANE('',#4365);
#382=PLANE('',#4366);
#383=PLANE('',#4367);
#384=PLANE('',#4368);
#385=PLANE('',#4369);
#386=PLANE('',#4370);
#387=PLANE('',#4372);
#388=PLANE('',#4373);
#389=PLANE('',#4378);
#390=PLANE('',#4379);
#391=PLANE('',#4380);
#392=PLANE('',#4381);
#393=PLANE('',#4382);
#394=PLANE('',#4383);
#395=PLANE('',#4393);
#396=PLANE('',#4394);
#397=PLANE('',#4395);
#398=PLANE('',#4396);
#399=PLANE('',#4397);
#400=PLANE('',#4398);
#401=PLANE('',#4417);
#402=PLANE('',#4418);
#403=PLANE('',#4419);
#404=PLANE('',#4420);
#405=PLANE('',#4421);
#406=PLANE('',#4422);
#407=PLANE('',#4423);
#408=PLANE('',#4424);
#409=PLANE('',#4425);
#410=PLANE('',#4426);
#411=PLANE('',#4427);
#412=PLANE('',#4428);
#413=PLANE('',#4429);
#414=PLANE('',#4431);
#415=PLANE('',#4432);
#416=PLANE('',#4433);
#417=PLANE('',#4436);
#418=PLANE('',#4437);
#419=PLANE('',#4438);
#420=PLANE('',#4440);
#421=PLANE('',#4441);
#422=PLANE('',#4442);
#423=PLANE('',#4445);
#424=PLANE('',#4446);
#425=PLANE('',#4447);
#426=PLANE('',#4449);
#427=PLANE('',#4450);
#428=PLANE('',#4451);
#429=PLANE('',#4454);
#430=PLANE('',#4455);
#431=PLANE('',#4456);
#432=PLANE('',#4458);
#433=PLANE('',#4459);
#434=PLANE('',#4460);
#435=PLANE('',#4463);
#436=PLANE('',#4464);
#437=PLANE('',#4465);
#438=PLANE('',#4466);
#439=PLANE('',#4468);
#440=PLANE('',#4469);
#441=PLANE('',#4471);
#442=PLANE('',#4473);
#443=PLANE('',#4474);
#444=PLANE('',#4475);
#445=PLANE('',#4477);
#446=PLANE('',#4478);
#447=PLANE('',#4481);
#448=PLANE('',#4482);
#449=PLANE('',#4483);
#450=PLANE('',#4484);
#451=PLANE('',#4491);
#452=PLANE('',#4492);
#453=PLANE('',#4493);
#454=PLANE('',#4494);
#455=PLANE('',#4495);
#456=PLANE('',#4496);
#457=PLANE('',#4498);
#458=PLANE('',#4499);
#459=PLANE('',#4502);
#460=PLANE('',#4503);
#461=PLANE('',#4504);
#462=PLANE('',#4505);
#463=PLANE('',#4507);
#464=PLANE('',#4508);
#465=PLANE('',#4510);
#466=PLANE('',#4512);
#467=PLANE('',#4513);
#468=PLANE('',#4514);
#469=PLANE('',#4521);
#470=PLANE('',#4522);
#471=PLANE('',#4523);
#472=PLANE('',#4524);
#473=FACE_OUTER_BOUND('',#707,.T.);
#474=FACE_OUTER_BOUND('',#708,.T.);
#475=FACE_OUTER_BOUND('',#709,.T.);
#476=FACE_OUTER_BOUND('',#710,.T.);
#477=FACE_OUTER_BOUND('',#711,.T.);
#478=FACE_OUTER_BOUND('',#712,.T.);
#479=FACE_OUTER_BOUND('',#716,.T.);
#480=FACE_OUTER_BOUND('',#720,.T.);
#481=FACE_OUTER_BOUND('',#721,.T.);
#482=FACE_OUTER_BOUND('',#722,.T.);
#483=FACE_OUTER_BOUND('',#723,.T.);
#484=FACE_OUTER_BOUND('',#724,.T.);
#485=FACE_OUTER_BOUND('',#725,.T.);
#486=FACE_OUTER_BOUND('',#726,.T.);
#487=FACE_OUTER_BOUND('',#727,.T.);
#488=FACE_OUTER_BOUND('',#728,.T.);
#489=FACE_OUTER_BOUND('',#729,.T.);
#490=FACE_OUTER_BOUND('',#730,.T.);
#491=FACE_OUTER_BOUND('',#731,.T.);
#492=FACE_OUTER_BOUND('',#732,.T.);
#493=FACE_OUTER_BOUND('',#733,.T.);
#494=FACE_OUTER_BOUND('',#734,.T.);
#495=FACE_OUTER_BOUND('',#736,.T.);
#496=FACE_OUTER_BOUND('',#738,.T.);
#497=FACE_OUTER_BOUND('',#739,.T.);
#498=FACE_OUTER_BOUND('',#740,.T.);
#499=FACE_OUTER_BOUND('',#741,.T.);
#500=FACE_OUTER_BOUND('',#742,.T.);
#501=FACE_OUTER_BOUND('',#744,.T.);
#502=FACE_OUTER_BOUND('',#745,.T.);
#503=FACE_OUTER_BOUND('',#746,.T.);
#504=FACE_OUTER_BOUND('',#748,.T.);
#505=FACE_OUTER_BOUND('',#749,.T.);
#506=FACE_OUTER_BOUND('',#750,.T.);
#507=FACE_OUTER_BOUND('',#751,.T.);
#508=FACE_OUTER_BOUND('',#752,.T.);
#509=FACE_OUTER_BOUND('',#753,.T.);
#510=FACE_OUTER_BOUND('',#754,.T.);
#511=FACE_OUTER_BOUND('',#755,.T.);
#512=FACE_OUTER_BOUND('',#756,.T.);
#513=FACE_OUTER_BOUND('',#757,.T.);
#514=FACE_OUTER_BOUND('',#758,.T.);
#515=FACE_OUTER_BOUND('',#760,.T.);
#516=FACE_OUTER_BOUND('',#762,.T.);
#517=FACE_OUTER_BOUND('',#763,.T.);
#518=FACE_OUTER_BOUND('',#764,.T.);
#519=FACE_OUTER_BOUND('',#765,.T.);
#520=FACE_OUTER_BOUND('',#766,.T.);
#521=FACE_OUTER_BOUND('',#768,.T.);
#522=FACE_OUTER_BOUND('',#769,.T.);
#523=FACE_OUTER_BOUND('',#770,.T.);
#524=FACE_OUTER_BOUND('',#772,.T.);
#525=FACE_OUTER_BOUND('',#773,.T.);
#526=FACE_OUTER_BOUND('',#774,.T.);
#527=FACE_OUTER_BOUND('',#775,.T.);
#528=FACE_OUTER_BOUND('',#776,.T.);
#529=FACE_OUTER_BOUND('',#777,.T.);
#530=FACE_OUTER_BOUND('',#778,.T.);
#531=FACE_OUTER_BOUND('',#779,.T.);
#532=FACE_OUTER_BOUND('',#780,.T.);
#533=FACE_OUTER_BOUND('',#781,.T.);
#534=FACE_OUTER_BOUND('',#782,.T.);
#535=FACE_OUTER_BOUND('',#783,.T.);
#536=FACE_OUTER_BOUND('',#784,.T.);
#537=FACE_OUTER_BOUND('',#785,.T.);
#538=FACE_OUTER_BOUND('',#786,.T.);
#539=FACE_OUTER_BOUND('',#787,.T.);
#540=FACE_OUTER_BOUND('',#788,.T.);
#541=FACE_OUTER_BOUND('',#789,.T.);
#542=FACE_OUTER_BOUND('',#790,.T.);
#543=FACE_OUTER_BOUND('',#791,.T.);
#544=FACE_OUTER_BOUND('',#792,.T.);
#545=FACE_OUTER_BOUND('',#793,.T.);
#546=FACE_OUTER_BOUND('',#794,.T.);
#547=FACE_OUTER_BOUND('',#795,.T.);
#548=FACE_OUTER_BOUND('',#796,.T.);
#549=FACE_OUTER_BOUND('',#797,.T.);
#550=FACE_OUTER_BOUND('',#798,.T.);
#551=FACE_OUTER_BOUND('',#799,.T.);
#552=FACE_OUTER_BOUND('',#800,.T.);
#553=FACE_OUTER_BOUND('',#801,.T.);
#554=FACE_OUTER_BOUND('',#802,.T.);
#555=FACE_OUTER_BOUND('',#803,.T.);
#556=FACE_OUTER_BOUND('',#804,.T.);
#557=FACE_OUTER_BOUND('',#805,.T.);
#558=FACE_OUTER_BOUND('',#806,.T.);
#559=FACE_OUTER_BOUND('',#807,.T.);
#560=FACE_OUTER_BOUND('',#808,.T.);
#561=FACE_OUTER_BOUND('',#809,.T.);
#562=FACE_OUTER_BOUND('',#810,.T.);
#563=FACE_OUTER_BOUND('',#812,.T.);
#564=FACE_OUTER_BOUND('',#813,.T.);
#565=FACE_OUTER_BOUND('',#814,.T.);
#566=FACE_OUTER_BOUND('',#815,.T.);
#567=FACE_OUTER_BOUND('',#816,.T.);
#568=FACE_OUTER_BOUND('',#817,.T.);
#569=FACE_OUTER_BOUND('',#818,.T.);
#570=FACE_OUTER_BOUND('',#819,.T.);
#571=FACE_OUTER_BOUND('',#820,.T.);
#572=FACE_OUTER_BOUND('',#821,.T.);
#573=FACE_OUTER_BOUND('',#822,.T.);
#574=FACE_OUTER_BOUND('',#823,.T.);
#575=FACE_OUTER_BOUND('',#825,.T.);
#576=FACE_OUTER_BOUND('',#826,.T.);
#577=FACE_OUTER_BOUND('',#827,.T.);
#578=FACE_OUTER_BOUND('',#829,.T.);
#579=FACE_OUTER_BOUND('',#830,.T.);
#580=FACE_OUTER_BOUND('',#831,.T.);
#581=FACE_OUTER_BOUND('',#832,.T.);
#582=FACE_OUTER_BOUND('',#833,.T.);
#583=FACE_OUTER_BOUND('',#834,.T.);
#584=FACE_OUTER_BOUND('',#835,.T.);
#585=FACE_OUTER_BOUND('',#836,.T.);
#586=FACE_OUTER_BOUND('',#837,.T.);
#587=FACE_OUTER_BOUND('',#838,.T.);
#588=FACE_OUTER_BOUND('',#839,.T.);
#589=FACE_OUTER_BOUND('',#840,.T.);
#590=FACE_OUTER_BOUND('',#842,.T.);
#591=FACE_OUTER_BOUND('',#843,.T.);
#592=FACE_OUTER_BOUND('',#844,.T.);
#593=FACE_OUTER_BOUND('',#845,.T.);
#594=FACE_OUTER_BOUND('',#846,.T.);
#595=FACE_OUTER_BOUND('',#847,.T.);
#596=FACE_OUTER_BOUND('',#848,.T.);
#597=FACE_OUTER_BOUND('',#849,.T.);
#598=FACE_OUTER_BOUND('',#851,.T.);
#599=FACE_OUTER_BOUND('',#852,.T.);
#600=FACE_OUTER_BOUND('',#854,.T.);
#601=FACE_OUTER_BOUND('',#855,.T.);
#602=FACE_OUTER_BOUND('',#856,.T.);
#603=FACE_OUTER_BOUND('',#857,.T.);
#604=FACE_OUTER_BOUND('',#858,.T.);
#605=FACE_OUTER_BOUND('',#859,.T.);
#606=FACE_OUTER_BOUND('',#860,.T.);
#607=FACE_OUTER_BOUND('',#861,.T.);
#608=FACE_OUTER_BOUND('',#862,.T.);
#609=FACE_OUTER_BOUND('',#863,.T.);
#610=FACE_OUTER_BOUND('',#864,.T.);
#611=FACE_OUTER_BOUND('',#865,.T.);
#612=FACE_OUTER_BOUND('',#866,.T.);
#613=FACE_OUTER_BOUND('',#870,.T.);
#614=FACE_OUTER_BOUND('',#871,.T.);
#615=FACE_OUTER_BOUND('',#875,.T.);
#616=FACE_OUTER_BOUND('',#876,.T.);
#617=FACE_OUTER_BOUND('',#877,.T.);
#618=FACE_OUTER_BOUND('',#878,.T.);
#619=FACE_OUTER_BOUND('',#879,.T.);
#620=FACE_OUTER_BOUND('',#880,.T.);
#621=FACE_OUTER_BOUND('',#881,.T.);
#622=FACE_OUTER_BOUND('',#882,.T.);
#623=FACE_OUTER_BOUND('',#883,.T.);
#624=FACE_OUTER_BOUND('',#884,.T.);
#625=FACE_OUTER_BOUND('',#885,.T.);
#626=FACE_OUTER_BOUND('',#892,.T.);
#627=FACE_OUTER_BOUND('',#893,.T.);
#628=FACE_OUTER_BOUND('',#900,.T.);
#629=FACE_OUTER_BOUND('',#901,.T.);
#630=FACE_OUTER_BOUND('',#902,.T.);
#631=FACE_OUTER_BOUND('',#903,.T.);
#632=FACE_OUTER_BOUND('',#904,.T.);
#633=FACE_OUTER_BOUND('',#905,.T.);
#634=FACE_OUTER_BOUND('',#906,.T.);
#635=FACE_OUTER_BOUND('',#907,.T.);
#636=FACE_OUTER_BOUND('',#908,.T.);
#637=FACE_OUTER_BOUND('',#909,.T.);
#638=FACE_OUTER_BOUND('',#910,.T.);
#639=FACE_OUTER_BOUND('',#911,.T.);
#640=FACE_OUTER_BOUND('',#912,.T.);
#641=FACE_OUTER_BOUND('',#913,.T.);
#642=FACE_OUTER_BOUND('',#914,.T.);
#643=FACE_OUTER_BOUND('',#915,.T.);
#644=FACE_OUTER_BOUND('',#916,.T.);
#645=FACE_OUTER_BOUND('',#917,.T.);
#646=FACE_OUTER_BOUND('',#918,.T.);
#647=FACE_OUTER_BOUND('',#919,.T.);
#648=FACE_OUTER_BOUND('',#920,.T.);
#649=FACE_OUTER_BOUND('',#921,.T.);
#650=FACE_OUTER_BOUND('',#922,.T.);
#651=FACE_OUTER_BOUND('',#923,.T.);
#652=FACE_OUTER_BOUND('',#924,.T.);
#653=FACE_OUTER_BOUND('',#925,.T.);
#654=FACE_OUTER_BOUND('',#926,.T.);
#655=FACE_OUTER_BOUND('',#927,.T.);
#656=FACE_OUTER_BOUND('',#928,.T.);
#657=FACE_OUTER_BOUND('',#929,.T.);
#658=FACE_OUTER_BOUND('',#930,.T.);
#659=FACE_OUTER_BOUND('',#931,.T.);
#660=FACE_OUTER_BOUND('',#932,.T.);
#661=FACE_OUTER_BOUND('',#933,.T.);
#662=FACE_OUTER_BOUND('',#934,.T.);
#663=FACE_OUTER_BOUND('',#935,.T.);
#664=FACE_OUTER_BOUND('',#936,.T.);
#665=FACE_OUTER_BOUND('',#937,.T.);
#666=FACE_OUTER_BOUND('',#938,.T.);
#667=FACE_OUTER_BOUND('',#939,.T.);
#668=FACE_OUTER_BOUND('',#940,.T.);
#669=FACE_OUTER_BOUND('',#941,.T.);
#670=FACE_OUTER_BOUND('',#942,.T.);
#671=FACE_OUTER_BOUND('',#943,.T.);
#672=FACE_OUTER_BOUND('',#944,.T.);
#673=FACE_OUTER_BOUND('',#945,.T.);
#674=FACE_OUTER_BOUND('',#946,.T.);
#675=FACE_OUTER_BOUND('',#947,.T.);
#676=FACE_OUTER_BOUND('',#948,.T.);
#677=FACE_OUTER_BOUND('',#949,.T.);
#678=FACE_OUTER_BOUND('',#950,.T.);
#679=FACE_OUTER_BOUND('',#953,.T.);
#680=FACE_OUTER_BOUND('',#954,.T.);
#681=FACE_OUTER_BOUND('',#955,.T.);
#682=FACE_OUTER_BOUND('',#956,.T.);
#683=FACE_OUTER_BOUND('',#959,.T.);
#684=FACE_OUTER_BOUND('',#960,.T.);
#685=FACE_OUTER_BOUND('',#961,.T.);
#686=FACE_OUTER_BOUND('',#962,.T.);
#687=FACE_OUTER_BOUND('',#963,.T.);
#688=FACE_OUTER_BOUND('',#964,.T.);
#689=FACE_OUTER_BOUND('',#965,.T.);
#690=FACE_OUTER_BOUND('',#966,.T.);
#691=FACE_OUTER_BOUND('',#967,.T.);
#692=FACE_OUTER_BOUND('',#968,.T.);
#693=FACE_OUTER_BOUND('',#969,.T.);
#694=FACE_OUTER_BOUND('',#970,.T.);
#695=FACE_OUTER_BOUND('',#971,.T.);
#696=FACE_OUTER_BOUND('',#972,.T.);
#697=FACE_OUTER_BOUND('',#973,.T.);
#698=FACE_OUTER_BOUND('',#974,.T.);
#699=FACE_OUTER_BOUND('',#975,.T.);
#700=FACE_OUTER_BOUND('',#976,.T.);
#701=FACE_OUTER_BOUND('',#979,.T.);
#702=FACE_OUTER_BOUND('',#980,.T.);
#703=FACE_OUTER_BOUND('',#981,.T.);
#704=FACE_OUTER_BOUND('',#982,.T.);
#705=FACE_OUTER_BOUND('',#985,.T.);
#706=FACE_OUTER_BOUND('',#986,.T.);
#707=EDGE_LOOP('',(#2726,#2727,#2728,#2729));
#708=EDGE_LOOP('',(#2730,#2731,#2732,#2733));
#709=EDGE_LOOP('',(#2734,#2735,#2736,#2737));
#710=EDGE_LOOP('',(#2738,#2739,#2740,#2741));
#711=EDGE_LOOP('',(#2742,#2743,#2744,#2745));
#712=EDGE_LOOP('',(#2746,#2747));
#713=EDGE_LOOP('',(#2748));
#714=EDGE_LOOP('',(#2749));
#715=EDGE_LOOP('',(#2750));
#716=EDGE_LOOP('',(#2751,#2752));
#717=EDGE_LOOP('',(#2753));
#718=EDGE_LOOP('',(#2754));
#719=EDGE_LOOP('',(#2755));
#720=EDGE_LOOP('',(#2756,#2757,#2758,#2759));
#721=EDGE_LOOP('',(#2760,#2761,#2762,#2763));
#722=EDGE_LOOP('',(#2764,#2765));
#723=EDGE_LOOP('',(#2766,#2767));
#724=EDGE_LOOP('',(#2768,#2769,#2770,#2771));
#725=EDGE_LOOP('',(#2772,#2773,#2774,#2775));
#726=EDGE_LOOP('',(#2776,#2777,#2778,#2779));
#727=EDGE_LOOP('',(#2780,#2781,#2782,#2783));
#728=EDGE_LOOP('',(#2784,#2785,#2786,#2787));
#729=EDGE_LOOP('',(#2788,#2789,#2790,#2791));
#730=EDGE_LOOP('',(#2792,#2793,#2794,#2795));
#731=EDGE_LOOP('',(#2796,#2797,#2798,#2799));
#732=EDGE_LOOP('',(#2800,#2801,#2802,#2803));
#733=EDGE_LOOP('',(#2804,#2805,#2806));
#734=EDGE_LOOP('',(#2807,#2808,#2809,#2810));
#735=EDGE_LOOP('',(#2811,#2812,#2813,#2814));
#736=EDGE_LOOP('',(#2815,#2816,#2817,#2818));
#737=EDGE_LOOP('',(#2819,#2820,#2821,#2822));
#738=EDGE_LOOP('',(#2823,#2824,#2825,#2826));
#739=EDGE_LOOP('',(#2827,#2828,#2829));
#740=EDGE_LOOP('',(#2830,#2831,#2832,#2833,#2834,#2835));
#741=EDGE_LOOP('',(#2836,#2837,#2838,#2839,#2840));
#742=EDGE_LOOP('',(#2841,#2842,#2843,#2844));
#743=EDGE_LOOP('',(#2845,#2846,#2847,#2848));
#744=EDGE_LOOP('',(#2849,#2850,#2851,#2852,#2853));
#745=EDGE_LOOP('',(#2854,#2855,#2856,#2857,#2858,#2859));
#746=EDGE_LOOP('',(#2860,#2861,#2862,#2863));
#747=EDGE_LOOP('',(#2864,#2865,#2866,#2867));
#748=EDGE_LOOP('',(#2868,#2869,#2870,#2871));
#749=EDGE_LOOP('',(#2872,#2873,#2874,#2875));
#750=EDGE_LOOP('',(#2876,#2877,#2878,#2879));
#751=EDGE_LOOP('',(#2880,#2881,#2882,#2883));
#752=EDGE_LOOP('',(#2884,#2885,#2886,#2887));
#753=EDGE_LOOP('',(#2888,#2889,#2890,#2891));
#754=EDGE_LOOP('',(#2892,#2893,#2894,#2895));
#755=EDGE_LOOP('',(#2896,#2897,#2898,#2899));
#756=EDGE_LOOP('',(#2900,#2901,#2902,#2903));
#757=EDGE_LOOP('',(#2904,#2905,#2906));
#758=EDGE_LOOP('',(#2907,#2908,#2909,#2910));
#759=EDGE_LOOP('',(#2911,#2912,#2913,#2914));
#760=EDGE_LOOP('',(#2915,#2916,#2917,#2918));
#761=EDGE_LOOP('',(#2919,#2920,#2921,#2922));
#762=EDGE_LOOP('',(#2923,#2924,#2925,#2926));
#763=EDGE_LOOP('',(#2927,#2928,#2929));
#764=EDGE_LOOP('',(#2930,#2931,#2932,#2933,#2934,#2935));
#765=EDGE_LOOP('',(#2936,#2937,#2938,#2939,#2940));
#766=EDGE_LOOP('',(#2941,#2942,#2943,#2944));
#767=EDGE_LOOP('',(#2945,#2946,#2947,#2948));
#768=EDGE_LOOP('',(#2949,#2950,#2951,#2952,#2953));
#769=EDGE_LOOP('',(#2954,#2955,#2956,#2957,#2958,#2959));
#770=EDGE_LOOP('',(#2960,#2961,#2962,#2963));
#771=EDGE_LOOP('',(#2964,#2965,#2966,#2967));
#772=EDGE_LOOP('',(#2968,#2969,#2970,#2971));
#773=EDGE_LOOP('',(#2972,#2973,#2974,#2975));
#774=EDGE_LOOP('',(#2976,#2977,#2978,#2979));
#775=EDGE_LOOP('',(#2980,#2981,#2982,#2983));
#776=EDGE_LOOP('',(#2984,#2985,#2986,#2987));
#777=EDGE_LOOP('',(#2988,#2989,#2990,#2991));
#778=EDGE_LOOP('',(#2992,#2993,#2994,#2995));
#779=EDGE_LOOP('',(#2996,#2997,#2998,#2999));
#780=EDGE_LOOP('',(#3000,#3001,#3002,#3003));
#781=EDGE_LOOP('',(#3004,#3005,#3006,#3007));
#782=EDGE_LOOP('',(#3008,#3009,#3010,#3011));
#783=EDGE_LOOP('',(#3012,#3013,#3014,#3015));
#784=EDGE_LOOP('',(#3016,#3017,#3018,#3019));
#785=EDGE_LOOP('',(#3020,#3021,#3022,#3023));
#786=EDGE_LOOP('',(#3024,#3025,#3026,#3027));
#787=EDGE_LOOP('',(#3028,#3029,#3030,#3031));
#788=EDGE_LOOP('',(#3032,#3033,#3034,#3035));
#789=EDGE_LOOP('',(#3036,#3037,#3038,#3039));
#790=EDGE_LOOP('',(#3040,#3041,#3042,#3043));
#791=EDGE_LOOP('',(#3044,#3045,#3046,#3047));
#792=EDGE_LOOP('',(#3048,#3049,#3050,#3051));
#793=EDGE_LOOP('',(#3052,#3053,#3054,#3055));
#794=EDGE_LOOP('',(#3056,#3057,#3058,#3059));
#795=EDGE_LOOP('',(#3060,#3061,#3062,#3063));
#796=EDGE_LOOP('',(#3064,#3065,#3066,#3067));
#797=EDGE_LOOP('',(#3068,#3069,#3070,#3071));
#798=EDGE_LOOP('',(#3072,#3073,#3074,#3075));
#799=EDGE_LOOP('',(#3076,#3077,#3078,#3079));
#800=EDGE_LOOP('',(#3080,#3081,#3082,#3083));
#801=EDGE_LOOP('',(#3084,#3085,#3086,#3087));
#802=EDGE_LOOP('',(#3088,#3089,#3090,#3091));
#803=EDGE_LOOP('',(#3092,#3093,#3094,#3095));
#804=EDGE_LOOP('',(#3096,#3097,#3098,#3099));
#805=EDGE_LOOP('',(#3100,#3101,#3102,#3103));
#806=EDGE_LOOP('',(#3104,#3105,#3106,#3107));
#807=EDGE_LOOP('',(#3108,#3109,#3110,#3111));
#808=EDGE_LOOP('',(#3112,#3113,#3114,#3115));
#809=EDGE_LOOP('',(#3116,#3117,#3118,#3119));
#810=EDGE_LOOP('',(#3120));
#811=EDGE_LOOP('',(#3121));
#812=EDGE_LOOP('',(#3122,#3123,#3124,#3125));
#813=EDGE_LOOP('',(#3126,#3127,#3128,#3129));
#814=EDGE_LOOP('',(#3130,#3131,#3132,#3133));
#815=EDGE_LOOP('',(#3134,#3135,#3136,#3137));
#816=EDGE_LOOP('',(#3138,#3139,#3140,#3141,#3142));
#817=EDGE_LOOP('',(#3143,#3144,#3145,#3146));
#818=EDGE_LOOP('',(#3147,#3148,#3149,#3150));
#819=EDGE_LOOP('',(#3151,#3152,#3153,#3154));
#820=EDGE_LOOP('',(#3155));
#821=EDGE_LOOP('',(#3156));
#822=EDGE_LOOP('',(#3157,#3158,#3159,#3160,#3161,#3162,#3163,#3164,#3165,
#3166));
#823=EDGE_LOOP('',(#3167,#3168,#3169,#3170,#3171,#3172));
#824=EDGE_LOOP('',(#3173));
#825=EDGE_LOOP('',(#3174,#3175,#3176,#3177));
#826=EDGE_LOOP('',(#3178,#3179,#3180,#3181));
#827=EDGE_LOOP('',(#3182));
#828=EDGE_LOOP('',(#3183));
#829=EDGE_LOOP('',(#3184,#3185,#3186,#3187));
#830=EDGE_LOOP('',(#3188,#3189,#3190,#3191));
#831=EDGE_LOOP('',(#3192,#3193,#3194,#3195));
#832=EDGE_LOOP('',(#3196,#3197,#3198,#3199));
#833=EDGE_LOOP('',(#3200,#3201,#3202,#3203,#3204));
#834=EDGE_LOOP('',(#3205,#3206,#3207,#3208));
#835=EDGE_LOOP('',(#3209,#3210,#3211,#3212));
#836=EDGE_LOOP('',(#3213,#3214,#3215,#3216));
#837=EDGE_LOOP('',(#3217));
#838=EDGE_LOOP('',(#3218));
#839=EDGE_LOOP('',(#3219,#3220,#3221,#3222,#3223,#3224,#3225,#3226,#3227,
#3228));
#840=EDGE_LOOP('',(#3229,#3230,#3231,#3232,#3233,#3234));
#841=EDGE_LOOP('',(#3235));
#842=EDGE_LOOP('',(#3236,#3237,#3238,#3239,#3240,#3241,#3242,#3243,#3244,
#3245));
#843=EDGE_LOOP('',(#3246,#3247,#3248,#3249,#3250));
#844=EDGE_LOOP('',(#3251,#3252,#3253,#3254));
#845=EDGE_LOOP('',(#3255,#3256,#3257,#3258,#3259));
#846=EDGE_LOOP('',(#3260,#3261,#3262,#3263));
#847=EDGE_LOOP('',(#3264,#3265,#3266,#3267));
#848=EDGE_LOOP('',(#3268,#3269,#3270,#3271));
#849=EDGE_LOOP('',(#3272));
#850=EDGE_LOOP('',(#3273));
#851=EDGE_LOOP('',(#3274,#3275,#3276,#3277));
#852=EDGE_LOOP('',(#3278));
#853=EDGE_LOOP('',(#3279));
#854=EDGE_LOOP('',(#3280,#3281,#3282,#3283,#3284,#3285,#3286,#3287,#3288,
#3289));
#855=EDGE_LOOP('',(#3290,#3291,#3292,#3293));
#856=EDGE_LOOP('',(#3294,#3295,#3296,#3297));
#857=EDGE_LOOP('',(#3298,#3299,#3300,#3301));
#858=EDGE_LOOP('',(#3302,#3303,#3304,#3305));
#859=EDGE_LOOP('',(#3306,#3307,#3308,#3309));
#860=EDGE_LOOP('',(#3310,#3311,#3312,#3313));
#861=EDGE_LOOP('',(#3314,#3315,#3316,#3317));
#862=EDGE_LOOP('',(#3318,#3319,#3320,#3321));
#863=EDGE_LOOP('',(#3322,#3323,#3324,#3325));
#864=EDGE_LOOP('',(#3326,#3327,#3328,#3329));
#865=EDGE_LOOP('',(#3330,#3331,#3332,#3333));
#866=EDGE_LOOP('',(#3334,#3335,#3336,#3337));
#867=EDGE_LOOP('',(#3338));
#868=EDGE_LOOP('',(#3339));
#869=EDGE_LOOP('',(#3340));
#870=EDGE_LOOP('',(#3341,#3342,#3343,#3344));
#871=EDGE_LOOP('',(#3345,#3346,#3347,#3348));
#872=EDGE_LOOP('',(#3349));
#873=EDGE_LOOP('',(#3350));
#874=EDGE_LOOP('',(#3351));
#875=EDGE_LOOP('',(#3352,#3353,#3354,#3355));
#876=EDGE_LOOP('',(#3356,#3357,#3358,#3359));
#877=EDGE_LOOP('',(#3360,#3361,#3362,#3363));
#878=EDGE_LOOP('',(#3364,#3365,#3366,#3367));
#879=EDGE_LOOP('',(#3368,#3369,#3370,#3371));
#880=EDGE_LOOP('',(#3372,#3373,#3374,#3375));
#881=EDGE_LOOP('',(#3376,#3377,#3378,#3379));
#882=EDGE_LOOP('',(#3380,#3381,#3382,#3383));
#883=EDGE_LOOP('',(#3384,#3385,#3386,#3387));
#884=EDGE_LOOP('',(#3388,#3389,#3390,#3391));
#885=EDGE_LOOP('',(#3392,#3393,#3394,#3395));
#886=EDGE_LOOP('',(#3396));
#887=EDGE_LOOP('',(#3397));
#888=EDGE_LOOP('',(#3398));
#889=EDGE_LOOP('',(#3399));
#890=EDGE_LOOP('',(#3400));
#891=EDGE_LOOP('',(#3401));
#892=EDGE_LOOP('',(#3402,#3403,#3404,#3405));
#893=EDGE_LOOP('',(#3406,#3407,#3408,#3409));
#894=EDGE_LOOP('',(#3410));
#895=EDGE_LOOP('',(#3411));
#896=EDGE_LOOP('',(#3412));
#897=EDGE_LOOP('',(#3413));
#898=EDGE_LOOP('',(#3414));
#899=EDGE_LOOP('',(#3415));
#900=EDGE_LOOP('',(#3416,#3417,#3418,#3419));
#901=EDGE_LOOP('',(#3420,#3421,#3422,#3423));
#902=EDGE_LOOP('',(#3424,#3425,#3426,#3427));
#903=EDGE_LOOP('',(#3428,#3429,#3430,#3431));
#904=EDGE_LOOP('',(#3432,#3433,#3434,#3435));
#905=EDGE_LOOP('',(#3436,#3437,#3438,#3439));
#906=EDGE_LOOP('',(#3440,#3441,#3442,#3443));
#907=EDGE_LOOP('',(#3444,#3445,#3446,#3447,#3448));
#908=EDGE_LOOP('',(#3449,#3450,#3451,#3452));
#909=EDGE_LOOP('',(#3453,#3454,#3455,#3456));
#910=EDGE_LOOP('',(#3457,#3458,#3459,#3460));
#911=EDGE_LOOP('',(#3461,#3462,#3463,#3464));
#912=EDGE_LOOP('',(#3465,#3466,#3467,#3468));
#913=EDGE_LOOP('',(#3469,#3470,#3471,#3472,#3473));
#914=EDGE_LOOP('',(#3474,#3475,#3476,#3477,#3478));
#915=EDGE_LOOP('',(#3479,#3480,#3481,#3482));
#916=EDGE_LOOP('',(#3483,#3484,#3485,#3486));
#917=EDGE_LOOP('',(#3487,#3488,#3489,#3490));
#918=EDGE_LOOP('',(#3491,#3492,#3493,#3494));
#919=EDGE_LOOP('',(#3495,#3496,#3497,#3498));
#920=EDGE_LOOP('',(#3499,#3500,#3501,#3502,#3503));
#921=EDGE_LOOP('',(#3504,#3505,#3506,#3507,#3508));
#922=EDGE_LOOP('',(#3509,#3510,#3511,#3512));
#923=EDGE_LOOP('',(#3513,#3514,#3515,#3516));
#924=EDGE_LOOP('',(#3517,#3518,#3519,#3520));
#925=EDGE_LOOP('',(#3521,#3522,#3523,#3524));
#926=EDGE_LOOP('',(#3525,#3526,#3527,#3528));
#927=EDGE_LOOP('',(#3529,#3530,#3531,#3532,#3533));
#928=EDGE_LOOP('',(#3534,#3535,#3536,#3537,#3538));
#929=EDGE_LOOP('',(#3539,#3540,#3541,#3542));
#930=EDGE_LOOP('',(#3543,#3544,#3545,#3546));
#931=EDGE_LOOP('',(#3547,#3548,#3549,#3550));
#932=EDGE_LOOP('',(#3551,#3552,#3553,#3554));
#933=EDGE_LOOP('',(#3555,#3556,#3557,#3558));
#934=EDGE_LOOP('',(#3559,#3560,#3561,#3562,#3563));
#935=EDGE_LOOP('',(#3564,#3565,#3566,#3567));
#936=EDGE_LOOP('',(#3568,#3569,#3570,#3571,#3572));
#937=EDGE_LOOP('',(#3573,#3574,#3575,#3576));
#938=EDGE_LOOP('',(#3577,#3578,#3579,#3580,#3581));
#939=EDGE_LOOP('',(#3582,#3583,#3584,#3585));
#940=EDGE_LOOP('',(#3586,#3587,#3588,#3589));
#941=EDGE_LOOP('',(#3590,#3591,#3592,#3593));
#942=EDGE_LOOP('',(#3594,#3595,#3596,#3597));
#943=EDGE_LOOP('',(#3598,#3599,#3600,#3601,#3602));
#944=EDGE_LOOP('',(#3603,#3604,#3605,#3606));
#945=EDGE_LOOP('',(#3607,#3608,#3609,#3610));
#946=EDGE_LOOP('',(#3611,#3612,#3613,#3614));
#947=EDGE_LOOP('',(#3615,#3616,#3617,#3618));
#948=EDGE_LOOP('',(#3619,#3620,#3621,#3622,#3623));
#949=EDGE_LOOP('',(#3624,#3625,#3626,#3627));
#950=EDGE_LOOP('',(#3628,#3629,#3630,#3631));
#951=EDGE_LOOP('',(#3632));
#952=EDGE_LOOP('',(#3633));
#953=EDGE_LOOP('',(#3634,#3635,#3636,#3637));
#954=EDGE_LOOP('',(#3638,#3639,#3640,#3641));
#955=EDGE_LOOP('',(#3642,#3643,#3644,#3645));
#956=EDGE_LOOP('',(#3646,#3647,#3648,#3649));
#957=EDGE_LOOP('',(#3650));
#958=EDGE_LOOP('',(#3651));
#959=EDGE_LOOP('',(#3652,#3653,#3654,#3655));
#960=EDGE_LOOP('',(#3656,#3657,#3658,#3659));
#961=EDGE_LOOP('',(#3660,#3661,#3662,#3663));
#962=EDGE_LOOP('',(#3664,#3665,#3666,#3667,#3668));
#963=EDGE_LOOP('',(#3669,#3670,#3671,#3672));
#964=EDGE_LOOP('',(#3673,#3674,#3675,#3676));
#965=EDGE_LOOP('',(#3677,#3678,#3679,#3680));
#966=EDGE_LOOP('',(#3681,#3682,#3683,#3684));
#967=EDGE_LOOP('',(#3685,#3686,#3687,#3688,#3689));
#968=EDGE_LOOP('',(#3690,#3691,#3692,#3693));
#969=EDGE_LOOP('',(#3694,#3695,#3696,#3697,#3698));
#970=EDGE_LOOP('',(#3699,#3700,#3701,#3702));
#971=EDGE_LOOP('',(#3703,#3704,#3705,#3706,#3707));
#972=EDGE_LOOP('',(#3708,#3709,#3710,#3711));
#973=EDGE_LOOP('',(#3712,#3713,#3714,#3715));
#974=EDGE_LOOP('',(#3716,#3717,#3718,#3719));
#975=EDGE_LOOP('',(#3720,#3721,#3722,#3723));
#976=EDGE_LOOP('',(#3724,#3725,#3726,#3727));
#977=EDGE_LOOP('',(#3728));
#978=EDGE_LOOP('',(#3729));
#979=EDGE_LOOP('',(#3730,#3731,#3732,#3733));
#980=EDGE_LOOP('',(#3734,#3735,#3736,#3737));
#981=EDGE_LOOP('',(#3738,#3739,#3740,#3741));
#982=EDGE_LOOP('',(#3742,#3743,#3744,#3745));
#983=EDGE_LOOP('',(#3746));
#984=EDGE_LOOP('',(#3747));
#985=EDGE_LOOP('',(#3748,#3749,#3750,#3751));
#986=EDGE_LOOP('',(#3752,#3753,#3754,#3755));
#987=LINE('',#5691,#1384);
#988=LINE('',#5697,#1385);
#989=LINE('',#5703,#1386);
#990=LINE('',#5708,#1387);
#991=LINE('',#5710,#1388);
#992=LINE('',#5712,#1389);
#993=LINE('',#5713,#1390);
#994=LINE('',#5723,#1391);
#995=LINE('',#5725,#1392);
#996=LINE('',#5727,#1393);
#997=LINE('',#5728,#1394);
#998=LINE('',#5740,#1395);
#999=LINE('',#5742,#1396);
#1000=LINE('',#5744,#1397);
#1001=LINE('',#5745,#1398);
#1002=LINE('',#5748,#1399);
#1003=LINE('',#5750,#1400);
#1004=LINE('',#5751,#1401);
#1005=LINE('',#5754,#1402);
#1006=LINE('',#5756,#1403);
#1007=LINE('',#5757,#1404);
#1008=LINE('',#5759,#1405);
#1009=LINE('',#5760,#1406);
#1010=LINE('',#5764,#1407);
#1011=LINE('',#5766,#1408);
#1012=LINE('',#5768,#1409);
#1013=LINE('',#5769,#1410);
#1014=LINE('',#5772,#1411);
#1015=LINE('',#5774,#1412);
#1016=LINE('',#5775,#1413);
#1017=LINE('',#5778,#1414);
#1018=LINE('',#5780,#1415);
#1019=LINE('',#5781,#1416);
#1020=LINE('',#5783,#1417);
#1021=LINE('',#5784,#1418);
#1022=LINE('',#5788,#1419);
#1023=LINE('',#5790,#1420);
#1024=LINE('',#5792,#1421);
#1025=LINE('',#5793,#1422);
#1026=LINE('',#5796,#1423);
#1027=LINE('',#5797,#1424);
#1028=LINE('',#5800,#1425);
#1029=LINE('',#5802,#1426);
#1030=LINE('',#5803,#1427);
#1031=LINE('',#5806,#1428);
#1032=LINE('',#5807,#1429);
#1033=LINE('',#5811,#1430);
#1034=LINE('',#5812,#1431);
#1035=LINE('',#5813,#1432);
#1036=LINE('',#5814,#1433);
#1037=LINE('',#5819,#1434);
#1038=LINE('',#5820,#1435);
#1039=LINE('',#5821,#1436);
#1040=LINE('',#5825,#1437);
#1041=LINE('',#5826,#1438);
#1042=LINE('',#5827,#1439);
#1043=LINE('',#5830,#1440);
#1044=LINE('',#5831,#1441);
#1045=LINE('',#5834,#1442);
#1046=LINE('',#5835,#1443);
#1047=LINE('',#5837,#1444);
#1048=LINE('',#5843,#1445);
#1049=LINE('',#5845,#1446);
#1050=LINE('',#5847,#1447);
#1051=LINE('',#5848,#1448);
#1052=LINE('',#5851,#1449);
#1053=LINE('',#5853,#1450);
#1054=LINE('',#5854,#1451);
#1055=LINE('',#5857,#1452);
#1056=LINE('',#5859,#1453);
#1057=LINE('',#5860,#1454);
#1058=LINE('',#5862,#1455);
#1059=LINE('',#5863,#1456);
#1060=LINE('',#5867,#1457);
#1061=LINE('',#5869,#1458);
#1062=LINE('',#5871,#1459);
#1063=LINE('',#5872,#1460);
#1064=LINE('',#5875,#1461);
#1065=LINE('',#5877,#1462);
#1066=LINE('',#5878,#1463);
#1067=LINE('',#5881,#1464);
#1068=LINE('',#5883,#1465);
#1069=LINE('',#5884,#1466);
#1070=LINE('',#5886,#1467);
#1071=LINE('',#5887,#1468);
#1072=LINE('',#5891,#1469);
#1073=LINE('',#5893,#1470);
#1074=LINE('',#5895,#1471);
#1075=LINE('',#5896,#1472);
#1076=LINE('',#5899,#1473);
#1077=LINE('',#5900,#1474);
#1078=LINE('',#5903,#1475);
#1079=LINE('',#5905,#1476);
#1080=LINE('',#5906,#1477);
#1081=LINE('',#5909,#1478);
#1082=LINE('',#5910,#1479);
#1083=LINE('',#5914,#1480);
#1084=LINE('',#5915,#1481);
#1085=LINE('',#5916,#1482);
#1086=LINE('',#5917,#1483);
#1087=LINE('',#5922,#1484);
#1088=LINE('',#5923,#1485);
#1089=LINE('',#5924,#1486);
#1090=LINE('',#5928,#1487);
#1091=LINE('',#5929,#1488);
#1092=LINE('',#5930,#1489);
#1093=LINE('',#5933,#1490);
#1094=LINE('',#5934,#1491);
#1095=LINE('',#5937,#1492);
#1096=LINE('',#5938,#1493);
#1097=LINE('',#5940,#1494);
#1098=LINE('',#5946,#1495);
#1099=LINE('',#5948,#1496);
#1100=LINE('',#5950,#1497);
#1101=LINE('',#5951,#1498);
#1102=LINE('',#5957,#1499);
#1103=LINE('',#5960,#1500);
#1104=LINE('',#5962,#1501);
#1105=LINE('',#5963,#1502);
#1106=LINE('',#5974,#1503);
#1107=LINE('',#5977,#1504);
#1108=LINE('',#5980,#1505);
#1109=LINE('',#5982,#1506);
#1110=LINE('',#5983,#1507);
#1111=LINE('',#5989,#1508);
#1112=LINE('',#5991,#1509);
#1113=LINE('',#5992,#1510);
#1114=LINE('',#5998,#1511);
#1115=LINE('',#6000,#1512);
#1116=LINE('',#6002,#1513);
#1117=LINE('',#6003,#1514);
#1118=LINE('',#6009,#1515);
#1119=LINE('',#6012,#1516);
#1120=LINE('',#6014,#1517);
#1121=LINE('',#6015,#1518);
#1122=LINE('',#6026,#1519);
#1123=LINE('',#6029,#1520);
#1124=LINE('',#6032,#1521);
#1125=LINE('',#6034,#1522);
#1126=LINE('',#6035,#1523);
#1127=LINE('',#6041,#1524);
#1128=LINE('',#6043,#1525);
#1129=LINE('',#6044,#1526);
#1130=LINE('',#6051,#1527);
#1131=LINE('',#6053,#1528);
#1132=LINE('',#6055,#1529);
#1133=LINE('',#6056,#1530);
#1134=LINE('',#6059,#1531);
#1135=LINE('',#6061,#1532);
#1136=LINE('',#6062,#1533);
#1137=LINE('',#6065,#1534);
#1138=LINE('',#6067,#1535);
#1139=LINE('',#6068,#1536);
#1140=LINE('',#6070,#1537);
#1141=LINE('',#6071,#1538);
#1142=LINE('',#6078,#1539);
#1143=LINE('',#6080,#1540);
#1144=LINE('',#6082,#1541);
#1145=LINE('',#6083,#1542);
#1146=LINE('',#6086,#1543);
#1147=LINE('',#6088,#1544);
#1148=LINE('',#6089,#1545);
#1149=LINE('',#6092,#1546);
#1150=LINE('',#6094,#1547);
#1151=LINE('',#6095,#1548);
#1152=LINE('',#6097,#1549);
#1153=LINE('',#6098,#1550);
#1154=LINE('',#6106,#1551);
#1155=LINE('',#6118,#1552);
#1156=LINE('',#6122,#1553);
#1157=LINE('',#6124,#1554);
#1158=LINE('',#6129,#1555);
#1159=LINE('',#6132,#1556);
#1160=LINE('',#6137,#1557);
#1161=LINE('',#6140,#1558);
#1162=LINE('',#6145,#1559);
#1163=LINE('',#6148,#1560);
#1164=LINE('',#6157,#1561);
#1165=LINE('',#6160,#1562);
#1166=LINE('',#6165,#1563);
#1167=LINE('',#6167,#1564);
#1168=LINE('',#6173,#1565);
#1169=LINE('',#6180,#1566);
#1170=LINE('',#6187,#1567);
#1171=LINE('',#6199,#1568);
#1172=LINE('',#6203,#1569);
#1173=LINE('',#6205,#1570);
#1174=LINE('',#6210,#1571);
#1175=LINE('',#6213,#1572);
#1176=LINE('',#6218,#1573);
#1177=LINE('',#6221,#1574);
#1178=LINE('',#6226,#1575);
#1179=LINE('',#6229,#1576);
#1180=LINE('',#6238,#1577);
#1181=LINE('',#6241,#1578);
#1182=LINE('',#6246,#1579);
#1183=LINE('',#6248,#1580);
#1184=LINE('',#6254,#1581);
#1185=LINE('',#6261,#1582);
#1186=LINE('',#6269,#1583);
#1187=LINE('',#6300,#1584);
#1188=LINE('',#6305,#1585);
#1189=LINE('',#6308,#1586);
#1190=LINE('',#6318,#1587);
#1191=LINE('',#6324,#1588);
#1192=LINE('',#6330,#1589);
#1193=LINE('',#6347,#1590);
#1194=LINE('',#6349,#1591);
#1195=LINE('',#6353,#1592);
#1196=LINE('',#6355,#1593);
#1197=LINE('',#6357,#1594);
#1198=LINE('',#6358,#1595);
#1199=LINE('',#6361,#1596);
#1200=LINE('',#6363,#1597);
#1201=LINE('',#6364,#1598);
#1202=LINE('',#6367,#1599);
#1203=LINE('',#6368,#1600);
#1204=LINE('',#6371,#1601);
#1205=LINE('',#6372,#1602);
#1206=LINE('',#6374,#1603);
#1207=LINE('',#6380,#1604);
#1208=LINE('',#6386,#1605);
#1209=LINE('',#6392,#1606);
#1210=LINE('',#6397,#1607);
#1211=LINE('',#6399,#1608);
#1212=LINE('',#6401,#1609);
#1213=LINE('',#6402,#1610);
#1214=LINE('',#6405,#1611);
#1215=LINE('',#6407,#1612);
#1216=LINE('',#6408,#1613);
#1217=LINE('',#6411,#1614);
#1218=LINE('',#6412,#1615);
#1219=LINE('',#6415,#1616);
#1220=LINE('',#6416,#1617);
#1221=LINE('',#6418,#1618);
#1222=LINE('',#6424,#1619);
#1223=LINE('',#6430,#1620);
#1224=LINE('',#6436,#1621);
#1225=LINE('',#6442,#1622);
#1226=LINE('',#6448,#1623);
#1227=LINE('',#6454,#1624);
#1228=LINE('',#6459,#1625);
#1229=LINE('',#6461,#1626);
#1230=LINE('',#6463,#1627);
#1231=LINE('',#6464,#1628);
#1232=LINE('',#6467,#1629);
#1233=LINE('',#6469,#1630);
#1234=LINE('',#6470,#1631);
#1235=LINE('',#6473,#1632);
#1236=LINE('',#6474,#1633);
#1237=LINE('',#6477,#1634);
#1238=LINE('',#6478,#1635);
#1239=LINE('',#6480,#1636);
#1240=LINE('',#6485,#1637);
#1241=LINE('',#6487,#1638);
#1242=LINE('',#6489,#1639);
#1243=LINE('',#6490,#1640);
#1244=LINE('',#6493,#1641);
#1245=LINE('',#6495,#1642);
#1246=LINE('',#6496,#1643);
#1247=LINE('',#6499,#1644);
#1248=LINE('',#6500,#1645);
#1249=LINE('',#6503,#1646);
#1250=LINE('',#6504,#1647);
#1251=LINE('',#6506,#1648);
#1252=LINE('',#6511,#1649);
#1253=LINE('',#6513,#1650);
#1254=LINE('',#6515,#1651);
#1255=LINE('',#6517,#1652);
#1256=LINE('',#6521,#1653);
#1257=LINE('',#6523,#1654);
#1258=LINE('',#6524,#1655);
#1259=LINE('',#6527,#1656);
#1260=LINE('',#6528,#1657);
#1261=LINE('',#6531,#1658);
#1262=LINE('',#6532,#1659);
#1263=LINE('',#6536,#1660);
#1264=LINE('',#6538,#1661);
#1265=LINE('',#6543,#1662);
#1266=LINE('',#6547,#1663);
#1267=LINE('',#6549,#1664);
#1268=LINE('',#6550,#1665);
#1269=LINE('',#6553,#1666);
#1270=LINE('',#6555,#1667);
#1271=LINE('',#6556,#1668);
#1272=LINE('',#6559,#1669);
#1273=LINE('',#6560,#1670);
#1274=LINE('',#6563,#1671);
#1275=LINE('',#6564,#1672);
#1276=LINE('',#6567,#1673);
#1277=LINE('',#6570,#1674);
#1278=LINE('',#6575,#1675);
#1279=LINE('',#6579,#1676);
#1280=LINE('',#6581,#1677);
#1281=LINE('',#6582,#1678);
#1282=LINE('',#6585,#1679);
#1283=LINE('',#6587,#1680);
#1284=LINE('',#6588,#1681);
#1285=LINE('',#6591,#1682);
#1286=LINE('',#6592,#1683);
#1287=LINE('',#6595,#1684);
#1288=LINE('',#6596,#1685);
#1289=LINE('',#6599,#1686);
#1290=LINE('',#6602,#1687);
#1291=LINE('',#6607,#1688);
#1292=LINE('',#6609,#1689);
#1293=LINE('',#6611,#1690);
#1294=LINE('',#6613,#1691);
#1295=LINE('',#6617,#1692);
#1296=LINE('',#6619,#1693);
#1297=LINE('',#6620,#1694);
#1298=LINE('',#6623,#1695);
#1299=LINE('',#6624,#1696);
#1300=LINE('',#6627,#1697);
#1301=LINE('',#6628,#1698);
#1302=LINE('',#6632,#1699);
#1303=LINE('',#6634,#1700);
#1304=LINE('',#6639,#1701);
#1305=LINE('',#6641,#1702);
#1306=LINE('',#6643,#1703);
#1307=LINE('',#6644,#1704);
#1308=LINE('',#6647,#1705);
#1309=LINE('',#6649,#1706);
#1310=LINE('',#6652,#1707);
#1311=LINE('',#6655,#1708);
#1312=LINE('',#6656,#1709);
#1313=LINE('',#6659,#1710);
#1314=LINE('',#6662,#1711);
#1315=LINE('',#6664,#1712);
#1316=LINE('',#6666,#1713);
#1317=LINE('',#6671,#1714);
#1318=LINE('',#6673,#1715);
#1319=LINE('',#6675,#1716);
#1320=LINE('',#6676,#1717);
#1321=LINE('',#6679,#1718);
#1322=LINE('',#6681,#1719);
#1323=LINE('',#6684,#1720);
#1324=LINE('',#6687,#1721);
#1325=LINE('',#6688,#1722);
#1326=LINE('',#6691,#1723);
#1327=LINE('',#6692,#1724);
#1328=LINE('',#6695,#1725);
#1329=LINE('',#6698,#1726);
#1330=LINE('',#6703,#1727);
#1331=LINE('',#6705,#1728);
#1332=LINE('',#6707,#1729);
#1333=LINE('',#6708,#1730);
#1334=LINE('',#6712,#1731);
#1335=LINE('',#6713,#1732);
#1336=LINE('',#6714,#1733);
#1337=LINE('',#6721,#1734);
#1338=LINE('',#6725,#1735);
#1339=LINE('',#6729,#1736);
#1340=LINE('',#6731,#1737);
#1341=LINE('',#6732,#1738);
#1342=LINE('',#6734,#1739);
#1343=LINE('',#6735,#1740);
#1344=LINE('',#6741,#1741);
#1345=LINE('',#6743,#1742);
#1346=LINE('',#6745,#1743);
#1347=LINE('',#6746,#1744);
#1348=LINE('',#6749,#1745);
#1349=LINE('',#6751,#1746);
#1350=LINE('',#6754,#1747);
#1351=LINE('',#6757,#1748);
#1352=LINE('',#6758,#1749);
#1353=LINE('',#6761,#1750);
#1354=LINE('',#6762,#1751);
#1355=LINE('',#6765,#1752);
#1356=LINE('',#6768,#1753);
#1357=LINE('',#6773,#1754);
#1358=LINE('',#6775,#1755);
#1359=LINE('',#6777,#1756);
#1360=LINE('',#6778,#1757);
#1361=LINE('',#6781,#1758);
#1362=LINE('',#6783,#1759);
#1363=LINE('',#6786,#1760);
#1364=LINE('',#6789,#1761);
#1365=LINE('',#6790,#1762);
#1366=LINE('',#6793,#1763);
#1367=LINE('',#6796,#1764);
#1368=LINE('',#6798,#1765);
#1369=LINE('',#6800,#1766);
#1370=LINE('',#6805,#1767);
#1371=LINE('',#6807,#1768);
#1372=LINE('',#6809,#1769);
#1373=LINE('',#6810,#1770);
#1374=LINE('',#6814,#1771);
#1375=LINE('',#6815,#1772);
#1376=LINE('',#6816,#1773);
#1377=LINE('',#6823,#1774);
#1378=LINE('',#6827,#1775);
#1379=LINE('',#6831,#1776);
#1380=LINE('',#6833,#1777);
#1381=LINE('',#6834,#1778);
#1382=LINE('',#6836,#1779);
#1383=LINE('',#6837,#1780);
#1384=VECTOR('',#4562,2.5);
#1385=VECTOR('',#4569,2.5);
#1386=VECTOR('',#4576,2.5);
#1387=VECTOR('',#4581,10.);
#1388=VECTOR('',#4582,10.);
#1389=VECTOR('',#4583,10.);
#1390=VECTOR('',#4584,10.);
#1391=VECTOR('',#4599,10.);
#1392=VECTOR('',#4600,10.);
#1393=VECTOR('',#4601,10.);
#1394=VECTOR('',#4602,10.);
#1395=VECTOR('',#4621,10.);
#1396=VECTOR('',#4622,10.);
#1397=VECTOR('',#4623,10.);
#1398=VECTOR('',#4624,10.);
#1399=VECTOR('',#4627,10.);
#1400=VECTOR('',#4628,10.);
#1401=VECTOR('',#4629,10.);
#1402=VECTOR('',#4632,10.);
#1403=VECTOR('',#4633,10.);
#1404=VECTOR('',#4634,10.);
#1405=VECTOR('',#4637,10.);
#1406=VECTOR('',#4638,10.);
#1407=VECTOR('',#4641,10.);
#1408=VECTOR('',#4642,10.);
#1409=VECTOR('',#4643,10.);
#1410=VECTOR('',#4644,10.);
#1411=VECTOR('',#4647,10.);
#1412=VECTOR('',#4648,10.);
#1413=VECTOR('',#4649,10.);
#1414=VECTOR('',#4652,10.);
#1415=VECTOR('',#4653,10.);
#1416=VECTOR('',#4654,10.);
#1417=VECTOR('',#4657,10.);
#1418=VECTOR('',#4658,10.);
#1419=VECTOR('',#4661,10.);
#1420=VECTOR('',#4662,10.);
#1421=VECTOR('',#4663,10.);
#1422=VECTOR('',#4664,10.);
#1423=VECTOR('',#4667,10.);
#1424=VECTOR('',#4668,10.);
#1425=VECTOR('',#4671,10.);
#1426=VECTOR('',#4672,10.);
#1427=VECTOR('',#4673,10.);
#1428=VECTOR('',#4676,10.);
#1429=VECTOR('',#4677,10.);
#1430=VECTOR('',#4680,10.);
#1431=VECTOR('',#4681,10.);
#1432=VECTOR('',#4682,10.);
#1433=VECTOR('',#4683,10.);
#1434=VECTOR('',#4688,10.);
#1435=VECTOR('',#4689,10.);
#1436=VECTOR('',#4690,10.);
#1437=VECTOR('',#4693,10.);
#1438=VECTOR('',#4694,10.);
#1439=VECTOR('',#4695,10.);
#1440=VECTOR('',#4698,10.);
#1441=VECTOR('',#4699,10.);
#1442=VECTOR('',#4702,10.);
#1443=VECTOR('',#4703,10.);
#1444=VECTOR('',#4706,10.);
#1445=VECTOR('',#4713,10.);
#1446=VECTOR('',#4714,10.);
#1447=VECTOR('',#4715,10.);
#1448=VECTOR('',#4716,10.);
#1449=VECTOR('',#4719,10.);
#1450=VECTOR('',#4720,10.);
#1451=VECTOR('',#4721,10.);
#1452=VECTOR('',#4724,10.);
#1453=VECTOR('',#4725,10.);
#1454=VECTOR('',#4726,10.);
#1455=VECTOR('',#4729,10.);
#1456=VECTOR('',#4730,10.);
#1457=VECTOR('',#4733,10.);
#1458=VECTOR('',#4734,10.);
#1459=VECTOR('',#4735,10.);
#1460=VECTOR('',#4736,10.);
#1461=VECTOR('',#4739,10.);
#1462=VECTOR('',#4740,10.);
#1463=VECTOR('',#4741,10.);
#1464=VECTOR('',#4744,10.);
#1465=VECTOR('',#4745,10.);
#1466=VECTOR('',#4746,10.);
#1467=VECTOR('',#4749,10.);
#1468=VECTOR('',#4750,10.);
#1469=VECTOR('',#4753,10.);
#1470=VECTOR('',#4754,10.);
#1471=VECTOR('',#4755,10.);
#1472=VECTOR('',#4756,10.);
#1473=VECTOR('',#4759,10.);
#1474=VECTOR('',#4760,10.);
#1475=VECTOR('',#4763,10.);
#1476=VECTOR('',#4764,10.);
#1477=VECTOR('',#4765,10.);
#1478=VECTOR('',#4768,10.);
#1479=VECTOR('',#4769,10.);
#1480=VECTOR('',#4772,10.);
#1481=VECTOR('',#4773,10.);
#1482=VECTOR('',#4774,10.);
#1483=VECTOR('',#4775,10.);
#1484=VECTOR('',#4780,10.);
#1485=VECTOR('',#4781,10.);
#1486=VECTOR('',#4782,10.);
#1487=VECTOR('',#4785,10.);
#1488=VECTOR('',#4786,10.);
#1489=VECTOR('',#4787,10.);
#1490=VECTOR('',#4790,10.);
#1491=VECTOR('',#4791,10.);
#1492=VECTOR('',#4794,10.);
#1493=VECTOR('',#4795,10.);
#1494=VECTOR('',#4798,10.);
#1495=VECTOR('',#4805,10.);
#1496=VECTOR('',#4806,10.);
#1497=VECTOR('',#4807,10.);
#1498=VECTOR('',#4808,10.);
#1499=VECTOR('',#4815,10.);
#1500=VECTOR('',#4818,10.);
#1501=VECTOR('',#4819,10.);
#1502=VECTOR('',#4820,10.);
#1503=VECTOR('',#4835,10.);
#1504=VECTOR('',#4838,10.);
#1505=VECTOR('',#4841,10.);
#1506=VECTOR('',#4842,10.);
#1507=VECTOR('',#4843,10.);
#1508=VECTOR('',#4850,10.);
#1509=VECTOR('',#4853,10.);
#1510=VECTOR('',#4854,10.);
#1511=VECTOR('',#4861,10.);
#1512=VECTOR('',#4862,10.);
#1513=VECTOR('',#4863,10.);
#1514=VECTOR('',#4864,10.);
#1515=VECTOR('',#4871,10.);
#1516=VECTOR('',#4874,10.);
#1517=VECTOR('',#4875,10.);
#1518=VECTOR('',#4876,10.);
#1519=VECTOR('',#4891,10.);
#1520=VECTOR('',#4894,10.);
#1521=VECTOR('',#4897,10.);
#1522=VECTOR('',#4898,10.);
#1523=VECTOR('',#4899,10.);
#1524=VECTOR('',#4906,10.);
#1525=VECTOR('',#4909,10.);
#1526=VECTOR('',#4910,10.);
#1527=VECTOR('',#4919,10.);
#1528=VECTOR('',#4920,10.);
#1529=VECTOR('',#4921,10.);
#1530=VECTOR('',#4922,10.);
#1531=VECTOR('',#4925,10.);
#1532=VECTOR('',#4926,10.);
#1533=VECTOR('',#4927,10.);
#1534=VECTOR('',#4930,10.);
#1535=VECTOR('',#4931,10.);
#1536=VECTOR('',#4932,10.);
#1537=VECTOR('',#4935,10.);
#1538=VECTOR('',#4936,10.);
#1539=VECTOR('',#4945,10.);
#1540=VECTOR('',#4946,10.);
#1541=VECTOR('',#4947,10.);
#1542=VECTOR('',#4948,10.);
#1543=VECTOR('',#4951,10.);
#1544=VECTOR('',#4952,10.);
#1545=VECTOR('',#4953,10.);
#1546=VECTOR('',#4956,10.);
#1547=VECTOR('',#4957,10.);
#1548=VECTOR('',#4958,10.);
#1549=VECTOR('',#4961,10.);
#1550=VECTOR('',#4962,10.);
#1551=VECTOR('',#4973,3.65659375000002);
#1552=VECTOR('',#4990,3.99999999999999);
#1553=VECTOR('',#4993,10.);
#1554=VECTOR('',#4994,10.);
#1555=VECTOR('',#4995,10.);
#1556=VECTOR('',#4998,10.);
#1557=VECTOR('',#4999,10.);
#1558=VECTOR('',#5002,10.);
#1559=VECTOR('',#5003,10.);
#1560=VECTOR('',#5006,10.);
#1561=VECTOR('',#5007,10.);
#1562=VECTOR('',#5010,10.);
#1563=VECTOR('',#5011,10.);
#1564=VECTOR('',#5014,10.);
#1565=VECTOR('',#5017,5.64179491924618);
#1566=VECTOR('',#5028,6.84125);
#1567=VECTOR('',#5037,3.65659375);
#1568=VECTOR('',#5054,3.99999999999999);
#1569=VECTOR('',#5057,10.);
#1570=VECTOR('',#5058,10.);
#1571=VECTOR('',#5059,10.);
#1572=VECTOR('',#5062,10.);
#1573=VECTOR('',#5063,10.);
#1574=VECTOR('',#5066,10.);
#1575=VECTOR('',#5067,10.);
#1576=VECTOR('',#5070,10.);
#1577=VECTOR('',#5071,10.);
#1578=VECTOR('',#5074,10.);
#1579=VECTOR('',#5075,10.);
#1580=VECTOR('',#5078,10.);
#1581=VECTOR('',#5081,5.64179491925255);
#1582=VECTOR('',#5092,6.84125);
#1583=VECTOR('',#5101,7.38077224055245);
#1584=VECTOR('',#5112,10.);
#1585=VECTOR('',#5113,10.);
#1586=VECTOR('',#5116,10.);
#1587=VECTOR('',#5119,10.);
#1588=VECTOR('',#5122,10.);
#1589=VECTOR('',#5125,10.);
#1590=VECTOR('',#5140,6.84125);
#1591=VECTOR('',#5143,4.0000000000003);
#1592=VECTOR('',#5146,10.);
#1593=VECTOR('',#5147,10.);
#1594=VECTOR('',#5148,10.);
#1595=VECTOR('',#5149,10.);
#1596=VECTOR('',#5152,10.);
#1597=VECTOR('',#5153,10.);
#1598=VECTOR('',#5154,10.);
#1599=VECTOR('',#5157,10.);
#1600=VECTOR('',#5158,10.);
#1601=VECTOR('',#5161,10.);
#1602=VECTOR('',#5162,10.);
#1603=VECTOR('',#5165,10.);
#1604=VECTOR('',#5172,2.5);
#1605=VECTOR('',#5179,2.5);
#1606=VECTOR('',#5186,2.5);
#1607=VECTOR('',#5191,10.);
#1608=VECTOR('',#5192,10.);
#1609=VECTOR('',#5193,10.);
#1610=VECTOR('',#5194,10.);
#1611=VECTOR('',#5197,10.);
#1612=VECTOR('',#5198,10.);
#1613=VECTOR('',#5199,10.);
#1614=VECTOR('',#5202,10.);
#1615=VECTOR('',#5203,10.);
#1616=VECTOR('',#5206,10.);
#1617=VECTOR('',#5207,10.);
#1618=VECTOR('',#5210,10.);
#1619=VECTOR('',#5217,4.);
#1620=VECTOR('',#5224,4.00000000000002);
#1621=VECTOR('',#5231,5.);
#1622=VECTOR('',#5238,5.);
#1623=VECTOR('',#5245,5.);
#1624=VECTOR('',#5252,5.);
#1625=VECTOR('',#5257,10.);
#1626=VECTOR('',#5258,10.);
#1627=VECTOR('',#5259,10.);
#1628=VECTOR('',#5260,10.);
#1629=VECTOR('',#5263,10.);
#1630=VECTOR('',#5264,10.);
#1631=VECTOR('',#5265,10.);
#1632=VECTOR('',#5268,10.);
#1633=VECTOR('',#5269,10.);
#1634=VECTOR('',#5272,10.);
#1635=VECTOR('',#5273,10.);
#1636=VECTOR('',#5276,10.);
#1637=VECTOR('',#5281,10.);
#1638=VECTOR('',#5282,10.);
#1639=VECTOR('',#5283,10.);
#1640=VECTOR('',#5284,10.);
#1641=VECTOR('',#5287,10.);
#1642=VECTOR('',#5288,10.);
#1643=VECTOR('',#5289,10.);
#1644=VECTOR('',#5292,10.);
#1645=VECTOR('',#5293,10.);
#1646=VECTOR('',#5296,10.);
#1647=VECTOR('',#5297,10.);
#1648=VECTOR('',#5300,10.);
#1649=VECTOR('',#5305,10.);
#1650=VECTOR('',#5306,10.);
#1651=VECTOR('',#5307,10.);
#1652=VECTOR('',#5308,10.);
#1653=VECTOR('',#5313,10.);
#1654=VECTOR('',#5314,10.);
#1655=VECTOR('',#5315,10.);
#1656=VECTOR('',#5318,10.);
#1657=VECTOR('',#5319,10.);
#1658=VECTOR('',#5322,10.);
#1659=VECTOR('',#5323,10.);
#1660=VECTOR('',#5328,10.);
#1661=VECTOR('',#5331,10.);
#1662=VECTOR('',#5336,10.);
#1663=VECTOR('',#5339,10.);
#1664=VECTOR('',#5340,10.);
#1665=VECTOR('',#5341,10.);
#1666=VECTOR('',#5344,10.);
#1667=VECTOR('',#5345,10.);
#1668=VECTOR('',#5346,10.);
#1669=VECTOR('',#5349,10.);
#1670=VECTOR('',#5350,10.);
#1671=VECTOR('',#5353,10.);
#1672=VECTOR('',#5354,10.);
#1673=VECTOR('',#5357,10.);
#1674=VECTOR('',#5362,10.);
#1675=VECTOR('',#5367,10.);
#1676=VECTOR('',#5370,10.);
#1677=VECTOR('',#5371,10.);
#1678=VECTOR('',#5372,10.);
#1679=VECTOR('',#5375,10.);
#1680=VECTOR('',#5376,10.);
#1681=VECTOR('',#5377,10.);
#1682=VECTOR('',#5380,10.);
#1683=VECTOR('',#5381,10.);
#1684=VECTOR('',#5384,10.);
#1685=VECTOR('',#5385,10.);
#1686=VECTOR('',#5388,10.);
#1687=VECTOR('',#5393,10.);
#1688=VECTOR('',#5398,10.);
#1689=VECTOR('',#5399,10.);
#1690=VECTOR('',#5400,10.);
#1691=VECTOR('',#5401,10.);
#1692=VECTOR('',#5406,10.);
#1693=VECTOR('',#5407,10.);
#1694=VECTOR('',#5408,10.);
#1695=VECTOR('',#5411,10.);
#1696=VECTOR('',#5412,10.);
#1697=VECTOR('',#5415,10.);
#1698=VECTOR('',#5416,10.);
#1699=VECTOR('',#5421,10.);
#1700=VECTOR('',#5424,10.);
#1701=VECTOR('',#5429,10.);
#1702=VECTOR('',#5430,10.);
#1703=VECTOR('',#5431,10.);
#1704=VECTOR('',#5432,10.);
#1705=VECTOR('',#5435,10.);
#1706=VECTOR('',#5436,10.);
#1707=VECTOR('',#5439,10.);
#1708=VECTOR('',#5442,10.);
#1709=VECTOR('',#5443,10.);
#1710=VECTOR('',#5446,10.);
#1711=VECTOR('',#5449,10.);
#1712=VECTOR('',#5452,10.);
#1713=VECTOR('',#5455,10.);
#1714=VECTOR('',#5460,10.);
#1715=VECTOR('',#5461,10.);
#1716=VECTOR('',#5462,10.);
#1717=VECTOR('',#5463,10.);
#1718=VECTOR('',#5466,10.);
#1719=VECTOR('',#5467,10.);
#1720=VECTOR('',#5470,10.);
#1721=VECTOR('',#5473,10.);
#1722=VECTOR('',#5474,10.);
#1723=VECTOR('',#5477,10.);
#1724=VECTOR('',#5478,10.);
#1725=VECTOR('',#5481,10.);
#1726=VECTOR('',#5486,10.);
#1727=VECTOR('',#5491,10.);
#1728=VECTOR('',#5492,10.);
#1729=VECTOR('',#5493,10.);
#1730=VECTOR('',#5494,10.);
#1731=VECTOR('',#5497,10.);
#1732=VECTOR('',#5498,10.);
#1733=VECTOR('',#5499,10.);
#1734=VECTOR('',#5506,4.09999999999997);
#1735=VECTOR('',#5511,4.09999999999997);
#1736=VECTOR('',#5516,10.);
#1737=VECTOR('',#5517,10.);
#1738=VECTOR('',#5518,10.);
#1739=VECTOR('',#5521,10.);
#1740=VECTOR('',#5522,10.);
#1741=VECTOR('',#5529,10.);
#1742=VECTOR('',#5530,10.);
#1743=VECTOR('',#5531,10.);
#1744=VECTOR('',#5532,10.);
#1745=VECTOR('',#5535,10.);
#1746=VECTOR('',#5536,10.);
#1747=VECTOR('',#5539,10.);
#1748=VECTOR('',#5542,10.);
#1749=VECTOR('',#5543,10.);
#1750=VECTOR('',#5546,10.);
#1751=VECTOR('',#5547,10.);
#1752=VECTOR('',#5550,10.);
#1753=VECTOR('',#5555,10.);
#1754=VECTOR('',#5560,10.);
#1755=VECTOR('',#5561,10.);
#1756=VECTOR('',#5562,10.);
#1757=VECTOR('',#5563,10.);
#1758=VECTOR('',#5566,10.);
#1759=VECTOR('',#5567,10.);
#1760=VECTOR('',#5570,10.);
#1761=VECTOR('',#5573,10.);
#1762=VECTOR('',#5574,10.);
#1763=VECTOR('',#5577,10.);
#1764=VECTOR('',#5580,10.);
#1765=VECTOR('',#5583,10.);
#1766=VECTOR('',#5586,10.);
#1767=VECTOR('',#5591,10.);
#1768=VECTOR('',#5592,10.);
#1769=VECTOR('',#5593,10.);
#1770=VECTOR('',#5594,10.);
#1771=VECTOR('',#5597,10.);
#1772=VECTOR('',#5598,10.);
#1773=VECTOR('',#5599,10.);
#1774=VECTOR('',#5606,4.09999999999997);
#1775=VECTOR('',#5611,4.09999999999997);
#1776=VECTOR('',#5616,10.);
#1777=VECTOR('',#5617,10.);
#1778=VECTOR('',#5618,10.);
#1779=VECTOR('',#5621,10.);
#1780=VECTOR('',#5622,10.);
#1781=CIRCLE('',#4190,2.5);
#1782=CIRCLE('',#4191,2.5);
#1783=CIRCLE('',#4193,2.5);
#1784=CIRCLE('',#4194,2.5);
#1785=CIRCLE('',#4196,2.5);
#1786=CIRCLE('',#4197,2.5);
#1787=CIRCLE('',#4200,212.132034355964);
#1788=CIRCLE('',#4201,212.132034355964);
#1789=CIRCLE('',#4207,212.132034355964);
#1790=CIRCLE('',#4208,212.132034355964);
#1791=CIRCLE('',#4258,100.);
#1792=CIRCLE('',#4259,100.);
#1793=CIRCLE('',#4262,104.);
#1794=CIRCLE('',#4263,104.);
#1795=CIRCLE('',#4267,100.);
#1796=CIRCLE('',#4268,100.);
#1797=CIRCLE('',#4271,104.);
#1798=CIRCLE('',#4272,104.);
#1799=CIRCLE('',#4278,100.);
#1800=CIRCLE('',#4279,100.);
#1801=CIRCLE('',#4282,104.);
#1802=CIRCLE('',#4283,104.);
#1803=CIRCLE('',#4287,104.);
#1804=CIRCLE('',#4288,104.);
#1805=CIRCLE('',#4291,100.);
#1806=CIRCLE('',#4292,100.);
#1807=CIRCLE('',#4312,3.933);
#1808=CIRCLE('',#4313,3.23318750000001);
#1809=CIRCLE('',#4315,4.333);
#1810=CIRCLE('',#4316,0.4);
#1811=CIRCLE('',#4317,3.933);
#1812=CIRCLE('',#4319,5.46858983849235);
#1813=CIRCLE('',#4328,5.815);
#1814=CIRCLE('',#4331,6.175);
#1815=CIRCLE('',#4336,3.933);
#1816=CIRCLE('',#4337,3.2331875);
#1817=CIRCLE('',#4339,4.333);
#1818=CIRCLE('',#4340,0.4);
#1819=CIRCLE('',#4341,3.933);
#1820=CIRCLE('',#4343,5.46858983850509);
#1821=CIRCLE('',#4352,5.815);
#1822=CIRCLE('',#4355,6.175);
#1823=CIRCLE('',#4360,8.58654448110491);
#1824=CIRCLE('',#4361,8.58654448110491);
#1825=CIRCLE('',#4363,8.32051088593338);
#1826=CIRCLE('',#4364,0.62948911406662);
#1827=CIRCLE('',#4371,3.38975);
#1828=CIRCLE('',#4374,6.175);
#1829=CIRCLE('',#4375,3.38975);
#1830=CIRCLE('',#4385,2.5);
#1831=CIRCLE('',#4386,2.5);
#1832=CIRCLE('',#4388,2.5);
#1833=CIRCLE('',#4389,2.5);
#1834=CIRCLE('',#4391,2.5);
#1835=CIRCLE('',#4392,2.5);
#1836=CIRCLE('',#4400,4.);
#1837=CIRCLE('',#4401,4.);
#1838=CIRCLE('',#4403,4.00000000000002);
#1839=CIRCLE('',#4404,4.00000000000002);
#1840=CIRCLE('',#4406,5.);
#1841=CIRCLE('',#4407,5.);
#1842=CIRCLE('',#4409,5.);
#1843=CIRCLE('',#4410,5.);
#1844=CIRCLE('',#4412,5.);
#1845=CIRCLE('',#4413,5.);
#1846=CIRCLE('',#4415,5.);
#1847=CIRCLE('',#4416,5.);
#1848=CIRCLE('',#4430,104.);
#1849=CIRCLE('',#4435,104.);
#1850=CIRCLE('',#4439,104.);
#1851=CIRCLE('',#4444,104.);
#1852=CIRCLE('',#4448,104.);
#1853=CIRCLE('',#4453,104.);
#1854=CIRCLE('',#4457,104.);
#1855=CIRCLE('',#4462,104.);
#1856=CIRCLE('',#4467,104.);
#1857=CIRCLE('',#4470,104.);
#1858=CIRCLE('',#4476,104.);
#1859=CIRCLE('',#4480,104.);
#1860=CIRCLE('',#4485,4.09999999999997);
#1861=CIRCLE('',#4486,4.09999999999997);
#1862=CIRCLE('',#4488,4.09999999999997);
#1863=CIRCLE('',#4490,4.09999999999997);
#1864=CIRCLE('',#4497,104.);
#1865=CIRCLE('',#4501,104.);
#1866=CIRCLE('',#4506,104.);
#1867=CIRCLE('',#4509,104.);
#1868=CIRCLE('',#4515,4.09999999999997);
#1869=CIRCLE('',#4516,4.09999999999997);
#1870=CIRCLE('',#4518,4.09999999999997);
#1871=CIRCLE('',#4520,4.09999999999997);
#1872=VERTEX_POINT('',#5688);
#1873=VERTEX_POINT('',#5690);
#1874=VERTEX_POINT('',#5694);
#1875=VERTEX_POINT('',#5696);
#1876=VERTEX_POINT('',#5700);
#1877=VERTEX_POINT('',#5702);
#1878=VERTEX_POINT('',#5706);
#1879=VERTEX_POINT('',#5707);
#1880=VERTEX_POINT('',#5709);
#1881=VERTEX_POINT('',#5711);
#1882=VERTEX_POINT('',#5721);
#1883=VERTEX_POINT('',#5722);
#1884=VERTEX_POINT('',#5724);
#1885=VERTEX_POINT('',#5726);
#1886=VERTEX_POINT('',#5738);
#1887=VERTEX_POINT('',#5739);
#1888=VERTEX_POINT('',#5741);
#1889=VERTEX_POINT('',#5743);
#1890=VERTEX_POINT('',#5747);
#1891=VERTEX_POINT('',#5749);
#1892=VERTEX_POINT('',#5753);
#1893=VERTEX_POINT('',#5755);
#1894=VERTEX_POINT('',#5762);
#1895=VERTEX_POINT('',#5763);
#1896=VERTEX_POINT('',#5765);
#1897=VERTEX_POINT('',#5767);
#1898=VERTEX_POINT('',#5771);
#1899=VERTEX_POINT('',#5773);
#1900=VERTEX_POINT('',#5777);
#1901=VERTEX_POINT('',#5779);
#1902=VERTEX_POINT('',#5786);
#1903=VERTEX_POINT('',#5787);
#1904=VERTEX_POINT('',#5789);
#1905=VERTEX_POINT('',#5791);
#1906=VERTEX_POINT('',#5795);
#1907=VERTEX_POINT('',#5799);
#1908=VERTEX_POINT('',#5801);
#1909=VERTEX_POINT('',#5805);
#1910=VERTEX_POINT('',#5809);
#1911=VERTEX_POINT('',#5810);
#1912=VERTEX_POINT('',#5817);
#1913=VERTEX_POINT('',#5818);
#1914=VERTEX_POINT('',#5823);
#1915=VERTEX_POINT('',#5824);
#1916=VERTEX_POINT('',#5829);
#1917=VERTEX_POINT('',#5833);
#1918=VERTEX_POINT('',#5841);
#1919=VERTEX_POINT('',#5842);
#1920=VERTEX_POINT('',#5844);
#1921=VERTEX_POINT('',#5846);
#1922=VERTEX_POINT('',#5850);
#1923=VERTEX_POINT('',#5852);
#1924=VERTEX_POINT('',#5856);
#1925=VERTEX_POINT('',#5858);
#1926=VERTEX_POINT('',#5865);
#1927=VERTEX_POINT('',#5866);
#1928=VERTEX_POINT('',#5868);
#1929=VERTEX_POINT('',#5870);
#1930=VERTEX_POINT('',#5874);
#1931=VERTEX_POINT('',#5876);
#1932=VERTEX_POINT('',#5880);
#1933=VERTEX_POINT('',#5882);
#1934=VERTEX_POINT('',#5889);
#1935=VERTEX_POINT('',#5890);
#1936=VERTEX_POINT('',#5892);
#1937=VERTEX_POINT('',#5894);
#1938=VERTEX_POINT('',#5898);
#1939=VERTEX_POINT('',#5902);
#1940=VERTEX_POINT('',#5904);
#1941=VERTEX_POINT('',#5908);
#1942=VERTEX_POINT('',#5912);
#1943=VERTEX_POINT('',#5913);
#1944=VERTEX_POINT('',#5920);
#1945=VERTEX_POINT('',#5921);
#1946=VERTEX_POINT('',#5926);
#1947=VERTEX_POINT('',#5927);
#1948=VERTEX_POINT('',#5932);
#1949=VERTEX_POINT('',#5936);
#1950=VERTEX_POINT('',#5944);
#1951=VERTEX_POINT('',#5945);
#1952=VERTEX_POINT('',#5947);
#1953=VERTEX_POINT('',#5949);
#1954=VERTEX_POINT('',#5953);
#1955=VERTEX_POINT('',#5955);
#1956=VERTEX_POINT('',#5959);
#1957=VERTEX_POINT('',#5961);
#1958=VERTEX_POINT('',#5970);
#1959=VERTEX_POINT('',#5971);
#1960=VERTEX_POINT('',#5973);
#1961=VERTEX_POINT('',#5975);
#1962=VERTEX_POINT('',#5979);
#1963=VERTEX_POINT('',#5981);
#1964=VERTEX_POINT('',#5985);
#1965=VERTEX_POINT('',#5987);
#1966=VERTEX_POINT('',#5996);
#1967=VERTEX_POINT('',#5997);
#1968=VERTEX_POINT('',#5999);
#1969=VERTEX_POINT('',#6001);
#1970=VERTEX_POINT('',#6005);
#1971=VERTEX_POINT('',#6007);
#1972=VERTEX_POINT('',#6011);
#1973=VERTEX_POINT('',#6013);
#1974=VERTEX_POINT('',#6022);
#1975=VERTEX_POINT('',#6023);
#1976=VERTEX_POINT('',#6025);
#1977=VERTEX_POINT('',#6027);
#1978=VERTEX_POINT('',#6031);
#1979=VERTEX_POINT('',#6033);
#1980=VERTEX_POINT('',#6037);
#1981=VERTEX_POINT('',#6039);
#1982=VERTEX_POINT('',#6049);
#1983=VERTEX_POINT('',#6050);
#1984=VERTEX_POINT('',#6052);
#1985=VERTEX_POINT('',#6054);
#1986=VERTEX_POINT('',#6058);
#1987=VERTEX_POINT('',#6060);
#1988=VERTEX_POINT('',#6064);
#1989=VERTEX_POINT('',#6066);
#1990=VERTEX_POINT('',#6076);
#1991=VERTEX_POINT('',#6077);
#1992=VERTEX_POINT('',#6079);
#1993=VERTEX_POINT('',#6081);
#1994=VERTEX_POINT('',#6085);
#1995=VERTEX_POINT('',#6087);
#1996=VERTEX_POINT('',#6091);
#1997=VERTEX_POINT('',#6093);
#1998=VERTEX_POINT('',#6103);
#1999=VERTEX_POINT('',#6105);
#2000=VERTEX_POINT('',#6109);
#2001=VERTEX_POINT('',#6111);
#2002=VERTEX_POINT('',#6115);
#2003=VERTEX_POINT('',#6120);
#2004=VERTEX_POINT('',#6121);
#2005=VERTEX_POINT('',#6123);
#2006=VERTEX_POINT('',#6125);
#2007=VERTEX_POINT('',#6131);
#2008=VERTEX_POINT('',#6133);
#2009=VERTEX_POINT('',#6139);
#2010=VERTEX_POINT('',#6141);
#2011=VERTEX_POINT('',#6147);
#2012=VERTEX_POINT('',#6149);
#2013=VERTEX_POINT('',#6153);
#2014=VERTEX_POINT('',#6159);
#2015=VERTEX_POINT('',#6161);
#2016=VERTEX_POINT('',#6172);
#2017=VERTEX_POINT('',#6177);
#2018=VERTEX_POINT('',#6184);
#2019=VERTEX_POINT('',#6186);
#2020=VERTEX_POINT('',#6190);
#2021=VERTEX_POINT('',#6192);
#2022=VERTEX_POINT('',#6196);
#2023=VERTEX_POINT('',#6201);
#2024=VERTEX_POINT('',#6202);
#2025=VERTEX_POINT('',#6204);
#2026=VERTEX_POINT('',#6206);
#2027=VERTEX_POINT('',#6212);
#2028=VERTEX_POINT('',#6214);
#2029=VERTEX_POINT('',#6220);
#2030=VERTEX_POINT('',#6222);
#2031=VERTEX_POINT('',#6228);
#2032=VERTEX_POINT('',#6230);
#2033=VERTEX_POINT('',#6234);
#2034=VERTEX_POINT('',#6240);
#2035=VERTEX_POINT('',#6242);
#2036=VERTEX_POINT('',#6253);
#2037=VERTEX_POINT('',#6258);
#2038=VERTEX_POINT('',#6265);
#2039=VERTEX_POINT('',#6266);
#2040=VERTEX_POINT('',#6268);
#2041=VERTEX_POINT('',#6270);
#2042=VERTEX_POINT('',#6274);
#2043=VERTEX_POINT('',#6278);
#2044=VERTEX_POINT('',#6282);
#2045=VERTEX_POINT('',#6286);
#2046=VERTEX_POINT('',#6295);
#2047=VERTEX_POINT('',#6299);
#2048=VERTEX_POINT('',#6301);
#2049=VERTEX_POINT('',#6307);
#2050=VERTEX_POINT('',#6309);
#2051=VERTEX_POINT('',#6317);
#2052=VERTEX_POINT('',#6323);
#2053=VERTEX_POINT('',#6329);
#2054=VERTEX_POINT('',#6335);
#2055=VERTEX_POINT('',#6342);
#2056=VERTEX_POINT('',#6344);
#2057=VERTEX_POINT('',#6351);
#2058=VERTEX_POINT('',#6352);
#2059=VERTEX_POINT('',#6354);
#2060=VERTEX_POINT('',#6356);
#2061=VERTEX_POINT('',#6360);
#2062=VERTEX_POINT('',#6362);
#2063=VERTEX_POINT('',#6366);
#2064=VERTEX_POINT('',#6370);
#2065=VERTEX_POINT('',#6377);
#2066=VERTEX_POINT('',#6379);
#2067=VERTEX_POINT('',#6383);
#2068=VERTEX_POINT('',#6385);
#2069=VERTEX_POINT('',#6389);
#2070=VERTEX_POINT('',#6391);
#2071=VERTEX_POINT('',#6395);
#2072=VERTEX_POINT('',#6396);
#2073=VERTEX_POINT('',#6398);
#2074=VERTEX_POINT('',#6400);
#2075=VERTEX_POINT('',#6404);
#2076=VERTEX_POINT('',#6406);
#2077=VERTEX_POINT('',#6410);
#2078=VERTEX_POINT('',#6414);
#2079=VERTEX_POINT('',#6421);
#2080=VERTEX_POINT('',#6423);
#2081=VERTEX_POINT('',#6427);
#2082=VERTEX_POINT('',#6429);
#2083=VERTEX_POINT('',#6433);
#2084=VERTEX_POINT('',#6435);
#2085=VERTEX_POINT('',#6439);
#2086=VERTEX_POINT('',#6441);
#2087=VERTEX_POINT('',#6445);
#2088=VERTEX_POINT('',#6447);
#2089=VERTEX_POINT('',#6451);
#2090=VERTEX_POINT('',#6453);
#2091=VERTEX_POINT('',#6457);
#2092=VERTEX_POINT('',#6458);
#2093=VERTEX_POINT('',#6460);
#2094=VERTEX_POINT('',#6462);
#2095=VERTEX_POINT('',#6466);
#2096=VERTEX_POINT('',#6468);
#2097=VERTEX_POINT('',#6472);
#2098=VERTEX_POINT('',#6476);
#2099=VERTEX_POINT('',#6483);
#2100=VERTEX_POINT('',#6484);
#2101=VERTEX_POINT('',#6486);
#2102=VERTEX_POINT('',#6488);
#2103=VERTEX_POINT('',#6492);
#2104=VERTEX_POINT('',#6494);
#2105=VERTEX_POINT('',#6498);
#2106=VERTEX_POINT('',#6502);
#2107=VERTEX_POINT('',#6509);
#2108=VERTEX_POINT('',#6510);
#2109=VERTEX_POINT('',#6512);
#2110=VERTEX_POINT('',#6514);
#2111=VERTEX_POINT('',#6516);
#2112=VERTEX_POINT('',#6520);
#2113=VERTEX_POINT('',#6522);
#2114=VERTEX_POINT('',#6526);
#2115=VERTEX_POINT('',#6530);
#2116=VERTEX_POINT('',#6534);
#2117=VERTEX_POINT('',#6541);
#2118=VERTEX_POINT('',#6542);
#2119=VERTEX_POINT('',#6544);
#2120=VERTEX_POINT('',#6546);
#2121=VERTEX_POINT('',#6548);
#2122=VERTEX_POINT('',#6552);
#2123=VERTEX_POINT('',#6554);
#2124=VERTEX_POINT('',#6558);
#2125=VERTEX_POINT('',#6562);
#2126=VERTEX_POINT('',#6566);
#2127=VERTEX_POINT('',#6573);
#2128=VERTEX_POINT('',#6574);
#2129=VERTEX_POINT('',#6576);
#2130=VERTEX_POINT('',#6578);
#2131=VERTEX_POINT('',#6580);
#2132=VERTEX_POINT('',#6584);
#2133=VERTEX_POINT('',#6586);
#2134=VERTEX_POINT('',#6590);
#2135=VERTEX_POINT('',#6594);
#2136=VERTEX_POINT('',#6598);
#2137=VERTEX_POINT('',#6605);
#2138=VERTEX_POINT('',#6606);
#2139=VERTEX_POINT('',#6608);
#2140=VERTEX_POINT('',#6610);
#2141=VERTEX_POINT('',#6612);
#2142=VERTEX_POINT('',#6616);
#2143=VERTEX_POINT('',#6618);
#2144=VERTEX_POINT('',#6622);
#2145=VERTEX_POINT('',#6626);
#2146=VERTEX_POINT('',#6630);
#2147=VERTEX_POINT('',#6637);
#2148=VERTEX_POINT('',#6638);
#2149=VERTEX_POINT('',#6640);
#2150=VERTEX_POINT('',#6642);
#2151=VERTEX_POINT('',#6646);
#2152=VERTEX_POINT('',#6648);
#2153=VERTEX_POINT('',#6650);
#2154=VERTEX_POINT('',#6654);
#2155=VERTEX_POINT('',#6658);
#2156=VERTEX_POINT('',#6660);
#2157=VERTEX_POINT('',#6669);
#2158=VERTEX_POINT('',#6670);
#2159=VERTEX_POINT('',#6672);
#2160=VERTEX_POINT('',#6674);
#2161=VERTEX_POINT('',#6678);
#2162=VERTEX_POINT('',#6680);
#2163=VERTEX_POINT('',#6682);
#2164=VERTEX_POINT('',#6686);
#2165=VERTEX_POINT('',#6690);
#2166=VERTEX_POINT('',#6694);
#2167=VERTEX_POINT('',#6701);
#2168=VERTEX_POINT('',#6702);
#2169=VERTEX_POINT('',#6704);
#2170=VERTEX_POINT('',#6706);
#2171=VERTEX_POINT('',#6710);
#2172=VERTEX_POINT('',#6711);
#2173=VERTEX_POINT('',#6715);
#2174=VERTEX_POINT('',#6717);
#2175=VERTEX_POINT('',#6720);
#2176=VERTEX_POINT('',#6724);
#2177=VERTEX_POINT('',#6728);
#2178=VERTEX_POINT('',#6730);
#2179=VERTEX_POINT('',#6739);
#2180=VERTEX_POINT('',#6740);
#2181=VERTEX_POINT('',#6742);
#2182=VERTEX_POINT('',#6744);
#2183=VERTEX_POINT('',#6748);
#2184=VERTEX_POINT('',#6750);
#2185=VERTEX_POINT('',#6752);
#2186=VERTEX_POINT('',#6756);
#2187=VERTEX_POINT('',#6760);
#2188=VERTEX_POINT('',#6764);
#2189=VERTEX_POINT('',#6771);
#2190=VERTEX_POINT('',#6772);
#2191=VERTEX_POINT('',#6774);
#2192=VERTEX_POINT('',#6776);
#2193=VERTEX_POINT('',#6780);
#2194=VERTEX_POINT('',#6782);
#2195=VERTEX_POINT('',#6784);
#2196=VERTEX_POINT('',#6788);
#2197=VERTEX_POINT('',#6792);
#2198=VERTEX_POINT('',#6794);
#2199=VERTEX_POINT('',#6803);
#2200=VERTEX_POINT('',#6804);
#2201=VERTEX_POINT('',#6806);
#2202=VERTEX_POINT('',#6808);
#2203=VERTEX_POINT('',#6812);
#2204=VERTEX_POINT('',#6813);
#2205=VERTEX_POINT('',#6817);
#2206=VERTEX_POINT('',#6819);
#2207=VERTEX_POINT('',#6822);
#2208=VERTEX_POINT('',#6826);
#2209=VERTEX_POINT('',#6830);
#2210=VERTEX_POINT('',#6832);
#2211=EDGE_CURVE('',#1872,#1872,#1781,.T.);
#2212=EDGE_CURVE('',#1872,#1873,#987,.T.);
#2213=EDGE_CURVE('',#1873,#1873,#1782,.T.);
#2214=EDGE_CURVE('',#1874,#1874,#1783,.T.);
#2215=EDGE_CURVE('',#1874,#1875,#988,.T.);
#2216=EDGE_CURVE('',#1875,#1875,#1784,.T.);
#2217=EDGE_CURVE('',#1876,#1876,#1785,.T.);
#2218=EDGE_CURVE('',#1876,#1877,#989,.T.);
#2219=EDGE_CURVE('',#1877,#1877,#1786,.T.);
#2220=EDGE_CURVE('',#1878,#1879,#990,.T.);
#2221=EDGE_CURVE('',#1878,#1880,#991,.T.);
#2222=EDGE_CURVE('',#1881,#1880,#992,.T.);
#2223=EDGE_CURVE('',#1879,#1881,#993,.T.);
#2224=EDGE_CURVE('',#1878,#1879,#1787,.T.);
#2225=EDGE_CURVE('',#1880,#1881,#1788,.T.);
#2226=EDGE_CURVE('',#1882,#1883,#994,.T.);
#2227=EDGE_CURVE('',#1883,#1884,#995,.T.);
#2228=EDGE_CURVE('',#1884,#1885,#996,.T.);
#2229=EDGE_CURVE('',#1882,#1885,#997,.T.);
#2230=EDGE_CURVE('',#1882,#1883,#1789,.T.);
#2231=EDGE_CURVE('',#1885,#1884,#1790,.T.);
#2232=EDGE_CURVE('',#1886,#1887,#998,.T.);
#2233=EDGE_CURVE('',#1886,#1888,#999,.T.);
#2234=EDGE_CURVE('',#1889,#1888,#1000,.T.);
#2235=EDGE_CURVE('',#1887,#1889,#1001,.T.);
#2236=EDGE_CURVE('',#1890,#1886,#1002,.T.);
#2237=EDGE_CURVE('',#1890,#1891,#1003,.T.);
#2238=EDGE_CURVE('',#1888,#1891,#1004,.T.);
#2239=EDGE_CURVE('',#1892,#1890,#1005,.T.);
#2240=EDGE_CURVE('',#1892,#1893,#1006,.T.);
#2241=EDGE_CURVE('',#1891,#1893,#1007,.T.);
#2242=EDGE_CURVE('',#1887,#1892,#1008,.T.);
#2243=EDGE_CURVE('',#1893,#1889,#1009,.T.);
#2244=EDGE_CURVE('',#1894,#1895,#1010,.T.);
#2245=EDGE_CURVE('',#1894,#1896,#1011,.T.);
#2246=EDGE_CURVE('',#1897,#1896,#1012,.T.);
#2247=EDGE_CURVE('',#1895,#1897,#1013,.T.);
#2248=EDGE_CURVE('',#1898,#1894,#1014,.T.);
#2249=EDGE_CURVE('',#1898,#1899,#1015,.T.);
#2250=EDGE_CURVE('',#1896,#1899,#1016,.T.);
#2251=EDGE_CURVE('',#1900,#1898,#1017,.T.);
#2252=EDGE_CURVE('',#1900,#1901,#1018,.T.);
#2253=EDGE_CURVE('',#1899,#1901,#1019,.T.);
#2254=EDGE_CURVE('',#1895,#1900,#1020,.T.);
#2255=EDGE_CURVE('',#1901,#1897,#1021,.T.);
#2256=EDGE_CURVE('',#1902,#1903,#1022,.T.);
#2257=EDGE_CURVE('',#1902,#1904,#1023,.T.);
#2258=EDGE_CURVE('',#1904,#1905,#1024,.T.);
#2259=EDGE_CURVE('',#1905,#1903,#1025,.T.);
#2260=EDGE_CURVE('',#1906,#1904,#1026,.T.);
#2261=EDGE_CURVE('',#1905,#1906,#1027,.T.);
#2262=EDGE_CURVE('',#1906,#1907,#1028,.T.);
#2263=EDGE_CURVE('',#1907,#1908,#1029,.T.);
#2264=EDGE_CURVE('',#1908,#1905,#1030,.T.);
#2265=EDGE_CURVE('',#1904,#1909,#1031,.T.);
#2266=EDGE_CURVE('',#1909,#1907,#1032,.T.);
#2267=EDGE_CURVE('',#1910,#1911,#1033,.T.);
#2268=EDGE_CURVE('',#1911,#1908,#1034,.T.);
#2269=EDGE_CURVE('',#1909,#1908,#1035,.T.);
#2270=EDGE_CURVE('',#1909,#1910,#1036,.T.);
#2271=EDGE_CURVE('',#1912,#1913,#1037,.T.);
#2272=EDGE_CURVE('',#1912,#1910,#1038,.T.);
#2273=EDGE_CURVE('',#1913,#1902,#1039,.T.);
#2274=EDGE_CURVE('',#1914,#1915,#1040,.T.);
#2275=EDGE_CURVE('',#1915,#1911,#1041,.T.);
#2276=EDGE_CURVE('',#1914,#1912,#1042,.T.);
#2277=EDGE_CURVE('',#1916,#1914,#1043,.T.);
#2278=EDGE_CURVE('',#1916,#1913,#1044,.T.);
#2279=EDGE_CURVE('',#1917,#1916,#1045,.T.);
#2280=EDGE_CURVE('',#1917,#1903,#1046,.T.);
#2281=EDGE_CURVE('',#1915,#1917,#1047,.T.);
#2282=EDGE_CURVE('',#1918,#1919,#1048,.T.);
#2283=EDGE_CURVE('',#1919,#1920,#1049,.T.);
#2284=EDGE_CURVE('',#1920,#1921,#1050,.T.);
#2285=EDGE_CURVE('',#1918,#1921,#1051,.T.);
#2286=EDGE_CURVE('',#1922,#1918,#1052,.T.);
#2287=EDGE_CURVE('',#1921,#1923,#1053,.T.);
#2288=EDGE_CURVE('',#1922,#1923,#1054,.T.);
#2289=EDGE_CURVE('',#1924,#1922,#1055,.T.);
#2290=EDGE_CURVE('',#1923,#1925,#1056,.T.);
#2291=EDGE_CURVE('',#1924,#1925,#1057,.T.);
#2292=EDGE_CURVE('',#1919,#1924,#1058,.T.);
#2293=EDGE_CURVE('',#1925,#1920,#1059,.T.);
#2294=EDGE_CURVE('',#1926,#1927,#1060,.T.);
#2295=EDGE_CURVE('',#1927,#1928,#1061,.T.);
#2296=EDGE_CURVE('',#1928,#1929,#1062,.T.);
#2297=EDGE_CURVE('',#1926,#1929,#1063,.T.);
#2298=EDGE_CURVE('',#1930,#1926,#1064,.T.);
#2299=EDGE_CURVE('',#1929,#1931,#1065,.T.);
#2300=EDGE_CURVE('',#1930,#1931,#1066,.T.);
#2301=EDGE_CURVE('',#1932,#1930,#1067,.T.);
#2302=EDGE_CURVE('',#1931,#1933,#1068,.T.);
#2303=EDGE_CURVE('',#1932,#1933,#1069,.T.);
#2304=EDGE_CURVE('',#1927,#1932,#1070,.T.);
#2305=EDGE_CURVE('',#1933,#1928,#1071,.T.);
#2306=EDGE_CURVE('',#1934,#1935,#1072,.T.);
#2307=EDGE_CURVE('',#1936,#1935,#1073,.T.);
#2308=EDGE_CURVE('',#1937,#1936,#1074,.T.);
#2309=EDGE_CURVE('',#1934,#1937,#1075,.T.);
#2310=EDGE_CURVE('',#1938,#1937,#1076,.T.);
#2311=EDGE_CURVE('',#1936,#1938,#1077,.T.);
#2312=EDGE_CURVE('',#1939,#1936,#1078,.T.);
#2313=EDGE_CURVE('',#1940,#1939,#1079,.T.);
#2314=EDGE_CURVE('',#1938,#1940,#1080,.T.);
#2315=EDGE_CURVE('',#1941,#1940,#1081,.T.);
#2316=EDGE_CURVE('',#1937,#1941,#1082,.T.);
#2317=EDGE_CURVE('',#1942,#1943,#1083,.T.);
#2318=EDGE_CURVE('',#1941,#1942,#1084,.T.);
#2319=EDGE_CURVE('',#1941,#1939,#1085,.T.);
#2320=EDGE_CURVE('',#1943,#1939,#1086,.T.);
#2321=EDGE_CURVE('',#1944,#1945,#1087,.T.);
#2322=EDGE_CURVE('',#1945,#1934,#1088,.T.);
#2323=EDGE_CURVE('',#1944,#1942,#1089,.T.);
#2324=EDGE_CURVE('',#1946,#1947,#1090,.T.);
#2325=EDGE_CURVE('',#1946,#1944,#1091,.T.);
#2326=EDGE_CURVE('',#1947,#1943,#1092,.T.);
#2327=EDGE_CURVE('',#1948,#1946,#1093,.T.);
#2328=EDGE_CURVE('',#1948,#1945,#1094,.T.);
#2329=EDGE_CURVE('',#1949,#1948,#1095,.T.);
#2330=EDGE_CURVE('',#1949,#1935,#1096,.T.);
#2331=EDGE_CURVE('',#1947,#1949,#1097,.T.);
#2332=EDGE_CURVE('',#1950,#1951,#1098,.T.);
#2333=EDGE_CURVE('',#1951,#1952,#1099,.T.);
#2334=EDGE_CURVE('',#1953,#1952,#1100,.T.);
#2335=EDGE_CURVE('',#1950,#1953,#1101,.T.);
#2336=EDGE_CURVE('',#1954,#1950,#1791,.T.);
#2337=EDGE_CURVE('',#1955,#1953,#1792,.T.);
#2338=EDGE_CURVE('',#1954,#1955,#1102,.T.);
#2339=EDGE_CURVE('',#1956,#1954,#1103,.T.);
#2340=EDGE_CURVE('',#1957,#1955,#1104,.T.);
#2341=EDGE_CURVE('',#1956,#1957,#1105,.T.);
#2342=EDGE_CURVE('',#1956,#1951,#1793,.T.);
#2343=EDGE_CURVE('',#1952,#1957,#1794,.T.);
#2344=EDGE_CURVE('',#1958,#1959,#1795,.T.);
#2345=EDGE_CURVE('',#1959,#1960,#1106,.T.);
#2346=EDGE_CURVE('',#1961,#1960,#1796,.T.);
#2347=EDGE_CURVE('',#1958,#1961,#1107,.T.);
#2348=EDGE_CURVE('',#1962,#1958,#1108,.T.);
#2349=EDGE_CURVE('',#1963,#1961,#1109,.T.);
#2350=EDGE_CURVE('',#1962,#1963,#1110,.T.);
#2351=EDGE_CURVE('',#1962,#1964,#1797,.T.);
#2352=EDGE_CURVE('',#1965,#1963,#1798,.T.);
#2353=EDGE_CURVE('',#1964,#1965,#1111,.T.);
#2354=EDGE_CURVE('',#1964,#1959,#1112,.T.);
#2355=EDGE_CURVE('',#1960,#1965,#1113,.T.);
#2356=EDGE_CURVE('',#1966,#1967,#1114,.T.);
#2357=EDGE_CURVE('',#1967,#1968,#1115,.T.);
#2358=EDGE_CURVE('',#1969,#1968,#1116,.T.);
#2359=EDGE_CURVE('',#1966,#1969,#1117,.T.);
#2360=EDGE_CURVE('',#1970,#1966,#1799,.T.);
#2361=EDGE_CURVE('',#1971,#1969,#1800,.T.);
#2362=EDGE_CURVE('',#1970,#1971,#1118,.T.);
#2363=EDGE_CURVE('',#1972,#1970,#1119,.T.);
#2364=EDGE_CURVE('',#1973,#1971,#1120,.T.);
#2365=EDGE_CURVE('',#1972,#1973,#1121,.T.);
#2366=EDGE_CURVE('',#1972,#1967,#1801,.T.);
#2367=EDGE_CURVE('',#1968,#1973,#1802,.T.);
#2368=EDGE_CURVE('',#1974,#1975,#1803,.T.);
#2369=EDGE_CURVE('',#1974,#1976,#1122,.T.);
#2370=EDGE_CURVE('',#1977,#1976,#1804,.T.);
#2371=EDGE_CURVE('',#1975,#1977,#1123,.T.);
#2372=EDGE_CURVE('',#1978,#1975,#1124,.T.);
#2373=EDGE_CURVE('',#1979,#1977,#1125,.T.);
#2374=EDGE_CURVE('',#1978,#1979,#1126,.T.);
#2375=EDGE_CURVE('',#1980,#1978,#1805,.T.);
#2376=EDGE_CURVE('',#1981,#1979,#1806,.T.);
#2377=EDGE_CURVE('',#1980,#1981,#1127,.T.);
#2378=EDGE_CURVE('',#1980,#1974,#1128,.T.);
#2379=EDGE_CURVE('',#1976,#1981,#1129,.T.);
#2380=EDGE_CURVE('',#1982,#1983,#1130,.T.);
#2381=EDGE_CURVE('',#1982,#1984,#1131,.T.);
#2382=EDGE_CURVE('',#1985,#1984,#1132,.T.);
#2383=EDGE_CURVE('',#1983,#1985,#1133,.T.);
#2384=EDGE_CURVE('',#1983,#1986,#1134,.T.);
#2385=EDGE_CURVE('',#1987,#1985,#1135,.T.);
#2386=EDGE_CURVE('',#1986,#1987,#1136,.T.);
#2387=EDGE_CURVE('',#1986,#1988,#1137,.T.);
#2388=EDGE_CURVE('',#1989,#1987,#1138,.T.);
#2389=EDGE_CURVE('',#1988,#1989,#1139,.T.);
#2390=EDGE_CURVE('',#1988,#1982,#1140,.T.);
#2391=EDGE_CURVE('',#1984,#1989,#1141,.T.);
#2392=EDGE_CURVE('',#1990,#1991,#1142,.T.);
#2393=EDGE_CURVE('',#1991,#1992,#1143,.T.);
#2394=EDGE_CURVE('',#1992,#1993,#1144,.T.);
#2395=EDGE_CURVE('',#1990,#1993,#1145,.T.);
#2396=EDGE_CURVE('',#1991,#1994,#1146,.T.);
#2397=EDGE_CURVE('',#1994,#1995,#1147,.T.);
#2398=EDGE_CURVE('',#1995,#1992,#1148,.T.);
#2399=EDGE_CURVE('',#1994,#1996,#1149,.T.);
#2400=EDGE_CURVE('',#1996,#1997,#1150,.T.);
#2401=EDGE_CURVE('',#1997,#1995,#1151,.T.);
#2402=EDGE_CURVE('',#1996,#1990,#1152,.T.);
#2403=EDGE_CURVE('',#1993,#1997,#1153,.T.);
#2404=EDGE_CURVE('',#1998,#1998,#1807,.T.);
#2405=EDGE_CURVE('',#1998,#1999,#1154,.T.);
#2406=EDGE_CURVE('',#1999,#1999,#1808,.T.);
#2407=EDGE_CURVE('',#2000,#2000,#1809,.T.);
#2408=EDGE_CURVE('',#2000,#2001,#1810,.T.);
#2409=EDGE_CURVE('',#2001,#2001,#1811,.T.);
#2410=EDGE_CURVE('',#2002,#2002,#1812,.T.);
#2411=EDGE_CURVE('',#1998,#2001,#1155,.T.);
#2412=EDGE_CURVE('',#2003,#2004,#1156,.T.);
#2413=EDGE_CURVE('',#2003,#2005,#1157,.T.);
#2414=EDGE_CURVE('',#2006,#2005,#127,.T.);
#2415=EDGE_CURVE('',#2004,#2006,#1158,.T.);
#2416=EDGE_CURVE('',#2004,#2007,#1159,.T.);
#2417=EDGE_CURVE('',#2008,#2006,#128,.T.);
#2418=EDGE_CURVE('',#2008,#2007,#1160,.T.);
#2419=EDGE_CURVE('',#2007,#2009,#1161,.T.);
#2420=EDGE_CURVE('',#2010,#2008,#129,.T.);
#2421=EDGE_CURVE('',#2009,#2010,#1162,.T.);
#2422=EDGE_CURVE('',#2009,#2011,#1163,.T.);
#2423=EDGE_CURVE('',#2012,#2010,#130,.T.);
#2424=EDGE_CURVE('',#2013,#2012,#131,.T.);
#2425=EDGE_CURVE('',#2011,#2013,#1164,.T.);
#2426=EDGE_CURVE('',#2011,#2014,#1165,.T.);
#2427=EDGE_CURVE('',#2015,#2013,#132,.T.);
#2428=EDGE_CURVE('',#2014,#2015,#1166,.T.);
#2429=EDGE_CURVE('',#2014,#2003,#1167,.T.);
#2430=EDGE_CURVE('',#2005,#2015,#133,.T.);
#2431=EDGE_CURVE('',#2002,#2016,#1168,.T.);
#2432=EDGE_CURVE('',#2016,#2016,#1813,.T.);
#2433=EDGE_CURVE('',#2017,#2017,#1814,.T.);
#2434=EDGE_CURVE('',#2012,#2017,#1169,.T.);
#2435=EDGE_CURVE('',#2018,#2018,#1815,.T.);
#2436=EDGE_CURVE('',#2018,#2019,#1170,.T.);
#2437=EDGE_CURVE('',#2019,#2019,#1816,.T.);
#2438=EDGE_CURVE('',#2020,#2020,#1817,.T.);
#2439=EDGE_CURVE('',#2020,#2021,#1818,.T.);
#2440=EDGE_CURVE('',#2021,#2021,#1819,.T.);
#2441=EDGE_CURVE('',#2022,#2022,#1820,.T.);
#2442=EDGE_CURVE('',#2018,#2021,#1171,.T.);
#2443=EDGE_CURVE('',#2023,#2024,#1172,.T.);
#2444=EDGE_CURVE('',#2023,#2025,#1173,.T.);
#2445=EDGE_CURVE('',#2026,#2025,#134,.T.);
#2446=EDGE_CURVE('',#2024,#2026,#1174,.T.);
#2447=EDGE_CURVE('',#2024,#2027,#1175,.T.);
#2448=EDGE_CURVE('',#2028,#2026,#135,.T.);
#2449=EDGE_CURVE('',#2028,#2027,#1176,.T.);
#2450=EDGE_CURVE('',#2027,#2029,#1177,.T.);
#2451=EDGE_CURVE('',#2030,#2028,#136,.T.);
#2452=EDGE_CURVE('',#2029,#2030,#1178,.T.);
#2453=EDGE_CURVE('',#2029,#2031,#1179,.T.);
#2454=EDGE_CURVE('',#2032,#2030,#137,.T.);
#2455=EDGE_CURVE('',#2033,#2032,#138,.T.);
#2456=EDGE_CURVE('',#2031,#2033,#1180,.T.);
#2457=EDGE_CURVE('',#2031,#2034,#1181,.T.);
#2458=EDGE_CURVE('',#2035,#2033,#139,.T.);
#2459=EDGE_CURVE('',#2034,#2035,#1182,.T.);
#2460=EDGE_CURVE('',#2034,#2023,#1183,.T.);
#2461=EDGE_CURVE('',#2025,#2035,#140,.T.);
#2462=EDGE_CURVE('',#2022,#2036,#1184,.T.);
#2463=EDGE_CURVE('',#2036,#2036,#1821,.T.);
#2464=EDGE_CURVE('',#2037,#2037,#1822,.T.);
#2465=EDGE_CURVE('',#2032,#2037,#1185,.T.);
#2466=EDGE_CURVE('',#2038,#2039,#1823,.T.);
#2467=EDGE_CURVE('',#2038,#2040,#1186,.T.);
#2468=EDGE_CURVE('',#2041,#2040,#141,.T.);
#2469=EDGE_CURVE('',#2042,#2041,#142,.T.);
#2470=EDGE_CURVE('',#2043,#2042,#143,.T.);
#2471=EDGE_CURVE('',#2044,#2043,#144,.T.);
#2472=EDGE_CURVE('',#2045,#2044,#145,.T.);
#2473=EDGE_CURVE('',#2040,#2045,#146,.T.);
#2474=EDGE_CURVE('',#2039,#2038,#1824,.T.);
#2475=EDGE_CURVE('',#2046,#2046,#1825,.T.);
#2476=EDGE_CURVE('',#2046,#2039,#1826,.T.);
#2477=EDGE_CURVE('',#2045,#2047,#1187,.T.);
#2478=EDGE_CURVE('',#2048,#2047,#147,.T.);
#2479=EDGE_CURVE('',#2040,#2048,#1188,.T.);
#2480=EDGE_CURVE('',#2044,#2049,#1189,.T.);
#2481=EDGE_CURVE('',#2050,#2049,#148,.T.);
#2482=EDGE_CURVE('',#2047,#2050,#149,.T.);
#2483=EDGE_CURVE('',#2043,#2051,#1190,.T.);
#2484=EDGE_CURVE('',#2049,#2051,#150,.T.);
#2485=EDGE_CURVE('',#2052,#2042,#1191,.T.);
#2486=EDGE_CURVE('',#2051,#2052,#151,.T.);
#2487=EDGE_CURVE('',#2041,#2053,#1192,.T.);
#2488=EDGE_CURVE('',#2052,#2053,#152,.T.);
#2489=EDGE_CURVE('',#2054,#2054,#1827,.T.);
#2490=EDGE_CURVE('',#2053,#2048,#153,.T.);
#2491=EDGE_CURVE('',#2055,#2055,#1828,.T.);
#2492=EDGE_CURVE('',#2056,#2056,#1829,.F.);
#2493=EDGE_CURVE('',#2050,#2055,#1193,.T.);
#2494=EDGE_CURVE('',#2054,#2056,#1194,.T.);
#2495=EDGE_CURVE('',#2057,#2058,#1195,.T.);
#2496=EDGE_CURVE('',#2058,#2059,#1196,.T.);
#2497=EDGE_CURVE('',#2059,#2060,#1197,.T.);
#2498=EDGE_CURVE('',#2060,#2057,#1198,.T.);
#2499=EDGE_CURVE('',#2061,#2058,#1199,.T.);
#2500=EDGE_CURVE('',#2062,#2061,#1200,.T.);
#2501=EDGE_CURVE('',#2059,#2062,#1201,.T.);
#2502=EDGE_CURVE('',#2063,#2062,#1202,.T.);
#2503=EDGE_CURVE('',#2060,#2063,#1203,.T.);
#2504=EDGE_CURVE('',#2064,#2063,#1204,.T.);
#2505=EDGE_CURVE('',#2057,#2064,#1205,.T.);
#2506=EDGE_CURVE('',#2061,#2064,#1206,.T.);
#2507=EDGE_CURVE('',#2065,#2065,#1830,.T.);
#2508=EDGE_CURVE('',#2065,#2066,#1207,.T.);
#2509=EDGE_CURVE('',#2066,#2066,#1831,.T.);
#2510=EDGE_CURVE('',#2067,#2067,#1832,.T.);
#2511=EDGE_CURVE('',#2067,#2068,#1208,.T.);
#2512=EDGE_CURVE('',#2068,#2068,#1833,.T.);
#2513=EDGE_CURVE('',#2069,#2069,#1834,.T.);
#2514=EDGE_CURVE('',#2069,#2070,#1209,.T.);
#2515=EDGE_CURVE('',#2070,#2070,#1835,.T.);
#2516=EDGE_CURVE('',#2071,#2072,#1210,.T.);
#2517=EDGE_CURVE('',#2072,#2073,#1211,.T.);
#2518=EDGE_CURVE('',#2073,#2074,#1212,.T.);
#2519=EDGE_CURVE('',#2074,#2071,#1213,.T.);
#2520=EDGE_CURVE('',#2075,#2072,#1214,.T.);
#2521=EDGE_CURVE('',#2076,#2075,#1215,.T.);
#2522=EDGE_CURVE('',#2073,#2076,#1216,.T.);
#2523=EDGE_CURVE('',#2077,#2076,#1217,.T.);
#2524=EDGE_CURVE('',#2074,#2077,#1218,.T.);
#2525=EDGE_CURVE('',#2078,#2077,#1219,.T.);
#2526=EDGE_CURVE('',#2071,#2078,#1220,.T.);
#2527=EDGE_CURVE('',#2075,#2078,#1221,.T.);
#2528=EDGE_CURVE('',#2079,#2079,#1836,.T.);
#2529=EDGE_CURVE('',#2079,#2080,#1222,.T.);
#2530=EDGE_CURVE('',#2080,#2080,#1837,.T.);
#2531=EDGE_CURVE('',#2081,#2081,#1838,.T.);
#2532=EDGE_CURVE('',#2081,#2082,#1223,.T.);
#2533=EDGE_CURVE('',#2082,#2082,#1839,.T.);
#2534=EDGE_CURVE('',#2083,#2083,#1840,.T.);
#2535=EDGE_CURVE('',#2083,#2084,#1224,.T.);
#2536=EDGE_CURVE('',#2084,#2084,#1841,.T.);
#2537=EDGE_CURVE('',#2085,#2085,#1842,.T.);
#2538=EDGE_CURVE('',#2085,#2086,#1225,.T.);
#2539=EDGE_CURVE('',#2086,#2086,#1843,.T.);
#2540=EDGE_CURVE('',#2087,#2087,#1844,.T.);
#2541=EDGE_CURVE('',#2087,#2088,#1226,.T.);
#2542=EDGE_CURVE('',#2088,#2088,#1845,.T.);
#2543=EDGE_CURVE('',#2089,#2089,#1846,.T.);
#2544=EDGE_CURVE('',#2089,#2090,#1227,.T.);
#2545=EDGE_CURVE('',#2090,#2090,#1847,.T.);
#2546=EDGE_CURVE('',#2091,#2092,#1228,.T.);
#2547=EDGE_CURVE('',#2092,#2093,#1229,.T.);
#2548=EDGE_CURVE('',#2093,#2094,#1230,.T.);
#2549=EDGE_CURVE('',#2094,#2091,#1231,.T.);
#2550=EDGE_CURVE('',#2095,#2092,#1232,.T.);
#2551=EDGE_CURVE('',#2096,#2095,#1233,.T.);
#2552=EDGE_CURVE('',#2093,#2096,#1234,.T.);
#2553=EDGE_CURVE('',#2097,#2096,#1235,.T.);
#2554=EDGE_CURVE('',#2094,#2097,#1236,.T.);
#2555=EDGE_CURVE('',#2098,#2097,#1237,.T.);
#2556=EDGE_CURVE('',#2091,#2098,#1238,.T.);
#2557=EDGE_CURVE('',#2095,#2098,#1239,.T.);
#2558=EDGE_CURVE('',#2099,#2100,#1240,.T.);
#2559=EDGE_CURVE('',#2100,#2101,#1241,.T.);
#2560=EDGE_CURVE('',#2101,#2102,#1242,.T.);
#2561=EDGE_CURVE('',#2102,#2099,#1243,.T.);
#2562=EDGE_CURVE('',#2103,#2100,#1244,.T.);
#2563=EDGE_CURVE('',#2104,#2103,#1245,.T.);
#2564=EDGE_CURVE('',#2101,#2104,#1246,.T.);
#2565=EDGE_CURVE('',#2105,#2104,#1247,.T.);
#2566=EDGE_CURVE('',#2102,#2105,#1248,.T.);
#2567=EDGE_CURVE('',#2106,#2105,#1249,.T.);
#2568=EDGE_CURVE('',#2099,#2106,#1250,.T.);
#2569=EDGE_CURVE('',#2103,#2106,#1251,.T.);
#2570=EDGE_CURVE('',#2107,#2108,#1252,.T.);
#2571=EDGE_CURVE('',#2108,#2109,#1253,.T.);
#2572=EDGE_CURVE('',#2109,#2110,#1254,.T.);
#2573=EDGE_CURVE('',#2110,#2111,#1255,.T.);
#2574=EDGE_CURVE('',#2111,#2107,#1848,.T.);
#2575=EDGE_CURVE('',#2112,#2108,#1256,.T.);
#2576=EDGE_CURVE('',#2113,#2112,#1257,.T.);
#2577=EDGE_CURVE('',#2109,#2113,#1258,.T.);
#2578=EDGE_CURVE('',#2114,#2113,#1259,.T.);
#2579=EDGE_CURVE('',#2110,#2114,#1260,.T.);
#2580=EDGE_CURVE('',#2115,#2114,#1261,.T.);
#2581=EDGE_CURVE('',#2111,#2115,#1262,.T.);
#2582=EDGE_CURVE('',#2116,#2115,#1849,.T.);
#2583=EDGE_CURVE('',#2107,#2116,#1263,.T.);
#2584=EDGE_CURVE('',#2112,#2116,#1264,.T.);
#2585=EDGE_CURVE('',#2117,#2118,#1265,.T.);
#2586=EDGE_CURVE('',#2119,#2117,#1850,.T.);
#2587=EDGE_CURVE('',#2120,#2119,#1266,.T.);
#2588=EDGE_CURVE('',#2121,#2120,#1267,.T.);
#2589=EDGE_CURVE('',#2118,#2121,#1268,.T.);
#2590=EDGE_CURVE('',#2122,#2118,#1269,.T.);
#2591=EDGE_CURVE('',#2121,#2123,#1270,.T.);
#2592=EDGE_CURVE('',#2123,#2122,#1271,.T.);
#2593=EDGE_CURVE('',#2120,#2124,#1272,.T.);
#2594=EDGE_CURVE('',#2124,#2123,#1273,.T.);
#2595=EDGE_CURVE('',#2119,#2125,#1274,.T.);
#2596=EDGE_CURVE('',#2125,#2124,#1275,.T.);
#2597=EDGE_CURVE('',#2117,#2126,#1276,.T.);
#2598=EDGE_CURVE('',#2126,#2125,#1851,.T.);
#2599=EDGE_CURVE('',#2122,#2126,#1277,.T.);
#2600=EDGE_CURVE('',#2127,#2128,#1278,.T.);
#2601=EDGE_CURVE('',#2129,#2127,#1852,.T.);
#2602=EDGE_CURVE('',#2130,#2129,#1279,.T.);
#2603=EDGE_CURVE('',#2131,#2130,#1280,.T.);
#2604=EDGE_CURVE('',#2128,#2131,#1281,.T.);
#2605=EDGE_CURVE('',#2132,#2128,#1282,.T.);
#2606=EDGE_CURVE('',#2131,#2133,#1283,.T.);
#2607=EDGE_CURVE('',#2133,#2132,#1284,.T.);
#2608=EDGE_CURVE('',#2130,#2134,#1285,.T.);
#2609=EDGE_CURVE('',#2134,#2133,#1286,.T.);
#2610=EDGE_CURVE('',#2129,#2135,#1287,.T.);
#2611=EDGE_CURVE('',#2135,#2134,#1288,.T.);
#2612=EDGE_CURVE('',#2127,#2136,#1289,.T.);
#2613=EDGE_CURVE('',#2136,#2135,#1853,.T.);
#2614=EDGE_CURVE('',#2132,#2136,#1290,.T.);
#2615=EDGE_CURVE('',#2137,#2138,#1291,.T.);
#2616=EDGE_CURVE('',#2138,#2139,#1292,.T.);
#2617=EDGE_CURVE('',#2139,#2140,#1293,.T.);
#2618=EDGE_CURVE('',#2140,#2141,#1294,.T.);
#2619=EDGE_CURVE('',#2141,#2137,#1854,.T.);
#2620=EDGE_CURVE('',#2142,#2138,#1295,.T.);
#2621=EDGE_CURVE('',#2143,#2142,#1296,.T.);
#2622=EDGE_CURVE('',#2139,#2143,#1297,.T.);
#2623=EDGE_CURVE('',#2144,#2143,#1298,.T.);
#2624=EDGE_CURVE('',#2140,#2144,#1299,.T.);
#2625=EDGE_CURVE('',#2145,#2144,#1300,.T.);
#2626=EDGE_CURVE('',#2141,#2145,#1301,.T.);
#2627=EDGE_CURVE('',#2146,#2145,#1855,.T.);
#2628=EDGE_CURVE('',#2137,#2146,#1302,.T.);
#2629=EDGE_CURVE('',#2142,#2146,#1303,.T.);
#2630=EDGE_CURVE('',#2147,#2148,#1304,.T.);
#2631=EDGE_CURVE('',#2149,#2147,#1305,.T.);
#2632=EDGE_CURVE('',#2150,#2149,#1306,.T.);
#2633=EDGE_CURVE('',#2148,#2150,#1307,.T.);
#2634=EDGE_CURVE('',#2147,#2151,#1308,.T.);
#2635=EDGE_CURVE('',#2151,#2152,#1309,.T.);
#2636=EDGE_CURVE('',#2152,#2153,#1856,.T.);
#2637=EDGE_CURVE('',#2153,#2149,#1310,.T.);
#2638=EDGE_CURVE('',#2154,#2148,#1311,.T.);
#2639=EDGE_CURVE('',#2151,#2154,#1312,.T.);
#2640=EDGE_CURVE('',#2150,#2155,#1313,.T.);
#2641=EDGE_CURVE('',#2155,#2156,#1857,.T.);
#2642=EDGE_CURVE('',#2156,#2154,#1314,.T.);
#2643=EDGE_CURVE('',#2155,#2153,#1315,.T.);
#2644=EDGE_CURVE('',#2156,#2152,#1316,.T.);
#2645=EDGE_CURVE('',#2157,#2158,#1317,.T.);
#2646=EDGE_CURVE('',#2159,#2157,#1318,.T.);
#2647=EDGE_CURVE('',#2160,#2159,#1319,.T.);
#2648=EDGE_CURVE('',#2158,#2160,#1320,.T.);
#2649=EDGE_CURVE('',#2161,#2157,#1321,.T.);
#2650=EDGE_CURVE('',#2162,#2161,#1322,.T.);
#2651=EDGE_CURVE('',#2163,#2162,#1858,.T.);
#2652=EDGE_CURVE('',#2159,#2163,#1323,.T.);
#2653=EDGE_CURVE('',#2158,#2164,#1324,.T.);
#2654=EDGE_CURVE('',#2164,#2161,#1325,.T.);
#2655=EDGE_CURVE('',#2163,#2165,#1326,.T.);
#2656=EDGE_CURVE('',#2165,#2160,#1327,.T.);
#2657=EDGE_CURVE('',#2162,#2166,#1328,.T.);
#2658=EDGE_CURVE('',#2166,#2165,#1859,.T.);
#2659=EDGE_CURVE('',#2164,#2166,#1329,.T.);
#2660=EDGE_CURVE('',#2167,#2168,#1330,.T.);
#2661=EDGE_CURVE('',#2169,#2167,#1331,.T.);
#2662=EDGE_CURVE('',#2169,#2170,#1332,.T.);
#2663=EDGE_CURVE('',#2168,#2170,#1333,.T.);
#2664=EDGE_CURVE('',#2171,#2172,#1334,.T.);
#2665=EDGE_CURVE('',#2167,#2171,#1335,.T.);
#2666=EDGE_CURVE('',#2172,#2168,#1336,.T.);
#2667=EDGE_CURVE('',#2173,#2173,#1860,.T.);
#2668=EDGE_CURVE('',#2174,#2174,#1861,.T.);
#2669=EDGE_CURVE('',#2173,#2175,#1337,.T.);
#2670=EDGE_CURVE('',#2175,#2175,#1862,.T.);
#2671=EDGE_CURVE('',#2174,#2176,#1338,.T.);
#2672=EDGE_CURVE('',#2176,#2176,#1863,.T.);
#2673=EDGE_CURVE('',#2177,#2172,#1339,.T.);
#2674=EDGE_CURVE('',#2178,#2177,#1340,.T.);
#2675=EDGE_CURVE('',#2171,#2178,#1341,.T.);
#2676=EDGE_CURVE('',#2178,#2169,#1342,.T.);
#2677=EDGE_CURVE('',#2170,#2177,#1343,.T.);
#2678=EDGE_CURVE('',#2179,#2180,#1344,.T.);
#2679=EDGE_CURVE('',#2181,#2179,#1345,.T.);
#2680=EDGE_CURVE('',#2182,#2181,#1346,.T.);
#2681=EDGE_CURVE('',#2180,#2182,#1347,.T.);
#2682=EDGE_CURVE('',#2183,#2179,#1348,.T.);
#2683=EDGE_CURVE('',#2184,#2183,#1349,.T.);
#2684=EDGE_CURVE('',#2185,#2184,#1864,.T.);
#2685=EDGE_CURVE('',#2181,#2185,#1350,.T.);
#2686=EDGE_CURVE('',#2180,#2186,#1351,.T.);
#2687=EDGE_CURVE('',#2186,#2183,#1352,.T.);
#2688=EDGE_CURVE('',#2185,#2187,#1353,.T.);
#2689=EDGE_CURVE('',#2187,#2182,#1354,.T.);
#2690=EDGE_CURVE('',#2184,#2188,#1355,.T.);
#2691=EDGE_CURVE('',#2188,#2187,#1865,.T.);
#2692=EDGE_CURVE('',#2186,#2188,#1356,.T.);
#2693=EDGE_CURVE('',#2189,#2190,#1357,.T.);
#2694=EDGE_CURVE('',#2191,#2189,#1358,.T.);
#2695=EDGE_CURVE('',#2192,#2191,#1359,.T.);
#2696=EDGE_CURVE('',#2190,#2192,#1360,.T.);
#2697=EDGE_CURVE('',#2189,#2193,#1361,.T.);
#2698=EDGE_CURVE('',#2193,#2194,#1362,.T.);
#2699=EDGE_CURVE('',#2194,#2195,#1866,.T.);
#2700=EDGE_CURVE('',#2195,#2191,#1363,.T.);
#2701=EDGE_CURVE('',#2196,#2190,#1364,.T.);
#2702=EDGE_CURVE('',#2193,#2196,#1365,.T.);
#2703=EDGE_CURVE('',#2192,#2197,#1366,.T.);
#2704=EDGE_CURVE('',#2197,#2198,#1867,.T.);
#2705=EDGE_CURVE('',#2198,#2196,#1367,.T.);
#2706=EDGE_CURVE('',#2197,#2195,#1368,.T.);
#2707=EDGE_CURVE('',#2198,#2194,#1369,.T.);
#2708=EDGE_CURVE('',#2199,#2200,#1370,.T.);
#2709=EDGE_CURVE('',#2199,#2201,#1371,.T.);
#2710=EDGE_CURVE('',#2202,#2201,#1372,.T.);
#2711=EDGE_CURVE('',#2202,#2200,#1373,.T.);
#2712=EDGE_CURVE('',#2203,#2204,#1374,.T.);
#2713=EDGE_CURVE('',#2204,#2199,#1375,.T.);
#2714=EDGE_CURVE('',#2200,#2203,#1376,.T.);
#2715=EDGE_CURVE('',#2205,#2205,#1868,.T.);
#2716=EDGE_CURVE('',#2206,#2206,#1869,.T.);
#2717=EDGE_CURVE('',#2205,#2207,#1377,.T.);
#2718=EDGE_CURVE('',#2207,#2207,#1870,.T.);
#2719=EDGE_CURVE('',#2206,#2208,#1378,.T.);
#2720=EDGE_CURVE('',#2208,#2208,#1871,.T.);
#2721=EDGE_CURVE('',#2203,#2209,#1379,.T.);
#2722=EDGE_CURVE('',#2209,#2210,#1380,.T.);
#2723=EDGE_CURVE('',#2210,#2204,#1381,.T.);
#2724=EDGE_CURVE('',#2209,#2202,#1382,.T.);
#2725=EDGE_CURVE('',#2201,#2210,#1383,.T.);
#2726=ORIENTED_EDGE('',*,*,#2211,.F.);
#2727=ORIENTED_EDGE('',*,*,#2212,.T.);
#2728=ORIENTED_EDGE('',*,*,#2213,.F.);
#2729=ORIENTED_EDGE('',*,*,#2212,.F.);
#2730=ORIENTED_EDGE('',*,*,#2214,.F.);
#2731=ORIENTED_EDGE('',*,*,#2215,.T.);
#2732=ORIENTED_EDGE('',*,*,#2216,.F.);
#2733=ORIENTED_EDGE('',*,*,#2215,.F.);
#2734=ORIENTED_EDGE('',*,*,#2217,.F.);
#2735=ORIENTED_EDGE('',*,*,#2218,.T.);
#2736=ORIENTED_EDGE('',*,*,#2219,.F.);
#2737=ORIENTED_EDGE('',*,*,#2218,.F.);
#2738=ORIENTED_EDGE('',*,*,#2220,.F.);
#2739=ORIENTED_EDGE('',*,*,#2221,.T.);
#2740=ORIENTED_EDGE('',*,*,#2222,.F.);
#2741=ORIENTED_EDGE('',*,*,#2223,.F.);
#2742=ORIENTED_EDGE('',*,*,#2224,.T.);
#2743=ORIENTED_EDGE('',*,*,#2223,.T.);
#2744=ORIENTED_EDGE('',*,*,#2225,.F.);
#2745=ORIENTED_EDGE('',*,*,#2221,.F.);
#2746=ORIENTED_EDGE('',*,*,#2225,.T.);
#2747=ORIENTED_EDGE('',*,*,#2222,.T.);
#2748=ORIENTED_EDGE('',*,*,#2211,.T.);
#2749=ORIENTED_EDGE('',*,*,#2214,.T.);
#2750=ORIENTED_EDGE('',*,*,#2217,.T.);
#2751=ORIENTED_EDGE('',*,*,#2224,.F.);
#2752=ORIENTED_EDGE('',*,*,#2220,.T.);
#2753=ORIENTED_EDGE('',*,*,#2213,.T.);
#2754=ORIENTED_EDGE('',*,*,#2216,.T.);
#2755=ORIENTED_EDGE('',*,*,#2219,.T.);
#2756=ORIENTED_EDGE('',*,*,#2226,.T.);
#2757=ORIENTED_EDGE('',*,*,#2227,.T.);
#2758=ORIENTED_EDGE('',*,*,#2228,.T.);
#2759=ORIENTED_EDGE('',*,*,#2229,.F.);
#2760=ORIENTED_EDGE('',*,*,#2230,.F.);
#2761=ORIENTED_EDGE('',*,*,#2229,.T.);
#2762=ORIENTED_EDGE('',*,*,#2231,.T.);
#2763=ORIENTED_EDGE('',*,*,#2227,.F.);
#2764=ORIENTED_EDGE('',*,*,#2231,.F.);
#2765=ORIENTED_EDGE('',*,*,#2228,.F.);
#2766=ORIENTED_EDGE('',*,*,#2230,.T.);
#2767=ORIENTED_EDGE('',*,*,#2226,.F.);
#2768=ORIENTED_EDGE('',*,*,#2232,.F.);
#2769=ORIENTED_EDGE('',*,*,#2233,.T.);
#2770=ORIENTED_EDGE('',*,*,#2234,.F.);
#2771=ORIENTED_EDGE('',*,*,#2235,.F.);
#2772=ORIENTED_EDGE('',*,*,#2236,.F.);
#2773=ORIENTED_EDGE('',*,*,#2237,.T.);
#2774=ORIENTED_EDGE('',*,*,#2238,.F.);
#2775=ORIENTED_EDGE('',*,*,#2233,.F.);
#2776=ORIENTED_EDGE('',*,*,#2239,.F.);
#2777=ORIENTED_EDGE('',*,*,#2240,.T.);
#2778=ORIENTED_EDGE('',*,*,#2241,.F.);
#2779=ORIENTED_EDGE('',*,*,#2237,.F.);
#2780=ORIENTED_EDGE('',*,*,#2242,.F.);
#2781=ORIENTED_EDGE('',*,*,#2235,.T.);
#2782=ORIENTED_EDGE('',*,*,#2243,.F.);
#2783=ORIENTED_EDGE('',*,*,#2240,.F.);
#2784=ORIENTED_EDGE('',*,*,#2244,.F.);
#2785=ORIENTED_EDGE('',*,*,#2245,.T.);
#2786=ORIENTED_EDGE('',*,*,#2246,.F.);
#2787=ORIENTED_EDGE('',*,*,#2247,.F.);
#2788=ORIENTED_EDGE('',*,*,#2248,.F.);
#2789=ORIENTED_EDGE('',*,*,#2249,.T.);
#2790=ORIENTED_EDGE('',*,*,#2250,.F.);
#2791=ORIENTED_EDGE('',*,*,#2245,.F.);
#2792=ORIENTED_EDGE('',*,*,#2251,.F.);
#2793=ORIENTED_EDGE('',*,*,#2252,.T.);
#2794=ORIENTED_EDGE('',*,*,#2253,.F.);
#2795=ORIENTED_EDGE('',*,*,#2249,.F.);
#2796=ORIENTED_EDGE('',*,*,#2254,.F.);
#2797=ORIENTED_EDGE('',*,*,#2247,.T.);
#2798=ORIENTED_EDGE('',*,*,#2255,.F.);
#2799=ORIENTED_EDGE('',*,*,#2252,.F.);
#2800=ORIENTED_EDGE('',*,*,#2256,.F.);
#2801=ORIENTED_EDGE('',*,*,#2257,.T.);
#2802=ORIENTED_EDGE('',*,*,#2258,.T.);
#2803=ORIENTED_EDGE('',*,*,#2259,.T.);
#2804=ORIENTED_EDGE('',*,*,#2260,.F.);
#2805=ORIENTED_EDGE('',*,*,#2261,.F.);
#2806=ORIENTED_EDGE('',*,*,#2258,.F.);
#2807=ORIENTED_EDGE('',*,*,#2261,.T.);
#2808=ORIENTED_EDGE('',*,*,#2262,.T.);
#2809=ORIENTED_EDGE('',*,*,#2263,.T.);
#2810=ORIENTED_EDGE('',*,*,#2264,.T.);
#2811=ORIENTED_EDGE('',*,*,#2244,.T.);
#2812=ORIENTED_EDGE('',*,*,#2254,.T.);
#2813=ORIENTED_EDGE('',*,*,#2251,.T.);
#2814=ORIENTED_EDGE('',*,*,#2248,.T.);
#2815=ORIENTED_EDGE('',*,*,#2260,.T.);
#2816=ORIENTED_EDGE('',*,*,#2265,.T.);
#2817=ORIENTED_EDGE('',*,*,#2266,.T.);
#2818=ORIENTED_EDGE('',*,*,#2262,.F.);
#2819=ORIENTED_EDGE('',*,*,#2232,.T.);
#2820=ORIENTED_EDGE('',*,*,#2242,.T.);
#2821=ORIENTED_EDGE('',*,*,#2239,.T.);
#2822=ORIENTED_EDGE('',*,*,#2236,.T.);
#2823=ORIENTED_EDGE('',*,*,#2267,.T.);
#2824=ORIENTED_EDGE('',*,*,#2268,.T.);
#2825=ORIENTED_EDGE('',*,*,#2269,.F.);
#2826=ORIENTED_EDGE('',*,*,#2270,.T.);
#2827=ORIENTED_EDGE('',*,*,#2266,.F.);
#2828=ORIENTED_EDGE('',*,*,#2269,.T.);
#2829=ORIENTED_EDGE('',*,*,#2263,.F.);
#2830=ORIENTED_EDGE('',*,*,#2271,.F.);
#2831=ORIENTED_EDGE('',*,*,#2272,.T.);
#2832=ORIENTED_EDGE('',*,*,#2270,.F.);
#2833=ORIENTED_EDGE('',*,*,#2265,.F.);
#2834=ORIENTED_EDGE('',*,*,#2257,.F.);
#2835=ORIENTED_EDGE('',*,*,#2273,.F.);
#2836=ORIENTED_EDGE('',*,*,#2274,.T.);
#2837=ORIENTED_EDGE('',*,*,#2275,.T.);
#2838=ORIENTED_EDGE('',*,*,#2267,.F.);
#2839=ORIENTED_EDGE('',*,*,#2272,.F.);
#2840=ORIENTED_EDGE('',*,*,#2276,.F.);
#2841=ORIENTED_EDGE('',*,*,#2277,.T.);
#2842=ORIENTED_EDGE('',*,*,#2276,.T.);
#2843=ORIENTED_EDGE('',*,*,#2271,.T.);
#2844=ORIENTED_EDGE('',*,*,#2278,.F.);
#2845=ORIENTED_EDGE('',*,*,#2234,.T.);
#2846=ORIENTED_EDGE('',*,*,#2238,.T.);
#2847=ORIENTED_EDGE('',*,*,#2241,.T.);
#2848=ORIENTED_EDGE('',*,*,#2243,.T.);
#2849=ORIENTED_EDGE('',*,*,#2279,.T.);
#2850=ORIENTED_EDGE('',*,*,#2278,.T.);
#2851=ORIENTED_EDGE('',*,*,#2273,.T.);
#2852=ORIENTED_EDGE('',*,*,#2256,.T.);
#2853=ORIENTED_EDGE('',*,*,#2280,.F.);
#2854=ORIENTED_EDGE('',*,*,#2281,.T.);
#2855=ORIENTED_EDGE('',*,*,#2280,.T.);
#2856=ORIENTED_EDGE('',*,*,#2259,.F.);
#2857=ORIENTED_EDGE('',*,*,#2264,.F.);
#2858=ORIENTED_EDGE('',*,*,#2268,.F.);
#2859=ORIENTED_EDGE('',*,*,#2275,.F.);
#2860=ORIENTED_EDGE('',*,*,#2281,.F.);
#2861=ORIENTED_EDGE('',*,*,#2274,.F.);
#2862=ORIENTED_EDGE('',*,*,#2277,.F.);
#2863=ORIENTED_EDGE('',*,*,#2279,.F.);
#2864=ORIENTED_EDGE('',*,*,#2246,.T.);
#2865=ORIENTED_EDGE('',*,*,#2250,.T.);
#2866=ORIENTED_EDGE('',*,*,#2253,.T.);
#2867=ORIENTED_EDGE('',*,*,#2255,.T.);
#2868=ORIENTED_EDGE('',*,*,#2282,.T.);
#2869=ORIENTED_EDGE('',*,*,#2283,.T.);
#2870=ORIENTED_EDGE('',*,*,#2284,.T.);
#2871=ORIENTED_EDGE('',*,*,#2285,.F.);
#2872=ORIENTED_EDGE('',*,*,#2286,.T.);
#2873=ORIENTED_EDGE('',*,*,#2285,.T.);
#2874=ORIENTED_EDGE('',*,*,#2287,.T.);
#2875=ORIENTED_EDGE('',*,*,#2288,.F.);
#2876=ORIENTED_EDGE('',*,*,#2289,.T.);
#2877=ORIENTED_EDGE('',*,*,#2288,.T.);
#2878=ORIENTED_EDGE('',*,*,#2290,.T.);
#2879=ORIENTED_EDGE('',*,*,#2291,.F.);
#2880=ORIENTED_EDGE('',*,*,#2292,.T.);
#2881=ORIENTED_EDGE('',*,*,#2291,.T.);
#2882=ORIENTED_EDGE('',*,*,#2293,.T.);
#2883=ORIENTED_EDGE('',*,*,#2283,.F.);
#2884=ORIENTED_EDGE('',*,*,#2294,.T.);
#2885=ORIENTED_EDGE('',*,*,#2295,.T.);
#2886=ORIENTED_EDGE('',*,*,#2296,.T.);
#2887=ORIENTED_EDGE('',*,*,#2297,.F.);
#2888=ORIENTED_EDGE('',*,*,#2298,.T.);
#2889=ORIENTED_EDGE('',*,*,#2297,.T.);
#2890=ORIENTED_EDGE('',*,*,#2299,.T.);
#2891=ORIENTED_EDGE('',*,*,#2300,.F.);
#2892=ORIENTED_EDGE('',*,*,#2301,.T.);
#2893=ORIENTED_EDGE('',*,*,#2300,.T.);
#2894=ORIENTED_EDGE('',*,*,#2302,.T.);
#2895=ORIENTED_EDGE('',*,*,#2303,.F.);
#2896=ORIENTED_EDGE('',*,*,#2304,.T.);
#2897=ORIENTED_EDGE('',*,*,#2303,.T.);
#2898=ORIENTED_EDGE('',*,*,#2305,.T.);
#2899=ORIENTED_EDGE('',*,*,#2295,.F.);
#2900=ORIENTED_EDGE('',*,*,#2306,.T.);
#2901=ORIENTED_EDGE('',*,*,#2307,.F.);
#2902=ORIENTED_EDGE('',*,*,#2308,.F.);
#2903=ORIENTED_EDGE('',*,*,#2309,.F.);
#2904=ORIENTED_EDGE('',*,*,#2310,.T.);
#2905=ORIENTED_EDGE('',*,*,#2308,.T.);
#2906=ORIENTED_EDGE('',*,*,#2311,.T.);
#2907=ORIENTED_EDGE('',*,*,#2311,.F.);
#2908=ORIENTED_EDGE('',*,*,#2312,.F.);
#2909=ORIENTED_EDGE('',*,*,#2313,.F.);
#2910=ORIENTED_EDGE('',*,*,#2314,.F.);
#2911=ORIENTED_EDGE('',*,*,#2294,.F.);
#2912=ORIENTED_EDGE('',*,*,#2298,.F.);
#2913=ORIENTED_EDGE('',*,*,#2301,.F.);
#2914=ORIENTED_EDGE('',*,*,#2304,.F.);
#2915=ORIENTED_EDGE('',*,*,#2310,.F.);
#2916=ORIENTED_EDGE('',*,*,#2314,.T.);
#2917=ORIENTED_EDGE('',*,*,#2315,.F.);
#2918=ORIENTED_EDGE('',*,*,#2316,.F.);
#2919=ORIENTED_EDGE('',*,*,#2282,.F.);
#2920=ORIENTED_EDGE('',*,*,#2286,.F.);
#2921=ORIENTED_EDGE('',*,*,#2289,.F.);
#2922=ORIENTED_EDGE('',*,*,#2292,.F.);
#2923=ORIENTED_EDGE('',*,*,#2317,.F.);
#2924=ORIENTED_EDGE('',*,*,#2318,.F.);
#2925=ORIENTED_EDGE('',*,*,#2319,.T.);
#2926=ORIENTED_EDGE('',*,*,#2320,.F.);
#2927=ORIENTED_EDGE('',*,*,#2315,.T.);
#2928=ORIENTED_EDGE('',*,*,#2313,.T.);
#2929=ORIENTED_EDGE('',*,*,#2319,.F.);
#2930=ORIENTED_EDGE('',*,*,#2321,.T.);
#2931=ORIENTED_EDGE('',*,*,#2322,.T.);
#2932=ORIENTED_EDGE('',*,*,#2309,.T.);
#2933=ORIENTED_EDGE('',*,*,#2316,.T.);
#2934=ORIENTED_EDGE('',*,*,#2318,.T.);
#2935=ORIENTED_EDGE('',*,*,#2323,.F.);
#2936=ORIENTED_EDGE('',*,*,#2324,.F.);
#2937=ORIENTED_EDGE('',*,*,#2325,.T.);
#2938=ORIENTED_EDGE('',*,*,#2323,.T.);
#2939=ORIENTED_EDGE('',*,*,#2317,.T.);
#2940=ORIENTED_EDGE('',*,*,#2326,.F.);
#2941=ORIENTED_EDGE('',*,*,#2327,.F.);
#2942=ORIENTED_EDGE('',*,*,#2328,.T.);
#2943=ORIENTED_EDGE('',*,*,#2321,.F.);
#2944=ORIENTED_EDGE('',*,*,#2325,.F.);
#2945=ORIENTED_EDGE('',*,*,#2284,.F.);
#2946=ORIENTED_EDGE('',*,*,#2293,.F.);
#2947=ORIENTED_EDGE('',*,*,#2290,.F.);
#2948=ORIENTED_EDGE('',*,*,#2287,.F.);
#2949=ORIENTED_EDGE('',*,*,#2329,.F.);
#2950=ORIENTED_EDGE('',*,*,#2330,.T.);
#2951=ORIENTED_EDGE('',*,*,#2306,.F.);
#2952=ORIENTED_EDGE('',*,*,#2322,.F.);
#2953=ORIENTED_EDGE('',*,*,#2328,.F.);
#2954=ORIENTED_EDGE('',*,*,#2331,.F.);
#2955=ORIENTED_EDGE('',*,*,#2326,.T.);
#2956=ORIENTED_EDGE('',*,*,#2320,.T.);
#2957=ORIENTED_EDGE('',*,*,#2312,.T.);
#2958=ORIENTED_EDGE('',*,*,#2307,.T.);
#2959=ORIENTED_EDGE('',*,*,#2330,.F.);
#2960=ORIENTED_EDGE('',*,*,#2331,.T.);
#2961=ORIENTED_EDGE('',*,*,#2329,.T.);
#2962=ORIENTED_EDGE('',*,*,#2327,.T.);
#2963=ORIENTED_EDGE('',*,*,#2324,.T.);
#2964=ORIENTED_EDGE('',*,*,#2296,.F.);
#2965=ORIENTED_EDGE('',*,*,#2305,.F.);
#2966=ORIENTED_EDGE('',*,*,#2302,.F.);
#2967=ORIENTED_EDGE('',*,*,#2299,.F.);
#2968=ORIENTED_EDGE('',*,*,#2332,.T.);
#2969=ORIENTED_EDGE('',*,*,#2333,.T.);
#2970=ORIENTED_EDGE('',*,*,#2334,.F.);
#2971=ORIENTED_EDGE('',*,*,#2335,.F.);
#2972=ORIENTED_EDGE('',*,*,#2336,.T.);
#2973=ORIENTED_EDGE('',*,*,#2335,.T.);
#2974=ORIENTED_EDGE('',*,*,#2337,.F.);
#2975=ORIENTED_EDGE('',*,*,#2338,.F.);
#2976=ORIENTED_EDGE('',*,*,#2339,.T.);
#2977=ORIENTED_EDGE('',*,*,#2338,.T.);
#2978=ORIENTED_EDGE('',*,*,#2340,.F.);
#2979=ORIENTED_EDGE('',*,*,#2341,.F.);
#2980=ORIENTED_EDGE('',*,*,#2342,.F.);
#2981=ORIENTED_EDGE('',*,*,#2341,.T.);
#2982=ORIENTED_EDGE('',*,*,#2343,.F.);
#2983=ORIENTED_EDGE('',*,*,#2333,.F.);
#2984=ORIENTED_EDGE('',*,*,#2342,.T.);
#2985=ORIENTED_EDGE('',*,*,#2332,.F.);
#2986=ORIENTED_EDGE('',*,*,#2336,.F.);
#2987=ORIENTED_EDGE('',*,*,#2339,.F.);
#2988=ORIENTED_EDGE('',*,*,#2343,.T.);
#2989=ORIENTED_EDGE('',*,*,#2340,.T.);
#2990=ORIENTED_EDGE('',*,*,#2337,.T.);
#2991=ORIENTED_EDGE('',*,*,#2334,.T.);
#2992=ORIENTED_EDGE('',*,*,#2344,.T.);
#2993=ORIENTED_EDGE('',*,*,#2345,.T.);
#2994=ORIENTED_EDGE('',*,*,#2346,.F.);
#2995=ORIENTED_EDGE('',*,*,#2347,.F.);
#2996=ORIENTED_EDGE('',*,*,#2348,.T.);
#2997=ORIENTED_EDGE('',*,*,#2347,.T.);
#2998=ORIENTED_EDGE('',*,*,#2349,.F.);
#2999=ORIENTED_EDGE('',*,*,#2350,.F.);
#3000=ORIENTED_EDGE('',*,*,#2351,.F.);
#3001=ORIENTED_EDGE('',*,*,#2350,.T.);
#3002=ORIENTED_EDGE('',*,*,#2352,.F.);
#3003=ORIENTED_EDGE('',*,*,#2353,.F.);
#3004=ORIENTED_EDGE('',*,*,#2354,.F.);
#3005=ORIENTED_EDGE('',*,*,#2353,.T.);
#3006=ORIENTED_EDGE('',*,*,#2355,.F.);
#3007=ORIENTED_EDGE('',*,*,#2345,.F.);
#3008=ORIENTED_EDGE('',*,*,#2354,.T.);
#3009=ORIENTED_EDGE('',*,*,#2344,.F.);
#3010=ORIENTED_EDGE('',*,*,#2348,.F.);
#3011=ORIENTED_EDGE('',*,*,#2351,.T.);
#3012=ORIENTED_EDGE('',*,*,#2355,.T.);
#3013=ORIENTED_EDGE('',*,*,#2352,.T.);
#3014=ORIENTED_EDGE('',*,*,#2349,.T.);
#3015=ORIENTED_EDGE('',*,*,#2346,.T.);
#3016=ORIENTED_EDGE('',*,*,#2356,.T.);
#3017=ORIENTED_EDGE('',*,*,#2357,.T.);
#3018=ORIENTED_EDGE('',*,*,#2358,.F.);
#3019=ORIENTED_EDGE('',*,*,#2359,.F.);
#3020=ORIENTED_EDGE('',*,*,#2360,.T.);
#3021=ORIENTED_EDGE('',*,*,#2359,.T.);
#3022=ORIENTED_EDGE('',*,*,#2361,.F.);
#3023=ORIENTED_EDGE('',*,*,#2362,.F.);
#3024=ORIENTED_EDGE('',*,*,#2363,.T.);
#3025=ORIENTED_EDGE('',*,*,#2362,.T.);
#3026=ORIENTED_EDGE('',*,*,#2364,.F.);
#3027=ORIENTED_EDGE('',*,*,#2365,.F.);
#3028=ORIENTED_EDGE('',*,*,#2366,.F.);
#3029=ORIENTED_EDGE('',*,*,#2365,.T.);
#3030=ORIENTED_EDGE('',*,*,#2367,.F.);
#3031=ORIENTED_EDGE('',*,*,#2357,.F.);
#3032=ORIENTED_EDGE('',*,*,#2366,.T.);
#3033=ORIENTED_EDGE('',*,*,#2356,.F.);
#3034=ORIENTED_EDGE('',*,*,#2360,.F.);
#3035=ORIENTED_EDGE('',*,*,#2363,.F.);
#3036=ORIENTED_EDGE('',*,*,#2367,.T.);
#3037=ORIENTED_EDGE('',*,*,#2364,.T.);
#3038=ORIENTED_EDGE('',*,*,#2361,.T.);
#3039=ORIENTED_EDGE('',*,*,#2358,.T.);
#3040=ORIENTED_EDGE('',*,*,#2368,.F.);
#3041=ORIENTED_EDGE('',*,*,#2369,.T.);
#3042=ORIENTED_EDGE('',*,*,#2370,.F.);
#3043=ORIENTED_EDGE('',*,*,#2371,.F.);
#3044=ORIENTED_EDGE('',*,*,#2372,.T.);
#3045=ORIENTED_EDGE('',*,*,#2371,.T.);
#3046=ORIENTED_EDGE('',*,*,#2373,.F.);
#3047=ORIENTED_EDGE('',*,*,#2374,.F.);
#3048=ORIENTED_EDGE('',*,*,#2375,.T.);
#3049=ORIENTED_EDGE('',*,*,#2374,.T.);
#3050=ORIENTED_EDGE('',*,*,#2376,.F.);
#3051=ORIENTED_EDGE('',*,*,#2377,.F.);
#3052=ORIENTED_EDGE('',*,*,#2378,.F.);
#3053=ORIENTED_EDGE('',*,*,#2377,.T.);
#3054=ORIENTED_EDGE('',*,*,#2379,.F.);
#3055=ORIENTED_EDGE('',*,*,#2369,.F.);
#3056=ORIENTED_EDGE('',*,*,#2378,.T.);
#3057=ORIENTED_EDGE('',*,*,#2368,.T.);
#3058=ORIENTED_EDGE('',*,*,#2372,.F.);
#3059=ORIENTED_EDGE('',*,*,#2375,.F.);
#3060=ORIENTED_EDGE('',*,*,#2379,.T.);
#3061=ORIENTED_EDGE('',*,*,#2376,.T.);
#3062=ORIENTED_EDGE('',*,*,#2373,.T.);
#3063=ORIENTED_EDGE('',*,*,#2370,.T.);
#3064=ORIENTED_EDGE('',*,*,#2380,.F.);
#3065=ORIENTED_EDGE('',*,*,#2381,.T.);
#3066=ORIENTED_EDGE('',*,*,#2382,.F.);
#3067=ORIENTED_EDGE('',*,*,#2383,.F.);
#3068=ORIENTED_EDGE('',*,*,#2384,.F.);
#3069=ORIENTED_EDGE('',*,*,#2383,.T.);
#3070=ORIENTED_EDGE('',*,*,#2385,.F.);
#3071=ORIENTED_EDGE('',*,*,#2386,.F.);
#3072=ORIENTED_EDGE('',*,*,#2387,.F.);
#3073=ORIENTED_EDGE('',*,*,#2386,.T.);
#3074=ORIENTED_EDGE('',*,*,#2388,.F.);
#3075=ORIENTED_EDGE('',*,*,#2389,.F.);
#3076=ORIENTED_EDGE('',*,*,#2390,.F.);
#3077=ORIENTED_EDGE('',*,*,#2389,.T.);
#3078=ORIENTED_EDGE('',*,*,#2391,.F.);
#3079=ORIENTED_EDGE('',*,*,#2381,.F.);
#3080=ORIENTED_EDGE('',*,*,#2391,.T.);
#3081=ORIENTED_EDGE('',*,*,#2388,.T.);
#3082=ORIENTED_EDGE('',*,*,#2385,.T.);
#3083=ORIENTED_EDGE('',*,*,#2382,.T.);
#3084=ORIENTED_EDGE('',*,*,#2390,.T.);
#3085=ORIENTED_EDGE('',*,*,#2380,.T.);
#3086=ORIENTED_EDGE('',*,*,#2384,.T.);
#3087=ORIENTED_EDGE('',*,*,#2387,.T.);
#3088=ORIENTED_EDGE('',*,*,#2392,.T.);
#3089=ORIENTED_EDGE('',*,*,#2393,.T.);
#3090=ORIENTED_EDGE('',*,*,#2394,.T.);
#3091=ORIENTED_EDGE('',*,*,#2395,.F.);
#3092=ORIENTED_EDGE('',*,*,#2396,.T.);
#3093=ORIENTED_EDGE('',*,*,#2397,.T.);
#3094=ORIENTED_EDGE('',*,*,#2398,.T.);
#3095=ORIENTED_EDGE('',*,*,#2393,.F.);
#3096=ORIENTED_EDGE('',*,*,#2399,.T.);
#3097=ORIENTED_EDGE('',*,*,#2400,.T.);
#3098=ORIENTED_EDGE('',*,*,#2401,.T.);
#3099=ORIENTED_EDGE('',*,*,#2397,.F.);
#3100=ORIENTED_EDGE('',*,*,#2402,.T.);
#3101=ORIENTED_EDGE('',*,*,#2395,.T.);
#3102=ORIENTED_EDGE('',*,*,#2403,.T.);
#3103=ORIENTED_EDGE('',*,*,#2400,.F.);
#3104=ORIENTED_EDGE('',*,*,#2403,.F.);
#3105=ORIENTED_EDGE('',*,*,#2394,.F.);
#3106=ORIENTED_EDGE('',*,*,#2398,.F.);
#3107=ORIENTED_EDGE('',*,*,#2401,.F.);
#3108=ORIENTED_EDGE('',*,*,#2402,.F.);
#3109=ORIENTED_EDGE('',*,*,#2399,.F.);
#3110=ORIENTED_EDGE('',*,*,#2396,.F.);
#3111=ORIENTED_EDGE('',*,*,#2392,.F.);
#3112=ORIENTED_EDGE('',*,*,#2404,.F.);
#3113=ORIENTED_EDGE('',*,*,#2405,.T.);
#3114=ORIENTED_EDGE('',*,*,#2406,.F.);
#3115=ORIENTED_EDGE('',*,*,#2405,.F.);
#3116=ORIENTED_EDGE('',*,*,#2407,.T.);
#3117=ORIENTED_EDGE('',*,*,#2408,.T.);
#3118=ORIENTED_EDGE('',*,*,#2409,.T.);
#3119=ORIENTED_EDGE('',*,*,#2408,.F.);
#3120=ORIENTED_EDGE('',*,*,#2410,.T.);
#3121=ORIENTED_EDGE('',*,*,#2407,.F.);
#3122=ORIENTED_EDGE('',*,*,#2404,.T.);
#3123=ORIENTED_EDGE('',*,*,#2411,.T.);
#3124=ORIENTED_EDGE('',*,*,#2409,.F.);
#3125=ORIENTED_EDGE('',*,*,#2411,.F.);
#3126=ORIENTED_EDGE('',*,*,#2412,.F.);
#3127=ORIENTED_EDGE('',*,*,#2413,.T.);
#3128=ORIENTED_EDGE('',*,*,#2414,.F.);
#3129=ORIENTED_EDGE('',*,*,#2415,.F.);
#3130=ORIENTED_EDGE('',*,*,#2416,.F.);
#3131=ORIENTED_EDGE('',*,*,#2415,.T.);
#3132=ORIENTED_EDGE('',*,*,#2417,.F.);
#3133=ORIENTED_EDGE('',*,*,#2418,.T.);
#3134=ORIENTED_EDGE('',*,*,#2419,.F.);
#3135=ORIENTED_EDGE('',*,*,#2418,.F.);
#3136=ORIENTED_EDGE('',*,*,#2420,.F.);
#3137=ORIENTED_EDGE('',*,*,#2421,.F.);
#3138=ORIENTED_EDGE('',*,*,#2422,.F.);
#3139=ORIENTED_EDGE('',*,*,#2421,.T.);
#3140=ORIENTED_EDGE('',*,*,#2423,.F.);
#3141=ORIENTED_EDGE('',*,*,#2424,.F.);
#3142=ORIENTED_EDGE('',*,*,#2425,.F.);
#3143=ORIENTED_EDGE('',*,*,#2426,.F.);
#3144=ORIENTED_EDGE('',*,*,#2425,.T.);
#3145=ORIENTED_EDGE('',*,*,#2427,.F.);
#3146=ORIENTED_EDGE('',*,*,#2428,.F.);
#3147=ORIENTED_EDGE('',*,*,#2429,.F.);
#3148=ORIENTED_EDGE('',*,*,#2428,.T.);
#3149=ORIENTED_EDGE('',*,*,#2430,.F.);
#3150=ORIENTED_EDGE('',*,*,#2413,.F.);
#3151=ORIENTED_EDGE('',*,*,#2410,.F.);
#3152=ORIENTED_EDGE('',*,*,#2431,.T.);
#3153=ORIENTED_EDGE('',*,*,#2432,.T.);
#3154=ORIENTED_EDGE('',*,*,#2431,.F.);
#3155=ORIENTED_EDGE('',*,*,#2406,.T.);
#3156=ORIENTED_EDGE('',*,*,#2433,.F.);
#3157=ORIENTED_EDGE('',*,*,#2420,.T.);
#3158=ORIENTED_EDGE('',*,*,#2417,.T.);
#3159=ORIENTED_EDGE('',*,*,#2414,.T.);
#3160=ORIENTED_EDGE('',*,*,#2430,.T.);
#3161=ORIENTED_EDGE('',*,*,#2427,.T.);
#3162=ORIENTED_EDGE('',*,*,#2424,.T.);
#3163=ORIENTED_EDGE('',*,*,#2434,.T.);
#3164=ORIENTED_EDGE('',*,*,#2433,.T.);
#3165=ORIENTED_EDGE('',*,*,#2434,.F.);
#3166=ORIENTED_EDGE('',*,*,#2423,.T.);
#3167=ORIENTED_EDGE('',*,*,#2422,.T.);
#3168=ORIENTED_EDGE('',*,*,#2426,.T.);
#3169=ORIENTED_EDGE('',*,*,#2429,.T.);
#3170=ORIENTED_EDGE('',*,*,#2412,.T.);
#3171=ORIENTED_EDGE('',*,*,#2416,.T.);
#3172=ORIENTED_EDGE('',*,*,#2419,.T.);
#3173=ORIENTED_EDGE('',*,*,#2432,.F.);
#3174=ORIENTED_EDGE('',*,*,#2435,.F.);
#3175=ORIENTED_EDGE('',*,*,#2436,.T.);
#3176=ORIENTED_EDGE('',*,*,#2437,.F.);
#3177=ORIENTED_EDGE('',*,*,#2436,.F.);
#3178=ORIENTED_EDGE('',*,*,#2438,.T.);
#3179=ORIENTED_EDGE('',*,*,#2439,.T.);
#3180=ORIENTED_EDGE('',*,*,#2440,.T.);
#3181=ORIENTED_EDGE('',*,*,#2439,.F.);
#3182=ORIENTED_EDGE('',*,*,#2441,.T.);
#3183=ORIENTED_EDGE('',*,*,#2438,.F.);
#3184=ORIENTED_EDGE('',*,*,#2435,.T.);
#3185=ORIENTED_EDGE('',*,*,#2442,.T.);
#3186=ORIENTED_EDGE('',*,*,#2440,.F.);
#3187=ORIENTED_EDGE('',*,*,#2442,.F.);
#3188=ORIENTED_EDGE('',*,*,#2443,.F.);
#3189=ORIENTED_EDGE('',*,*,#2444,.T.);
#3190=ORIENTED_EDGE('',*,*,#2445,.F.);
#3191=ORIENTED_EDGE('',*,*,#2446,.F.);
#3192=ORIENTED_EDGE('',*,*,#2447,.F.);
#3193=ORIENTED_EDGE('',*,*,#2446,.T.);
#3194=ORIENTED_EDGE('',*,*,#2448,.F.);
#3195=ORIENTED_EDGE('',*,*,#2449,.T.);
#3196=ORIENTED_EDGE('',*,*,#2450,.F.);
#3197=ORIENTED_EDGE('',*,*,#2449,.F.);
#3198=ORIENTED_EDGE('',*,*,#2451,.F.);
#3199=ORIENTED_EDGE('',*,*,#2452,.F.);
#3200=ORIENTED_EDGE('',*,*,#2453,.F.);
#3201=ORIENTED_EDGE('',*,*,#2452,.T.);
#3202=ORIENTED_EDGE('',*,*,#2454,.F.);
#3203=ORIENTED_EDGE('',*,*,#2455,.F.);
#3204=ORIENTED_EDGE('',*,*,#2456,.F.);
#3205=ORIENTED_EDGE('',*,*,#2457,.F.);
#3206=ORIENTED_EDGE('',*,*,#2456,.T.);
#3207=ORIENTED_EDGE('',*,*,#2458,.F.);
#3208=ORIENTED_EDGE('',*,*,#2459,.F.);
#3209=ORIENTED_EDGE('',*,*,#2460,.F.);
#3210=ORIENTED_EDGE('',*,*,#2459,.T.);
#3211=ORIENTED_EDGE('',*,*,#2461,.F.);
#3212=ORIENTED_EDGE('',*,*,#2444,.F.);
#3213=ORIENTED_EDGE('',*,*,#2441,.F.);
#3214=ORIENTED_EDGE('',*,*,#2462,.T.);
#3215=ORIENTED_EDGE('',*,*,#2463,.T.);
#3216=ORIENTED_EDGE('',*,*,#2462,.F.);
#3217=ORIENTED_EDGE('',*,*,#2437,.T.);
#3218=ORIENTED_EDGE('',*,*,#2464,.F.);
#3219=ORIENTED_EDGE('',*,*,#2451,.T.);
#3220=ORIENTED_EDGE('',*,*,#2448,.T.);
#3221=ORIENTED_EDGE('',*,*,#2445,.T.);
#3222=ORIENTED_EDGE('',*,*,#2461,.T.);
#3223=ORIENTED_EDGE('',*,*,#2458,.T.);
#3224=ORIENTED_EDGE('',*,*,#2455,.T.);
#3225=ORIENTED_EDGE('',*,*,#2465,.T.);
#3226=ORIENTED_EDGE('',*,*,#2464,.T.);
#3227=ORIENTED_EDGE('',*,*,#2465,.F.);
#3228=ORIENTED_EDGE('',*,*,#2454,.T.);
#3229=ORIENTED_EDGE('',*,*,#2453,.T.);
#3230=ORIENTED_EDGE('',*,*,#2457,.T.);
#3231=ORIENTED_EDGE('',*,*,#2460,.T.);
#3232=ORIENTED_EDGE('',*,*,#2443,.T.);
#3233=ORIENTED_EDGE('',*,*,#2447,.T.);
#3234=ORIENTED_EDGE('',*,*,#2450,.T.);
#3235=ORIENTED_EDGE('',*,*,#2463,.F.);
#3236=ORIENTED_EDGE('',*,*,#2466,.F.);
#3237=ORIENTED_EDGE('',*,*,#2467,.T.);
#3238=ORIENTED_EDGE('',*,*,#2468,.F.);
#3239=ORIENTED_EDGE('',*,*,#2469,.F.);
#3240=ORIENTED_EDGE('',*,*,#2470,.F.);
#3241=ORIENTED_EDGE('',*,*,#2471,.F.);
#3242=ORIENTED_EDGE('',*,*,#2472,.F.);
#3243=ORIENTED_EDGE('',*,*,#2473,.F.);
#3244=ORIENTED_EDGE('',*,*,#2467,.F.);
#3245=ORIENTED_EDGE('',*,*,#2474,.F.);
#3246=ORIENTED_EDGE('',*,*,#2475,.F.);
#3247=ORIENTED_EDGE('',*,*,#2476,.T.);
#3248=ORIENTED_EDGE('',*,*,#2474,.T.);
#3249=ORIENTED_EDGE('',*,*,#2466,.T.);
#3250=ORIENTED_EDGE('',*,*,#2476,.F.);
#3251=ORIENTED_EDGE('',*,*,#2473,.T.);
#3252=ORIENTED_EDGE('',*,*,#2477,.T.);
#3253=ORIENTED_EDGE('',*,*,#2478,.F.);
#3254=ORIENTED_EDGE('',*,*,#2479,.F.);
#3255=ORIENTED_EDGE('',*,*,#2472,.T.);
#3256=ORIENTED_EDGE('',*,*,#2480,.T.);
#3257=ORIENTED_EDGE('',*,*,#2481,.F.);
#3258=ORIENTED_EDGE('',*,*,#2482,.F.);
#3259=ORIENTED_EDGE('',*,*,#2477,.F.);
#3260=ORIENTED_EDGE('',*,*,#2471,.T.);
#3261=ORIENTED_EDGE('',*,*,#2483,.T.);
#3262=ORIENTED_EDGE('',*,*,#2484,.F.);
#3263=ORIENTED_EDGE('',*,*,#2480,.F.);
#3264=ORIENTED_EDGE('',*,*,#2470,.T.);
#3265=ORIENTED_EDGE('',*,*,#2485,.F.);
#3266=ORIENTED_EDGE('',*,*,#2486,.F.);
#3267=ORIENTED_EDGE('',*,*,#2483,.F.);
#3268=ORIENTED_EDGE('',*,*,#2469,.T.);
#3269=ORIENTED_EDGE('',*,*,#2487,.T.);
#3270=ORIENTED_EDGE('',*,*,#2488,.F.);
#3271=ORIENTED_EDGE('',*,*,#2485,.T.);
#3272=ORIENTED_EDGE('',*,*,#2475,.T.);
#3273=ORIENTED_EDGE('',*,*,#2489,.F.);
#3274=ORIENTED_EDGE('',*,*,#2468,.T.);
#3275=ORIENTED_EDGE('',*,*,#2479,.T.);
#3276=ORIENTED_EDGE('',*,*,#2490,.F.);
#3277=ORIENTED_EDGE('',*,*,#2487,.F.);
#3278=ORIENTED_EDGE('',*,*,#2491,.F.);
#3279=ORIENTED_EDGE('',*,*,#2492,.T.);
#3280=ORIENTED_EDGE('',*,*,#2486,.T.);
#3281=ORIENTED_EDGE('',*,*,#2488,.T.);
#3282=ORIENTED_EDGE('',*,*,#2490,.T.);
#3283=ORIENTED_EDGE('',*,*,#2478,.T.);
#3284=ORIENTED_EDGE('',*,*,#2482,.T.);
#3285=ORIENTED_EDGE('',*,*,#2493,.T.);
#3286=ORIENTED_EDGE('',*,*,#2491,.T.);
#3287=ORIENTED_EDGE('',*,*,#2493,.F.);
#3288=ORIENTED_EDGE('',*,*,#2481,.T.);
#3289=ORIENTED_EDGE('',*,*,#2484,.T.);
#3290=ORIENTED_EDGE('',*,*,#2489,.T.);
#3291=ORIENTED_EDGE('',*,*,#2494,.T.);
#3292=ORIENTED_EDGE('',*,*,#2492,.F.);
#3293=ORIENTED_EDGE('',*,*,#2494,.F.);
#3294=ORIENTED_EDGE('',*,*,#2495,.T.);
#3295=ORIENTED_EDGE('',*,*,#2496,.T.);
#3296=ORIENTED_EDGE('',*,*,#2497,.T.);
#3297=ORIENTED_EDGE('',*,*,#2498,.T.);
#3298=ORIENTED_EDGE('',*,*,#2499,.F.);
#3299=ORIENTED_EDGE('',*,*,#2500,.F.);
#3300=ORIENTED_EDGE('',*,*,#2501,.F.);
#3301=ORIENTED_EDGE('',*,*,#2496,.F.);
#3302=ORIENTED_EDGE('',*,*,#2501,.T.);
#3303=ORIENTED_EDGE('',*,*,#2502,.F.);
#3304=ORIENTED_EDGE('',*,*,#2503,.F.);
#3305=ORIENTED_EDGE('',*,*,#2497,.F.);
#3306=ORIENTED_EDGE('',*,*,#2503,.T.);
#3307=ORIENTED_EDGE('',*,*,#2504,.F.);
#3308=ORIENTED_EDGE('',*,*,#2505,.F.);
#3309=ORIENTED_EDGE('',*,*,#2498,.F.);
#3310=ORIENTED_EDGE('',*,*,#2505,.T.);
#3311=ORIENTED_EDGE('',*,*,#2506,.F.);
#3312=ORIENTED_EDGE('',*,*,#2499,.T.);
#3313=ORIENTED_EDGE('',*,*,#2495,.F.);
#3314=ORIENTED_EDGE('',*,*,#2506,.T.);
#3315=ORIENTED_EDGE('',*,*,#2504,.T.);
#3316=ORIENTED_EDGE('',*,*,#2502,.T.);
#3317=ORIENTED_EDGE('',*,*,#2500,.T.);
#3318=ORIENTED_EDGE('',*,*,#2507,.F.);
#3319=ORIENTED_EDGE('',*,*,#2508,.T.);
#3320=ORIENTED_EDGE('',*,*,#2509,.F.);
#3321=ORIENTED_EDGE('',*,*,#2508,.F.);
#3322=ORIENTED_EDGE('',*,*,#2510,.F.);
#3323=ORIENTED_EDGE('',*,*,#2511,.T.);
#3324=ORIENTED_EDGE('',*,*,#2512,.F.);
#3325=ORIENTED_EDGE('',*,*,#2511,.F.);
#3326=ORIENTED_EDGE('',*,*,#2513,.F.);
#3327=ORIENTED_EDGE('',*,*,#2514,.T.);
#3328=ORIENTED_EDGE('',*,*,#2515,.F.);
#3329=ORIENTED_EDGE('',*,*,#2514,.F.);
#3330=ORIENTED_EDGE('',*,*,#2516,.T.);
#3331=ORIENTED_EDGE('',*,*,#2517,.T.);
#3332=ORIENTED_EDGE('',*,*,#2518,.T.);
#3333=ORIENTED_EDGE('',*,*,#2519,.T.);
#3334=ORIENTED_EDGE('',*,*,#2520,.F.);
#3335=ORIENTED_EDGE('',*,*,#2521,.F.);
#3336=ORIENTED_EDGE('',*,*,#2522,.F.);
#3337=ORIENTED_EDGE('',*,*,#2517,.F.);
#3338=ORIENTED_EDGE('',*,*,#2509,.T.);
#3339=ORIENTED_EDGE('',*,*,#2512,.T.);
#3340=ORIENTED_EDGE('',*,*,#2515,.T.);
#3341=ORIENTED_EDGE('',*,*,#2522,.T.);
#3342=ORIENTED_EDGE('',*,*,#2523,.F.);
#3343=ORIENTED_EDGE('',*,*,#2524,.F.);
#3344=ORIENTED_EDGE('',*,*,#2518,.F.);
#3345=ORIENTED_EDGE('',*,*,#2524,.T.);
#3346=ORIENTED_EDGE('',*,*,#2525,.F.);
#3347=ORIENTED_EDGE('',*,*,#2526,.F.);
#3348=ORIENTED_EDGE('',*,*,#2519,.F.);
#3349=ORIENTED_EDGE('',*,*,#2507,.T.);
#3350=ORIENTED_EDGE('',*,*,#2510,.T.);
#3351=ORIENTED_EDGE('',*,*,#2513,.T.);
#3352=ORIENTED_EDGE('',*,*,#2526,.T.);
#3353=ORIENTED_EDGE('',*,*,#2527,.F.);
#3354=ORIENTED_EDGE('',*,*,#2520,.T.);
#3355=ORIENTED_EDGE('',*,*,#2516,.F.);
#3356=ORIENTED_EDGE('',*,*,#2527,.T.);
#3357=ORIENTED_EDGE('',*,*,#2525,.T.);
#3358=ORIENTED_EDGE('',*,*,#2523,.T.);
#3359=ORIENTED_EDGE('',*,*,#2521,.T.);
#3360=ORIENTED_EDGE('',*,*,#2528,.F.);
#3361=ORIENTED_EDGE('',*,*,#2529,.T.);
#3362=ORIENTED_EDGE('',*,*,#2530,.F.);
#3363=ORIENTED_EDGE('',*,*,#2529,.F.);
#3364=ORIENTED_EDGE('',*,*,#2531,.F.);
#3365=ORIENTED_EDGE('',*,*,#2532,.T.);
#3366=ORIENTED_EDGE('',*,*,#2533,.F.);
#3367=ORIENTED_EDGE('',*,*,#2532,.F.);
#3368=ORIENTED_EDGE('',*,*,#2534,.F.);
#3369=ORIENTED_EDGE('',*,*,#2535,.T.);
#3370=ORIENTED_EDGE('',*,*,#2536,.F.);
#3371=ORIENTED_EDGE('',*,*,#2535,.F.);
#3372=ORIENTED_EDGE('',*,*,#2537,.F.);
#3373=ORIENTED_EDGE('',*,*,#2538,.T.);
#3374=ORIENTED_EDGE('',*,*,#2539,.F.);
#3375=ORIENTED_EDGE('',*,*,#2538,.F.);
#3376=ORIENTED_EDGE('',*,*,#2540,.F.);
#3377=ORIENTED_EDGE('',*,*,#2541,.T.);
#3378=ORIENTED_EDGE('',*,*,#2542,.F.);
#3379=ORIENTED_EDGE('',*,*,#2541,.F.);
#3380=ORIENTED_EDGE('',*,*,#2543,.F.);
#3381=ORIENTED_EDGE('',*,*,#2544,.T.);
#3382=ORIENTED_EDGE('',*,*,#2545,.F.);
#3383=ORIENTED_EDGE('',*,*,#2544,.F.);
#3384=ORIENTED_EDGE('',*,*,#2546,.T.);
#3385=ORIENTED_EDGE('',*,*,#2547,.T.);
#3386=ORIENTED_EDGE('',*,*,#2548,.T.);
#3387=ORIENTED_EDGE('',*,*,#2549,.T.);
#3388=ORIENTED_EDGE('',*,*,#2550,.F.);
#3389=ORIENTED_EDGE('',*,*,#2551,.F.);
#3390=ORIENTED_EDGE('',*,*,#2552,.F.);
#3391=ORIENTED_EDGE('',*,*,#2547,.F.);
#3392=ORIENTED_EDGE('',*,*,#2552,.T.);
#3393=ORIENTED_EDGE('',*,*,#2553,.F.);
#3394=ORIENTED_EDGE('',*,*,#2554,.F.);
#3395=ORIENTED_EDGE('',*,*,#2548,.F.);
#3396=ORIENTED_EDGE('',*,*,#2528,.T.);
#3397=ORIENTED_EDGE('',*,*,#2531,.T.);
#3398=ORIENTED_EDGE('',*,*,#2534,.T.);
#3399=ORIENTED_EDGE('',*,*,#2537,.T.);
#3400=ORIENTED_EDGE('',*,*,#2540,.T.);
#3401=ORIENTED_EDGE('',*,*,#2543,.T.);
#3402=ORIENTED_EDGE('',*,*,#2554,.T.);
#3403=ORIENTED_EDGE('',*,*,#2555,.F.);
#3404=ORIENTED_EDGE('',*,*,#2556,.F.);
#3405=ORIENTED_EDGE('',*,*,#2549,.F.);
#3406=ORIENTED_EDGE('',*,*,#2556,.T.);
#3407=ORIENTED_EDGE('',*,*,#2557,.F.);
#3408=ORIENTED_EDGE('',*,*,#2550,.T.);
#3409=ORIENTED_EDGE('',*,*,#2546,.F.);
#3410=ORIENTED_EDGE('',*,*,#2530,.T.);
#3411=ORIENTED_EDGE('',*,*,#2533,.T.);
#3412=ORIENTED_EDGE('',*,*,#2536,.T.);
#3413=ORIENTED_EDGE('',*,*,#2539,.T.);
#3414=ORIENTED_EDGE('',*,*,#2542,.T.);
#3415=ORIENTED_EDGE('',*,*,#2545,.T.);
#3416=ORIENTED_EDGE('',*,*,#2557,.T.);
#3417=ORIENTED_EDGE('',*,*,#2555,.T.);
#3418=ORIENTED_EDGE('',*,*,#2553,.T.);
#3419=ORIENTED_EDGE('',*,*,#2551,.T.);
#3420=ORIENTED_EDGE('',*,*,#2558,.T.);
#3421=ORIENTED_EDGE('',*,*,#2559,.T.);
#3422=ORIENTED_EDGE('',*,*,#2560,.T.);
#3423=ORIENTED_EDGE('',*,*,#2561,.T.);
#3424=ORIENTED_EDGE('',*,*,#2562,.F.);
#3425=ORIENTED_EDGE('',*,*,#2563,.F.);
#3426=ORIENTED_EDGE('',*,*,#2564,.F.);
#3427=ORIENTED_EDGE('',*,*,#2559,.F.);
#3428=ORIENTED_EDGE('',*,*,#2564,.T.);
#3429=ORIENTED_EDGE('',*,*,#2565,.F.);
#3430=ORIENTED_EDGE('',*,*,#2566,.F.);
#3431=ORIENTED_EDGE('',*,*,#2560,.F.);
#3432=ORIENTED_EDGE('',*,*,#2566,.T.);
#3433=ORIENTED_EDGE('',*,*,#2567,.F.);
#3434=ORIENTED_EDGE('',*,*,#2568,.F.);
#3435=ORIENTED_EDGE('',*,*,#2561,.F.);
#3436=ORIENTED_EDGE('',*,*,#2568,.T.);
#3437=ORIENTED_EDGE('',*,*,#2569,.F.);
#3438=ORIENTED_EDGE('',*,*,#2562,.T.);
#3439=ORIENTED_EDGE('',*,*,#2558,.F.);
#3440=ORIENTED_EDGE('',*,*,#2569,.T.);
#3441=ORIENTED_EDGE('',*,*,#2567,.T.);
#3442=ORIENTED_EDGE('',*,*,#2565,.T.);
#3443=ORIENTED_EDGE('',*,*,#2563,.T.);
#3444=ORIENTED_EDGE('',*,*,#2570,.T.);
#3445=ORIENTED_EDGE('',*,*,#2571,.T.);
#3446=ORIENTED_EDGE('',*,*,#2572,.T.);
#3447=ORIENTED_EDGE('',*,*,#2573,.T.);
#3448=ORIENTED_EDGE('',*,*,#2574,.T.);
#3449=ORIENTED_EDGE('',*,*,#2575,.F.);
#3450=ORIENTED_EDGE('',*,*,#2576,.F.);
#3451=ORIENTED_EDGE('',*,*,#2577,.F.);
#3452=ORIENTED_EDGE('',*,*,#2571,.F.);
#3453=ORIENTED_EDGE('',*,*,#2577,.T.);
#3454=ORIENTED_EDGE('',*,*,#2578,.F.);
#3455=ORIENTED_EDGE('',*,*,#2579,.F.);
#3456=ORIENTED_EDGE('',*,*,#2572,.F.);
#3457=ORIENTED_EDGE('',*,*,#2579,.T.);
#3458=ORIENTED_EDGE('',*,*,#2580,.F.);
#3459=ORIENTED_EDGE('',*,*,#2581,.F.);
#3460=ORIENTED_EDGE('',*,*,#2573,.F.);
#3461=ORIENTED_EDGE('',*,*,#2581,.T.);
#3462=ORIENTED_EDGE('',*,*,#2582,.F.);
#3463=ORIENTED_EDGE('',*,*,#2583,.F.);
#3464=ORIENTED_EDGE('',*,*,#2574,.F.);
#3465=ORIENTED_EDGE('',*,*,#2583,.T.);
#3466=ORIENTED_EDGE('',*,*,#2584,.F.);
#3467=ORIENTED_EDGE('',*,*,#2575,.T.);
#3468=ORIENTED_EDGE('',*,*,#2570,.F.);
#3469=ORIENTED_EDGE('',*,*,#2584,.T.);
#3470=ORIENTED_EDGE('',*,*,#2582,.T.);
#3471=ORIENTED_EDGE('',*,*,#2580,.T.);
#3472=ORIENTED_EDGE('',*,*,#2578,.T.);
#3473=ORIENTED_EDGE('',*,*,#2576,.T.);
#3474=ORIENTED_EDGE('',*,*,#2585,.F.);
#3475=ORIENTED_EDGE('',*,*,#2586,.F.);
#3476=ORIENTED_EDGE('',*,*,#2587,.F.);
#3477=ORIENTED_EDGE('',*,*,#2588,.F.);
#3478=ORIENTED_EDGE('',*,*,#2589,.F.);
#3479=ORIENTED_EDGE('',*,*,#2590,.T.);
#3480=ORIENTED_EDGE('',*,*,#2589,.T.);
#3481=ORIENTED_EDGE('',*,*,#2591,.T.);
#3482=ORIENTED_EDGE('',*,*,#2592,.T.);
#3483=ORIENTED_EDGE('',*,*,#2591,.F.);
#3484=ORIENTED_EDGE('',*,*,#2588,.T.);
#3485=ORIENTED_EDGE('',*,*,#2593,.T.);
#3486=ORIENTED_EDGE('',*,*,#2594,.T.);
#3487=ORIENTED_EDGE('',*,*,#2593,.F.);
#3488=ORIENTED_EDGE('',*,*,#2587,.T.);
#3489=ORIENTED_EDGE('',*,*,#2595,.T.);
#3490=ORIENTED_EDGE('',*,*,#2596,.T.);
#3491=ORIENTED_EDGE('',*,*,#2595,.F.);
#3492=ORIENTED_EDGE('',*,*,#2586,.T.);
#3493=ORIENTED_EDGE('',*,*,#2597,.T.);
#3494=ORIENTED_EDGE('',*,*,#2598,.T.);
#3495=ORIENTED_EDGE('',*,*,#2597,.F.);
#3496=ORIENTED_EDGE('',*,*,#2585,.T.);
#3497=ORIENTED_EDGE('',*,*,#2590,.F.);
#3498=ORIENTED_EDGE('',*,*,#2599,.T.);
#3499=ORIENTED_EDGE('',*,*,#2599,.F.);
#3500=ORIENTED_EDGE('',*,*,#2592,.F.);
#3501=ORIENTED_EDGE('',*,*,#2594,.F.);
#3502=ORIENTED_EDGE('',*,*,#2596,.F.);
#3503=ORIENTED_EDGE('',*,*,#2598,.F.);
#3504=ORIENTED_EDGE('',*,*,#2600,.F.);
#3505=ORIENTED_EDGE('',*,*,#2601,.F.);
#3506=ORIENTED_EDGE('',*,*,#2602,.F.);
#3507=ORIENTED_EDGE('',*,*,#2603,.F.);
#3508=ORIENTED_EDGE('',*,*,#2604,.F.);
#3509=ORIENTED_EDGE('',*,*,#2605,.T.);
#3510=ORIENTED_EDGE('',*,*,#2604,.T.);
#3511=ORIENTED_EDGE('',*,*,#2606,.T.);
#3512=ORIENTED_EDGE('',*,*,#2607,.T.);
#3513=ORIENTED_EDGE('',*,*,#2606,.F.);
#3514=ORIENTED_EDGE('',*,*,#2603,.T.);
#3515=ORIENTED_EDGE('',*,*,#2608,.T.);
#3516=ORIENTED_EDGE('',*,*,#2609,.T.);
#3517=ORIENTED_EDGE('',*,*,#2608,.F.);
#3518=ORIENTED_EDGE('',*,*,#2602,.T.);
#3519=ORIENTED_EDGE('',*,*,#2610,.T.);
#3520=ORIENTED_EDGE('',*,*,#2611,.T.);
#3521=ORIENTED_EDGE('',*,*,#2610,.F.);
#3522=ORIENTED_EDGE('',*,*,#2601,.T.);
#3523=ORIENTED_EDGE('',*,*,#2612,.T.);
#3524=ORIENTED_EDGE('',*,*,#2613,.T.);
#3525=ORIENTED_EDGE('',*,*,#2612,.F.);
#3526=ORIENTED_EDGE('',*,*,#2600,.T.);
#3527=ORIENTED_EDGE('',*,*,#2605,.F.);
#3528=ORIENTED_EDGE('',*,*,#2614,.T.);
#3529=ORIENTED_EDGE('',*,*,#2614,.F.);
#3530=ORIENTED_EDGE('',*,*,#2607,.F.);
#3531=ORIENTED_EDGE('',*,*,#2609,.F.);
#3532=ORIENTED_EDGE('',*,*,#2611,.F.);
#3533=ORIENTED_EDGE('',*,*,#2613,.F.);
#3534=ORIENTED_EDGE('',*,*,#2615,.T.);
#3535=ORIENTED_EDGE('',*,*,#2616,.T.);
#3536=ORIENTED_EDGE('',*,*,#2617,.T.);
#3537=ORIENTED_EDGE('',*,*,#2618,.T.);
#3538=ORIENTED_EDGE('',*,*,#2619,.T.);
#3539=ORIENTED_EDGE('',*,*,#2620,.F.);
#3540=ORIENTED_EDGE('',*,*,#2621,.F.);
#3541=ORIENTED_EDGE('',*,*,#2622,.F.);
#3542=ORIENTED_EDGE('',*,*,#2616,.F.);
#3543=ORIENTED_EDGE('',*,*,#2622,.T.);
#3544=ORIENTED_EDGE('',*,*,#2623,.F.);
#3545=ORIENTED_EDGE('',*,*,#2624,.F.);
#3546=ORIENTED_EDGE('',*,*,#2617,.F.);
#3547=ORIENTED_EDGE('',*,*,#2624,.T.);
#3548=ORIENTED_EDGE('',*,*,#2625,.F.);
#3549=ORIENTED_EDGE('',*,*,#2626,.F.);
#3550=ORIENTED_EDGE('',*,*,#2618,.F.);
#3551=ORIENTED_EDGE('',*,*,#2626,.T.);
#3552=ORIENTED_EDGE('',*,*,#2627,.F.);
#3553=ORIENTED_EDGE('',*,*,#2628,.F.);
#3554=ORIENTED_EDGE('',*,*,#2619,.F.);
#3555=ORIENTED_EDGE('',*,*,#2628,.T.);
#3556=ORIENTED_EDGE('',*,*,#2629,.F.);
#3557=ORIENTED_EDGE('',*,*,#2620,.T.);
#3558=ORIENTED_EDGE('',*,*,#2615,.F.);
#3559=ORIENTED_EDGE('',*,*,#2629,.T.);
#3560=ORIENTED_EDGE('',*,*,#2627,.T.);
#3561=ORIENTED_EDGE('',*,*,#2625,.T.);
#3562=ORIENTED_EDGE('',*,*,#2623,.T.);
#3563=ORIENTED_EDGE('',*,*,#2621,.T.);
#3564=ORIENTED_EDGE('',*,*,#2630,.F.);
#3565=ORIENTED_EDGE('',*,*,#2631,.F.);
#3566=ORIENTED_EDGE('',*,*,#2632,.F.);
#3567=ORIENTED_EDGE('',*,*,#2633,.F.);
#3568=ORIENTED_EDGE('',*,*,#2631,.T.);
#3569=ORIENTED_EDGE('',*,*,#2634,.T.);
#3570=ORIENTED_EDGE('',*,*,#2635,.T.);
#3571=ORIENTED_EDGE('',*,*,#2636,.T.);
#3572=ORIENTED_EDGE('',*,*,#2637,.T.);
#3573=ORIENTED_EDGE('',*,*,#2630,.T.);
#3574=ORIENTED_EDGE('',*,*,#2638,.F.);
#3575=ORIENTED_EDGE('',*,*,#2639,.F.);
#3576=ORIENTED_EDGE('',*,*,#2634,.F.);
#3577=ORIENTED_EDGE('',*,*,#2633,.T.);
#3578=ORIENTED_EDGE('',*,*,#2640,.T.);
#3579=ORIENTED_EDGE('',*,*,#2641,.T.);
#3580=ORIENTED_EDGE('',*,*,#2642,.T.);
#3581=ORIENTED_EDGE('',*,*,#2638,.T.);
#3582=ORIENTED_EDGE('',*,*,#2632,.T.);
#3583=ORIENTED_EDGE('',*,*,#2637,.F.);
#3584=ORIENTED_EDGE('',*,*,#2643,.F.);
#3585=ORIENTED_EDGE('',*,*,#2640,.F.);
#3586=ORIENTED_EDGE('',*,*,#2643,.T.);
#3587=ORIENTED_EDGE('',*,*,#2636,.F.);
#3588=ORIENTED_EDGE('',*,*,#2644,.F.);
#3589=ORIENTED_EDGE('',*,*,#2641,.F.);
#3590=ORIENTED_EDGE('',*,*,#2644,.T.);
#3591=ORIENTED_EDGE('',*,*,#2635,.F.);
#3592=ORIENTED_EDGE('',*,*,#2639,.T.);
#3593=ORIENTED_EDGE('',*,*,#2642,.F.);
#3594=ORIENTED_EDGE('',*,*,#2645,.F.);
#3595=ORIENTED_EDGE('',*,*,#2646,.F.);
#3596=ORIENTED_EDGE('',*,*,#2647,.F.);
#3597=ORIENTED_EDGE('',*,*,#2648,.F.);
#3598=ORIENTED_EDGE('',*,*,#2646,.T.);
#3599=ORIENTED_EDGE('',*,*,#2649,.F.);
#3600=ORIENTED_EDGE('',*,*,#2650,.F.);
#3601=ORIENTED_EDGE('',*,*,#2651,.F.);
#3602=ORIENTED_EDGE('',*,*,#2652,.F.);
#3603=ORIENTED_EDGE('',*,*,#2645,.T.);
#3604=ORIENTED_EDGE('',*,*,#2653,.T.);
#3605=ORIENTED_EDGE('',*,*,#2654,.T.);
#3606=ORIENTED_EDGE('',*,*,#2649,.T.);
#3607=ORIENTED_EDGE('',*,*,#2647,.T.);
#3608=ORIENTED_EDGE('',*,*,#2652,.T.);
#3609=ORIENTED_EDGE('',*,*,#2655,.T.);
#3610=ORIENTED_EDGE('',*,*,#2656,.T.);
#3611=ORIENTED_EDGE('',*,*,#2655,.F.);
#3612=ORIENTED_EDGE('',*,*,#2651,.T.);
#3613=ORIENTED_EDGE('',*,*,#2657,.T.);
#3614=ORIENTED_EDGE('',*,*,#2658,.T.);
#3615=ORIENTED_EDGE('',*,*,#2657,.F.);
#3616=ORIENTED_EDGE('',*,*,#2650,.T.);
#3617=ORIENTED_EDGE('',*,*,#2654,.F.);
#3618=ORIENTED_EDGE('',*,*,#2659,.T.);
#3619=ORIENTED_EDGE('',*,*,#2648,.T.);
#3620=ORIENTED_EDGE('',*,*,#2656,.F.);
#3621=ORIENTED_EDGE('',*,*,#2658,.F.);
#3622=ORIENTED_EDGE('',*,*,#2659,.F.);
#3623=ORIENTED_EDGE('',*,*,#2653,.F.);
#3624=ORIENTED_EDGE('',*,*,#2660,.F.);
#3625=ORIENTED_EDGE('',*,*,#2661,.F.);
#3626=ORIENTED_EDGE('',*,*,#2662,.T.);
#3627=ORIENTED_EDGE('',*,*,#2663,.F.);
#3628=ORIENTED_EDGE('',*,*,#2664,.F.);
#3629=ORIENTED_EDGE('',*,*,#2665,.F.);
#3630=ORIENTED_EDGE('',*,*,#2660,.T.);
#3631=ORIENTED_EDGE('',*,*,#2666,.F.);
#3632=ORIENTED_EDGE('',*,*,#2667,.T.);
#3633=ORIENTED_EDGE('',*,*,#2668,.T.);
#3634=ORIENTED_EDGE('',*,*,#2667,.F.);
#3635=ORIENTED_EDGE('',*,*,#2669,.T.);
#3636=ORIENTED_EDGE('',*,*,#2670,.F.);
#3637=ORIENTED_EDGE('',*,*,#2669,.F.);
#3638=ORIENTED_EDGE('',*,*,#2668,.F.);
#3639=ORIENTED_EDGE('',*,*,#2671,.T.);
#3640=ORIENTED_EDGE('',*,*,#2672,.F.);
#3641=ORIENTED_EDGE('',*,*,#2671,.F.);
#3642=ORIENTED_EDGE('',*,*,#2664,.T.);
#3643=ORIENTED_EDGE('',*,*,#2673,.F.);
#3644=ORIENTED_EDGE('',*,*,#2674,.F.);
#3645=ORIENTED_EDGE('',*,*,#2675,.F.);
#3646=ORIENTED_EDGE('',*,*,#2676,.F.);
#3647=ORIENTED_EDGE('',*,*,#2674,.T.);
#3648=ORIENTED_EDGE('',*,*,#2677,.F.);
#3649=ORIENTED_EDGE('',*,*,#2662,.F.);
#3650=ORIENTED_EDGE('',*,*,#2670,.T.);
#3651=ORIENTED_EDGE('',*,*,#2672,.T.);
#3652=ORIENTED_EDGE('',*,*,#2666,.T.);
#3653=ORIENTED_EDGE('',*,*,#2663,.T.);
#3654=ORIENTED_EDGE('',*,*,#2677,.T.);
#3655=ORIENTED_EDGE('',*,*,#2673,.T.);
#3656=ORIENTED_EDGE('',*,*,#2665,.T.);
#3657=ORIENTED_EDGE('',*,*,#2675,.T.);
#3658=ORIENTED_EDGE('',*,*,#2676,.T.);
#3659=ORIENTED_EDGE('',*,*,#2661,.T.);
#3660=ORIENTED_EDGE('',*,*,#2678,.F.);
#3661=ORIENTED_EDGE('',*,*,#2679,.F.);
#3662=ORIENTED_EDGE('',*,*,#2680,.F.);
#3663=ORIENTED_EDGE('',*,*,#2681,.F.);
#3664=ORIENTED_EDGE('',*,*,#2679,.T.);
#3665=ORIENTED_EDGE('',*,*,#2682,.F.);
#3666=ORIENTED_EDGE('',*,*,#2683,.F.);
#3667=ORIENTED_EDGE('',*,*,#2684,.F.);
#3668=ORIENTED_EDGE('',*,*,#2685,.F.);
#3669=ORIENTED_EDGE('',*,*,#2678,.T.);
#3670=ORIENTED_EDGE('',*,*,#2686,.T.);
#3671=ORIENTED_EDGE('',*,*,#2687,.T.);
#3672=ORIENTED_EDGE('',*,*,#2682,.T.);
#3673=ORIENTED_EDGE('',*,*,#2680,.T.);
#3674=ORIENTED_EDGE('',*,*,#2685,.T.);
#3675=ORIENTED_EDGE('',*,*,#2688,.T.);
#3676=ORIENTED_EDGE('',*,*,#2689,.T.);
#3677=ORIENTED_EDGE('',*,*,#2688,.F.);
#3678=ORIENTED_EDGE('',*,*,#2684,.T.);
#3679=ORIENTED_EDGE('',*,*,#2690,.T.);
#3680=ORIENTED_EDGE('',*,*,#2691,.T.);
#3681=ORIENTED_EDGE('',*,*,#2690,.F.);
#3682=ORIENTED_EDGE('',*,*,#2683,.T.);
#3683=ORIENTED_EDGE('',*,*,#2687,.F.);
#3684=ORIENTED_EDGE('',*,*,#2692,.T.);
#3685=ORIENTED_EDGE('',*,*,#2681,.T.);
#3686=ORIENTED_EDGE('',*,*,#2689,.F.);
#3687=ORIENTED_EDGE('',*,*,#2691,.F.);
#3688=ORIENTED_EDGE('',*,*,#2692,.F.);
#3689=ORIENTED_EDGE('',*,*,#2686,.F.);
#3690=ORIENTED_EDGE('',*,*,#2693,.F.);
#3691=ORIENTED_EDGE('',*,*,#2694,.F.);
#3692=ORIENTED_EDGE('',*,*,#2695,.F.);
#3693=ORIENTED_EDGE('',*,*,#2696,.F.);
#3694=ORIENTED_EDGE('',*,*,#2694,.T.);
#3695=ORIENTED_EDGE('',*,*,#2697,.T.);
#3696=ORIENTED_EDGE('',*,*,#2698,.T.);
#3697=ORIENTED_EDGE('',*,*,#2699,.T.);
#3698=ORIENTED_EDGE('',*,*,#2700,.T.);
#3699=ORIENTED_EDGE('',*,*,#2693,.T.);
#3700=ORIENTED_EDGE('',*,*,#2701,.F.);
#3701=ORIENTED_EDGE('',*,*,#2702,.F.);
#3702=ORIENTED_EDGE('',*,*,#2697,.F.);
#3703=ORIENTED_EDGE('',*,*,#2696,.T.);
#3704=ORIENTED_EDGE('',*,*,#2703,.T.);
#3705=ORIENTED_EDGE('',*,*,#2704,.T.);
#3706=ORIENTED_EDGE('',*,*,#2705,.T.);
#3707=ORIENTED_EDGE('',*,*,#2701,.T.);
#3708=ORIENTED_EDGE('',*,*,#2695,.T.);
#3709=ORIENTED_EDGE('',*,*,#2700,.F.);
#3710=ORIENTED_EDGE('',*,*,#2706,.F.);
#3711=ORIENTED_EDGE('',*,*,#2703,.F.);
#3712=ORIENTED_EDGE('',*,*,#2706,.T.);
#3713=ORIENTED_EDGE('',*,*,#2699,.F.);
#3714=ORIENTED_EDGE('',*,*,#2707,.F.);
#3715=ORIENTED_EDGE('',*,*,#2704,.F.);
#3716=ORIENTED_EDGE('',*,*,#2707,.T.);
#3717=ORIENTED_EDGE('',*,*,#2698,.F.);
#3718=ORIENTED_EDGE('',*,*,#2702,.T.);
#3719=ORIENTED_EDGE('',*,*,#2705,.F.);
#3720=ORIENTED_EDGE('',*,*,#2708,.F.);
#3721=ORIENTED_EDGE('',*,*,#2709,.T.);
#3722=ORIENTED_EDGE('',*,*,#2710,.F.);
#3723=ORIENTED_EDGE('',*,*,#2711,.T.);
#3724=ORIENTED_EDGE('',*,*,#2712,.T.);
#3725=ORIENTED_EDGE('',*,*,#2713,.T.);
#3726=ORIENTED_EDGE('',*,*,#2708,.T.);
#3727=ORIENTED_EDGE('',*,*,#2714,.T.);
#3728=ORIENTED_EDGE('',*,*,#2715,.F.);
#3729=ORIENTED_EDGE('',*,*,#2716,.F.);
#3730=ORIENTED_EDGE('',*,*,#2715,.T.);
#3731=ORIENTED_EDGE('',*,*,#2717,.T.);
#3732=ORIENTED_EDGE('',*,*,#2718,.T.);
#3733=ORIENTED_EDGE('',*,*,#2717,.F.);
#3734=ORIENTED_EDGE('',*,*,#2716,.T.);
#3735=ORIENTED_EDGE('',*,*,#2719,.T.);
#3736=ORIENTED_EDGE('',*,*,#2720,.T.);
#3737=ORIENTED_EDGE('',*,*,#2719,.F.);
#3738=ORIENTED_EDGE('',*,*,#2712,.F.);
#3739=ORIENTED_EDGE('',*,*,#2721,.T.);
#3740=ORIENTED_EDGE('',*,*,#2722,.T.);
#3741=ORIENTED_EDGE('',*,*,#2723,.T.);
#3742=ORIENTED_EDGE('',*,*,#2724,.T.);
#3743=ORIENTED_EDGE('',*,*,#2710,.T.);
#3744=ORIENTED_EDGE('',*,*,#2725,.T.);
#3745=ORIENTED_EDGE('',*,*,#2722,.F.);
#3746=ORIENTED_EDGE('',*,*,#2718,.F.);
#3747=ORIENTED_EDGE('',*,*,#2720,.F.);
#3748=ORIENTED_EDGE('',*,*,#2713,.F.);
#3749=ORIENTED_EDGE('',*,*,#2723,.F.);
#3750=ORIENTED_EDGE('',*,*,#2725,.F.);
#3751=ORIENTED_EDGE('',*,*,#2709,.F.);
#3752=ORIENTED_EDGE('',*,*,#2714,.F.);
#3753=ORIENTED_EDGE('',*,*,#2711,.F.);
#3754=ORIENTED_EDGE('',*,*,#2724,.F.);
#3755=ORIENTED_EDGE('',*,*,#2721,.F.);
#3756=CYLINDRICAL_SURFACE('',#4189,2.5);
#3757=CYLINDRICAL_SURFACE('',#4192,2.5);
#3758=CYLINDRICAL_SURFACE('',#4195,2.5);
#3759=CYLINDRICAL_SURFACE('',#4199,212.132034355964);
#3760=CYLINDRICAL_SURFACE('',#4206,212.132034355964);
#3761=CYLINDRICAL_SURFACE('',#4257,100.);
#3762=CYLINDRICAL_SURFACE('',#4261,104.);
#3763=CYLINDRICAL_SURFACE('',#4266,100.);
#3764=CYLINDRICAL_SURFACE('',#4270,104.);
#3765=CYLINDRICAL_SURFACE('',#4277,100.);
#3766=CYLINDRICAL_SURFACE('',#4281,104.);
#3767=CYLINDRICAL_SURFACE('',#4286,104.);
#3768=CYLINDRICAL_SURFACE('',#4290,100.);
#3769=CYLINDRICAL_SURFACE('',#4320,3.933);
#3770=CYLINDRICAL_SURFACE('',#4344,3.933);
#3771=CYLINDRICAL_SURFACE('',#4377,3.38975);
#3772=CYLINDRICAL_SURFACE('',#4384,2.5);
#3773=CYLINDRICAL_SURFACE('',#4387,2.5);
#3774=CYLINDRICAL_SURFACE('',#4390,2.5);
#3775=CYLINDRICAL_SURFACE('',#4399,4.);
#3776=CYLINDRICAL_SURFACE('',#4402,4.00000000000002);
#3777=CYLINDRICAL_SURFACE('',#4405,5.);
#3778=CYLINDRICAL_SURFACE('',#4408,5.);
#3779=CYLINDRICAL_SURFACE('',#4411,5.);
#3780=CYLINDRICAL_SURFACE('',#4414,5.);
#3781=CYLINDRICAL_SURFACE('',#4434,104.);
#3782=CYLINDRICAL_SURFACE('',#4443,104.);
#3783=CYLINDRICAL_SURFACE('',#4452,104.);
#3784=CYLINDRICAL_SURFACE('',#4461,104.);
#3785=CYLINDRICAL_SURFACE('',#4472,104.);
#3786=CYLINDRICAL_SURFACE('',#4479,104.);
#3787=CYLINDRICAL_SURFACE('',#4487,4.09999999999997);
#3788=CYLINDRICAL_SURFACE('',#4489,4.09999999999997);
#3789=CYLINDRICAL_SURFACE('',#4500,104.);
#3790=CYLINDRICAL_SURFACE('',#4511,104.);
#3791=CYLINDRICAL_SURFACE('',#4517,4.09999999999997);
#3792=CYLINDRICAL_SURFACE('',#4519,4.09999999999997);
#3793=ADVANCED_FACE('',(#473),#3756,.F.);
#3794=ADVANCED_FACE('',(#474),#3757,.F.);
#3795=ADVANCED_FACE('',(#475),#3758,.F.);
#3796=ADVANCED_FACE('',(#476),#287,.T.);
#3797=ADVANCED_FACE('',(#477),#3759,.T.);
#3798=ADVANCED_FACE('',(#478,#241,#242,#243),#288,.T.);
#3799=ADVANCED_FACE('',(#479,#244,#245,#246),#289,.F.);
#3800=ADVANCED_FACE('',(#480),#290,.F.);
#3801=ADVANCED_FACE('',(#481),#3760,.T.);
#3802=ADVANCED_FACE('',(#482),#291,.F.);
#3803=ADVANCED_FACE('',(#483),#292,.T.);
#3804=ADVANCED_FACE('',(#484),#293,.F.);
#3805=ADVANCED_FACE('',(#485),#294,.F.);
#3806=ADVANCED_FACE('',(#486),#295,.F.);
#3807=ADVANCED_FACE('',(#487),#296,.F.);
#3808=ADVANCED_FACE('',(#488),#297,.F.);
#3809=ADVANCED_FACE('',(#489),#298,.F.);
#3810=ADVANCED_FACE('',(#490),#299,.F.);
#3811=ADVANCED_FACE('',(#491),#300,.F.);
#3812=ADVANCED_FACE('',(#492),#301,.F.);
#3813=ADVANCED_FACE('',(#493),#302,.F.);
#3814=ADVANCED_FACE('',(#494,#247),#303,.T.);
#3815=ADVANCED_FACE('',(#495,#248),#304,.T.);
#3816=ADVANCED_FACE('',(#496),#305,.T.);
#3817=ADVANCED_FACE('',(#497),#306,.T.);
#3818=ADVANCED_FACE('',(#498),#307,.T.);
#3819=ADVANCED_FACE('',(#499),#308,.T.);
#3820=ADVANCED_FACE('',(#500,#249),#309,.T.);
#3821=ADVANCED_FACE('',(#501),#310,.T.);
#3822=ADVANCED_FACE('',(#502),#311,.T.);
#3823=ADVANCED_FACE('',(#503,#250),#312,.F.);
#3824=ADVANCED_FACE('',(#504),#313,.T.);
#3825=ADVANCED_FACE('',(#505),#314,.T.);
#3826=ADVANCED_FACE('',(#506),#315,.T.);
#3827=ADVANCED_FACE('',(#507),#316,.T.);
#3828=ADVANCED_FACE('',(#508),#317,.T.);
#3829=ADVANCED_FACE('',(#509),#318,.T.);
#3830=ADVANCED_FACE('',(#510),#319,.T.);
#3831=ADVANCED_FACE('',(#511),#320,.T.);
#3832=ADVANCED_FACE('',(#512),#321,.T.);
#3833=ADVANCED_FACE('',(#513),#322,.T.);
#3834=ADVANCED_FACE('',(#514,#251),#323,.F.);
#3835=ADVANCED_FACE('',(#515,#252),#324,.F.);
#3836=ADVANCED_FACE('',(#516),#325,.F.);
#3837=ADVANCED_FACE('',(#517),#326,.F.);
#3838=ADVANCED_FACE('',(#518),#327,.F.);
#3839=ADVANCED_FACE('',(#519),#328,.F.);
#3840=ADVANCED_FACE('',(#520,#253),#329,.F.);
#3841=ADVANCED_FACE('',(#521),#330,.F.);
#3842=ADVANCED_FACE('',(#522),#331,.F.);
#3843=ADVANCED_FACE('',(#523,#254),#332,.T.);
#3844=ADVANCED_FACE('',(#524),#333,.T.);
#3845=ADVANCED_FACE('',(#525),#3761,.F.);
#3846=ADVANCED_FACE('',(#526),#334,.T.);
#3847=ADVANCED_FACE('',(#527),#3762,.T.);
#3848=ADVANCED_FACE('',(#528),#335,.T.);
#3849=ADVANCED_FACE('',(#529),#336,.F.);
#3850=ADVANCED_FACE('',(#530),#3763,.F.);
#3851=ADVANCED_FACE('',(#531),#337,.T.);
#3852=ADVANCED_FACE('',(#532),#3764,.T.);
#3853=ADVANCED_FACE('',(#533),#338,.T.);
#3854=ADVANCED_FACE('',(#534),#339,.T.);
#3855=ADVANCED_FACE('',(#535),#340,.F.);
#3856=ADVANCED_FACE('',(#536),#341,.T.);
#3857=ADVANCED_FACE('',(#537),#3765,.F.);
#3858=ADVANCED_FACE('',(#538),#342,.T.);
#3859=ADVANCED_FACE('',(#539),#3766,.T.);
#3860=ADVANCED_FACE('',(#540),#343,.T.);
#3861=ADVANCED_FACE('',(#541),#344,.F.);
#3862=ADVANCED_FACE('',(#542),#3767,.T.);
#3863=ADVANCED_FACE('',(#543),#345,.T.);
#3864=ADVANCED_FACE('',(#544),#3768,.F.);
#3865=ADVANCED_FACE('',(#545),#346,.T.);
#3866=ADVANCED_FACE('',(#546),#347,.T.);
#3867=ADVANCED_FACE('',(#547),#348,.F.);
#3868=ADVANCED_FACE('',(#548),#349,.T.);
#3869=ADVANCED_FACE('',(#549),#350,.T.);
#3870=ADVANCED_FACE('',(#550),#351,.T.);
#3871=ADVANCED_FACE('',(#551),#352,.T.);
#3872=ADVANCED_FACE('',(#552),#353,.T.);
#3873=ADVANCED_FACE('',(#553),#354,.F.);
#3874=ADVANCED_FACE('',(#554),#355,.F.);
#3875=ADVANCED_FACE('',(#555),#356,.F.);
#3876=ADVANCED_FACE('',(#556),#357,.F.);
#3877=ADVANCED_FACE('',(#557),#358,.F.);
#3878=ADVANCED_FACE('',(#558),#359,.F.);
#3879=ADVANCED_FACE('',(#559),#360,.T.);
#3880=ADVANCED_FACE('',(#560),#157,.T.);
#3881=ADVANCED_FACE('',(#561),#154,.F.);
#3882=ADVANCED_FACE('',(#562,#255),#361,.T.);
#3883=ADVANCED_FACE('',(#563),#3769,.T.);
#3884=ADVANCED_FACE('',(#564),#362,.F.);
#3885=ADVANCED_FACE('',(#565),#363,.F.);
#3886=ADVANCED_FACE('',(#566),#364,.F.);
#3887=ADVANCED_FACE('',(#567),#365,.F.);
#3888=ADVANCED_FACE('',(#568),#366,.F.);
#3889=ADVANCED_FACE('',(#569),#367,.F.);
#3890=ADVANCED_FACE('',(#570),#158,.T.);
#3891=ADVANCED_FACE('',(#571),#368,.T.);
#3892=ADVANCED_FACE('',(#572),#369,.T.);
#3893=ADVANCED_FACE('',(#573),#159,.T.);
#3894=ADVANCED_FACE('',(#574,#256),#370,.T.);
#3895=ADVANCED_FACE('',(#575),#160,.T.);
#3896=ADVANCED_FACE('',(#576),#155,.F.);
#3897=ADVANCED_FACE('',(#577,#257),#371,.T.);
#3898=ADVANCED_FACE('',(#578),#3770,.T.);
#3899=ADVANCED_FACE('',(#579),#372,.F.);
#3900=ADVANCED_FACE('',(#580),#373,.F.);
#3901=ADVANCED_FACE('',(#581),#374,.F.);
#3902=ADVANCED_FACE('',(#582),#375,.F.);
#3903=ADVANCED_FACE('',(#583),#376,.F.);
#3904=ADVANCED_FACE('',(#584),#377,.F.);
#3905=ADVANCED_FACE('',(#585),#161,.T.);
#3906=ADVANCED_FACE('',(#586),#378,.T.);
#3907=ADVANCED_FACE('',(#587),#379,.T.);
#3908=ADVANCED_FACE('',(#588),#162,.T.);
#3909=ADVANCED_FACE('',(#589,#258),#380,.T.);
#3910=ADVANCED_FACE('',(#590),#163,.T.);
#3911=ADVANCED_FACE('',(#591),#156,.T.);
#3912=ADVANCED_FACE('',(#592),#381,.F.);
#3913=ADVANCED_FACE('',(#593),#382,.F.);
#3914=ADVANCED_FACE('',(#594),#383,.F.);
#3915=ADVANCED_FACE('',(#595),#384,.F.);
#3916=ADVANCED_FACE('',(#596),#385,.F.);
#3917=ADVANCED_FACE('',(#597,#259),#386,.T.);
#3918=ADVANCED_FACE('',(#598),#387,.F.);
#3919=ADVANCED_FACE('',(#599,#260),#388,.T.);
#3920=ADVANCED_FACE('',(#600),#164,.T.);
#3921=ADVANCED_FACE('',(#601),#3771,.F.);
#3922=ADVANCED_FACE('',(#602),#389,.T.);
#3923=ADVANCED_FACE('',(#603),#390,.T.);
#3924=ADVANCED_FACE('',(#604),#391,.T.);
#3925=ADVANCED_FACE('',(#605),#392,.T.);
#3926=ADVANCED_FACE('',(#606),#393,.T.);
#3927=ADVANCED_FACE('',(#607),#394,.T.);
#3928=ADVANCED_FACE('',(#608),#3772,.F.);
#3929=ADVANCED_FACE('',(#609),#3773,.F.);
#3930=ADVANCED_FACE('',(#610),#3774,.F.);
#3931=ADVANCED_FACE('',(#611),#395,.T.);
#3932=ADVANCED_FACE('',(#612,#261,#262,#263),#396,.T.);
#3933=ADVANCED_FACE('',(#613),#397,.T.);
#3934=ADVANCED_FACE('',(#614,#264,#265,#266),#398,.T.);
#3935=ADVANCED_FACE('',(#615),#399,.T.);
#3936=ADVANCED_FACE('',(#616),#400,.T.);
#3937=ADVANCED_FACE('',(#617),#3775,.F.);
#3938=ADVANCED_FACE('',(#618),#3776,.F.);
#3939=ADVANCED_FACE('',(#619),#3777,.F.);
#3940=ADVANCED_FACE('',(#620),#3778,.F.);
#3941=ADVANCED_FACE('',(#621),#3779,.F.);
#3942=ADVANCED_FACE('',(#622),#3780,.F.);
#3943=ADVANCED_FACE('',(#623),#401,.T.);
#3944=ADVANCED_FACE('',(#624),#402,.T.);
#3945=ADVANCED_FACE('',(#625,#267,#268,#269,#270,#271,#272),#403,.T.);
#3946=ADVANCED_FACE('',(#626),#404,.T.);
#3947=ADVANCED_FACE('',(#627,#273,#274,#275,#276,#277,#278),#405,.T.);
#3948=ADVANCED_FACE('',(#628),#406,.T.);
#3949=ADVANCED_FACE('',(#629),#407,.T.);
#3950=ADVANCED_FACE('',(#630),#408,.T.);
#3951=ADVANCED_FACE('',(#631),#409,.T.);
#3952=ADVANCED_FACE('',(#632),#410,.T.);
#3953=ADVANCED_FACE('',(#633),#411,.T.);
#3954=ADVANCED_FACE('',(#634),#412,.T.);
#3955=ADVANCED_FACE('',(#635),#413,.F.);
#3956=ADVANCED_FACE('',(#636),#414,.T.);
#3957=ADVANCED_FACE('',(#637),#415,.T.);
#3958=ADVANCED_FACE('',(#638),#416,.T.);
#3959=ADVANCED_FACE('',(#639),#3781,.F.);
#3960=ADVANCED_FACE('',(#640),#417,.T.);
#3961=ADVANCED_FACE('',(#641),#418,.T.);
#3962=ADVANCED_FACE('',(#642),#419,.T.);
#3963=ADVANCED_FACE('',(#643),#420,.F.);
#3964=ADVANCED_FACE('',(#644),#421,.F.);
#3965=ADVANCED_FACE('',(#645),#422,.F.);
#3966=ADVANCED_FACE('',(#646),#3782,.F.);
#3967=ADVANCED_FACE('',(#647),#423,.F.);
#3968=ADVANCED_FACE('',(#648),#424,.F.);
#3969=ADVANCED_FACE('',(#649),#425,.T.);
#3970=ADVANCED_FACE('',(#650),#426,.F.);
#3971=ADVANCED_FACE('',(#651),#427,.F.);
#3972=ADVANCED_FACE('',(#652),#428,.F.);
#3973=ADVANCED_FACE('',(#653),#3783,.F.);
#3974=ADVANCED_FACE('',(#654),#429,.F.);
#3975=ADVANCED_FACE('',(#655),#430,.F.);
#3976=ADVANCED_FACE('',(#656),#431,.F.);
#3977=ADVANCED_FACE('',(#657),#432,.T.);
#3978=ADVANCED_FACE('',(#658),#433,.T.);
#3979=ADVANCED_FACE('',(#659),#434,.T.);
#3980=ADVANCED_FACE('',(#660),#3784,.F.);
#3981=ADVANCED_FACE('',(#661),#435,.T.);
#3982=ADVANCED_FACE('',(#662),#436,.T.);
#3983=ADVANCED_FACE('',(#663),#437,.F.);
#3984=ADVANCED_FACE('',(#664),#438,.T.);
#3985=ADVANCED_FACE('',(#665),#439,.T.);
#3986=ADVANCED_FACE('',(#666),#440,.F.);
#3987=ADVANCED_FACE('',(#667),#441,.T.);
#3988=ADVANCED_FACE('',(#668),#3785,.F.);
#3989=ADVANCED_FACE('',(#669),#442,.T.);
#3990=ADVANCED_FACE('',(#670),#443,.F.);
#3991=ADVANCED_FACE('',(#671),#444,.T.);
#3992=ADVANCED_FACE('',(#672),#445,.F.);
#3993=ADVANCED_FACE('',(#673),#446,.F.);
#3994=ADVANCED_FACE('',(#674),#3786,.F.);
#3995=ADVANCED_FACE('',(#675),#447,.F.);
#3996=ADVANCED_FACE('',(#676),#448,.F.);
#3997=ADVANCED_FACE('',(#677),#449,.T.);
#3998=ADVANCED_FACE('',(#678,#279,#280),#450,.T.);
#3999=ADVANCED_FACE('',(#679),#3787,.F.);
#4000=ADVANCED_FACE('',(#680),#3788,.F.);
#4001=ADVANCED_FACE('',(#681),#451,.T.);
#4002=ADVANCED_FACE('',(#682,#281,#282),#452,.T.);
#4003=ADVANCED_FACE('',(#683),#453,.T.);
#4004=ADVANCED_FACE('',(#684),#454,.F.);
#4005=ADVANCED_FACE('',(#685),#455,.F.);
#4006=ADVANCED_FACE('',(#686),#456,.T.);
#4007=ADVANCED_FACE('',(#687),#457,.F.);
#4008=ADVANCED_FACE('',(#688),#458,.F.);
#4009=ADVANCED_FACE('',(#689),#3789,.F.);
#4010=ADVANCED_FACE('',(#690),#459,.F.);
#4011=ADVANCED_FACE('',(#691),#460,.F.);
#4012=ADVANCED_FACE('',(#692),#461,.F.);
#4013=ADVANCED_FACE('',(#693),#462,.T.);
#4014=ADVANCED_FACE('',(#694),#463,.T.);
#4015=ADVANCED_FACE('',(#695),#464,.F.);
#4016=ADVANCED_FACE('',(#696),#465,.T.);
#4017=ADVANCED_FACE('',(#697),#3790,.F.);
#4018=ADVANCED_FACE('',(#698),#466,.T.);
#4019=ADVANCED_FACE('',(#699),#467,.F.);
#4020=ADVANCED_FACE('',(#700,#283,#284),#468,.F.);
#4021=ADVANCED_FACE('',(#701),#3791,.F.);
#4022=ADVANCED_FACE('',(#702),#3792,.F.);
#4023=ADVANCED_FACE('',(#703),#469,.F.);
#4024=ADVANCED_FACE('',(#704,#285,#286),#470,.F.);
#4025=ADVANCED_FACE('',(#705),#471,.F.);
#4026=ADVANCED_FACE('',(#706),#472,.T.);
#4027=CLOSED_SHELL('',(#3793,#3794,#3795,#3796,#3797,#3798,#3799));
#4028=CLOSED_SHELL('',(#3800,#3801,#3802,#3803));
#4029=CLOSED_SHELL('',(#3804,#3805,#3806,#3807,#3808,#3809,#3810,#3811,
#3812,#3813,#3814,#3815,#3816,#3817,#3818,#3819,#3820,#3821,#3822,#3823));
#4030=CLOSED_SHELL('',(#3824,#3825,#3826,#3827,#3828,#3829,#3830,#3831,
#3832,#3833,#3834,#3835,#3836,#3837,#3838,#3839,#3840,#3841,#3842,#3843));
#4031=CLOSED_SHELL('',(#3844,#3845,#3846,#3847,#3848,#3849));
#4032=CLOSED_SHELL('',(#3850,#3851,#3852,#3853,#3854,#3855));
#4033=CLOSED_SHELL('',(#3856,#3857,#3858,#3859,#3860,#3861));
#4034=CLOSED_SHELL('',(#3862,#3863,#3864,#3865,#3866,#3867));
#4035=CLOSED_SHELL('',(#3868,#3869,#3870,#3871,#3872,#3873));
#4036=CLOSED_SHELL('',(#3874,#3875,#3876,#3877,#3878,#3879));
#4037=CLOSED_SHELL('',(#3880,#3881,#3882,#3883,#3884,#3885,#3886,#3887,
#3888,#3889,#3890,#3891,#3892,#3893,#3894));
#4038=CLOSED_SHELL('',(#3895,#3896,#3897,#3898,#3899,#3900,#3901,#3902,
#3903,#3904,#3905,#3906,#3907,#3908,#3909));
#4039=CLOSED_SHELL('',(#3910,#3911,#3912,#3913,#3914,#3915,#3916,#3917,
#3918,#3919,#3920,#3921));
#4040=CLOSED_SHELL('',(#3922,#3923,#3924,#3925,#3926,#3927));
#4041=CLOSED_SHELL('',(#3928,#3929,#3930,#3931,#3932,#3933,#3934,#3935,
#3936));
#4042=CLOSED_SHELL('',(#3937,#3938,#3939,#3940,#3941,#3942,#3943,#3944,
#3945,#3946,#3947,#3948));
#4043=CLOSED_SHELL('',(#3949,#3950,#3951,#3952,#3953,#3954));
#4044=CLOSED_SHELL('',(#3955,#3956,#3957,#3958,#3959,#3960,#3961));
#4045=CLOSED_SHELL('',(#3962,#3963,#3964,#3965,#3966,#3967,#3968));
#4046=CLOSED_SHELL('',(#3969,#3970,#3971,#3972,#3973,#3974,#3975));
#4047=CLOSED_SHELL('',(#3976,#3977,#3978,#3979,#3980,#3981,#3982));
#4048=CLOSED_SHELL('',(#3983,#3984,#3985,#3986,#3987,#3988,#3989));
#4049=CLOSED_SHELL('',(#3990,#3991,#3992,#3993,#3994,#3995,#3996));
#4050=CLOSED_SHELL('',(#3997,#3998,#3999,#4000,#4001,#4002,#4003,#4004));
#4051=CLOSED_SHELL('',(#4005,#4006,#4007,#4008,#4009,#4010,#4011));
#4052=CLOSED_SHELL('',(#4012,#4013,#4014,#4015,#4016,#4017,#4018));
#4053=CLOSED_SHELL('',(#4019,#4020,#4021,#4022,#4023,#4024,#4025,#4026));
#4054=DERIVED_UNIT_ELEMENT(#4078,1.);
#4055=DERIVED_UNIT_ELEMENT(#6898,-3.);
#4056=DERIVED_UNIT_ELEMENT(#4078,1.);
#4057=DERIVED_UNIT_ELEMENT(#6898,-3.);
#4058=DERIVED_UNIT_ELEMENT(#4078,1.);
#4059=DERIVED_UNIT_ELEMENT(#6898,-3.);
#4060=DERIVED_UNIT_ELEMENT(#4078,1.);
#4061=DERIVED_UNIT_ELEMENT(#6898,-3.);
#4062=DERIVED_UNIT_ELEMENT(#4078,1.);
#4063=DERIVED_UNIT_ELEMENT(#6898,-3.);
#4064=DERIVED_UNIT_ELEMENT(#4078,1.);
#4065=DERIVED_UNIT_ELEMENT(#6898,-3.);
#4066=DERIVED_UNIT_ELEMENT(#4078,1.);
#4067=DERIVED_UNIT_ELEMENT(#6898,-3.);
#4068=DERIVED_UNIT_ELEMENT(#4078,1.);
#4069=DERIVED_UNIT_ELEMENT(#6898,-3.);
#4070=DERIVED_UNIT_ELEMENT(#4078,1.);
#4071=DERIVED_UNIT_ELEMENT(#6898,-3.);
#4072=DERIVED_UNIT_ELEMENT(#4078,1.);
#4073=DERIVED_UNIT_ELEMENT(#6898,-3.);
#4074=DERIVED_UNIT_ELEMENT(#4078,1.);
#4075=DERIVED_UNIT_ELEMENT(#6898,-3.);
#4076=DERIVED_UNIT_ELEMENT(#4078,1.);
#4077=DERIVED_UNIT_ELEMENT(#6898,-3.);
#4078=(
MASS_UNIT()
NAMED_UNIT(*)
SI_UNIT(.KILO.,.GRAM.)
);
#4079=DERIVED_UNIT((#4054,#4055));
#4080=DERIVED_UNIT((#4056,#4057));
#4081=DERIVED_UNIT((#4058,#4059));
#4082=DERIVED_UNIT((#4060,#4061));
#4083=DERIVED_UNIT((#4062,#4063));
#4084=DERIVED_UNIT((#4064,#4065));
#4085=DERIVED_UNIT((#4066,#4067));
#4086=DERIVED_UNIT((#4068,#4069));
#4087=DERIVED_UNIT((#4070,#4071));
#4088=DERIVED_UNIT((#4072,#4073));
#4089=DERIVED_UNIT((#4074,#4075));
#4090=DERIVED_UNIT((#4076,#4077));
#4091=MEASURE_REPRESENTATION_ITEM('density measure',
POSITIVE_RATIO_MEASURE(7850.),#4079);
#4092=MEASURE_REPRESENTATION_ITEM('density measure',
POSITIVE_RATIO_MEASURE(7850.),#4080);
#4093=MEASURE_REPRESENTATION_ITEM('density measure',
POSITIVE_RATIO_MEASURE(7850.),#4081);
#4094=MEASURE_REPRESENTATION_ITEM('density measure',
POSITIVE_RATIO_MEASURE(7850.),#4082);
#4095=MEASURE_REPRESENTATION_ITEM('density measure',
POSITIVE_RATIO_MEASURE(7850.),#4083);
#4096=MEASURE_REPRESENTATION_ITEM('density measure',
POSITIVE_RATIO_MEASURE(7850.),#4084);
#4097=MEASURE_REPRESENTATION_ITEM('density measure',
POSITIVE_RATIO_MEASURE(7850.),#4085);
#4098=MEASURE_REPRESENTATION_ITEM('density measure',
POSITIVE_RATIO_MEASURE(7850.),#4086);
#4099=MEASURE_REPRESENTATION_ITEM('density measure',
POSITIVE_RATIO_MEASURE(7850.),#4087);
#4100=MEASURE_REPRESENTATION_ITEM('density measure',
POSITIVE_RATIO_MEASURE(7750.),#4088);
#4101=MEASURE_REPRESENTATION_ITEM('density measure',
POSITIVE_RATIO_MEASURE(7750.),#4089);
#4102=MEASURE_REPRESENTATION_ITEM('density measure',
POSITIVE_RATIO_MEASURE(8030.),#4090);
#4103=PROPERTY_DEFINITION_REPRESENTATION(#4163,#4127);
#4104=PROPERTY_DEFINITION_REPRESENTATION(#4164,#4128);
#4105=PROPERTY_DEFINITION_REPRESENTATION(#4165,#4129);
#4106=PROPERTY_DEFINITION_REPRESENTATION(#4166,#4130);
#4107=PROPERTY_DEFINITION_REPRESENTATION(#4167,#4131);
#4108=PROPERTY_DEFINITION_REPRESENTATION(#4168,#4132);
#4109=PROPERTY_DEFINITION_REPRESENTATION(#4169,#4133);
#4110=PROPERTY_DEFINITION_REPRESENTATION(#4170,#4134);
#4111=PROPERTY_DEFINITION_REPRESENTATION(#4171,#4135);
#4112=PROPERTY_DEFINITION_REPRESENTATION(#4172,#4136);
#4113=PROPERTY_DEFINITION_REPRESENTATION(#4173,#4137);
#4114=PROPERTY_DEFINITION_REPRESENTATION(#4174,#4138);
#4115=PROPERTY_DEFINITION_REPRESENTATION(#4175,#4139);
#4116=PROPERTY_DEFINITION_REPRESENTATION(#4176,#4140);
#4117=PROPERTY_DEFINITION_REPRESENTATION(#4177,#4141);
#4118=PROPERTY_DEFINITION_REPRESENTATION(#4178,#4142);
#4119=PROPERTY_DEFINITION_REPRESENTATION(#4179,#4143);
#4120=PROPERTY_DEFINITION_REPRESENTATION(#4180,#4144);
#4121=PROPERTY_DEFINITION_REPRESENTATION(#4181,#4145);
#4122=PROPERTY_DEFINITION_REPRESENTATION(#4182,#4146);
#4123=PROPERTY_DEFINITION_REPRESENTATION(#4183,#4147);
#4124=PROPERTY_DEFINITION_REPRESENTATION(#4184,#4148);
#4125=PROPERTY_DEFINITION_REPRESENTATION(#4185,#4149);
#4126=PROPERTY_DEFINITION_REPRESENTATION(#4186,#4150);
#4127=REPRESENTATION('material name',(#4151),#6884);
#4128=REPRESENTATION('density',(#4091),#6884);
#4129=REPRESENTATION('material name',(#4152),#6885);
#4130=REPRESENTATION('density',(#4092),#6885);
#4131=REPRESENTATION('material name',(#4153),#6886);
#4132=REPRESENTATION('density',(#4093),#6886);
#4133=REPRESENTATION('material name',(#4154),#6887);
#4134=REPRESENTATION('density',(#4094),#6887);
#4135=REPRESENTATION('material name',(#4155),#6888);
#4136=REPRESENTATION('density',(#4095),#6888);
#4137=REPRESENTATION('material name',(#4156),#6889);
#4138=REPRESENTATION('density',(#4096),#6889);
#4139=REPRESENTATION('material name',(#4157),#6890);
#4140=REPRESENTATION('density',(#4097),#6890);
#4141=REPRESENTATION('material name',(#4158),#6891);
#4142=REPRESENTATION('density',(#4098),#6891);
#4143=REPRESENTATION('material name',(#4159),#6892);
#4144=REPRESENTATION('density',(#4099),#6892);
#4145=REPRESENTATION('material name',(#4160),#6893);
#4146=REPRESENTATION('density',(#4100),#6893);
#4147=REPRESENTATION('material name',(#4161),#6894);
#4148=REPRESENTATION('density',(#4101),#6894);
#4149=REPRESENTATION('material name',(#4162),#6895);
#4150=REPRESENTATION('density',(#4102),#6895);
#4151=DESCRIPTIVE_REPRESENTATION_ITEM('Steel','Steel');
#4152=DESCRIPTIVE_REPRESENTATION_ITEM('Steel','Steel');
#4153=DESCRIPTIVE_REPRESENTATION_ITEM('Steel','Steel');
#4154=DESCRIPTIVE_REPRESENTATION_ITEM('Steel','Steel');
#4155=DESCRIPTIVE_REPRESENTATION_ITEM('Steel','Steel');
#4156=DESCRIPTIVE_REPRESENTATION_ITEM('Steel','Steel');
#4157=DESCRIPTIVE_REPRESENTATION_ITEM('Steel','Steel');
#4158=DESCRIPTIVE_REPRESENTATION_ITEM('Steel','Steel');
#4159=DESCRIPTIVE_REPRESENTATION_ITEM('Steel','Steel');
#4160=DESCRIPTIVE_REPRESENTATION_ITEM('Steel 4.6, Plain',
'Steel 4.6, Plain');
#4161=DESCRIPTIVE_REPRESENTATION_ITEM('Steel 4.6, Plain',
'Steel 4.6, Plain');
#4162=DESCRIPTIVE_REPRESENTATION_ITEM('Steel 6, Plain','Steel 6, Plain');
#4163=PROPERTY_DEFINITION('material property','material name',#6971);
#4164=PROPERTY_DEFINITION('material property','density of part',#6971);
#4165=PROPERTY_DEFINITION('material property','material name',#6972);
#4166=PROPERTY_DEFINITION('material property','density of part',#6972);
#4167=PROPERTY_DEFINITION('material property','material name',#6973);
#4168=PROPERTY_DEFINITION('material property','density of part',#6973);
#4169=PROPERTY_DEFINITION('material property','material name',#6974);
#4170=PROPERTY_DEFINITION('material property','density of part',#6974);
#4171=PROPERTY_DEFINITION('material property','material name',#6975);
#4172=PROPERTY_DEFINITION('material property','density of part',#6975);
#4173=PROPERTY_DEFINITION('material property','material name',#6976);
#4174=PROPERTY_DEFINITION('material property','density of part',#6976);
#4175=PROPERTY_DEFINITION('material property','material name',#6977);
#4176=PROPERTY_DEFINITION('material property','density of part',#6977);
#4177=PROPERTY_DEFINITION('material property','material name',#6978);
#4178=PROPERTY_DEFINITION('material property','density of part',#6978);
#4179=PROPERTY_DEFINITION('material property','material name',#6979);
#4180=PROPERTY_DEFINITION('material property','density of part',#6979);
#4181=PROPERTY_DEFINITION('material property','material name',#6980);
#4182=PROPERTY_DEFINITION('material property','density of part',#6980);
#4183=PROPERTY_DEFINITION('material property','material name',#6981);
#4184=PROPERTY_DEFINITION('material property','density of part',#6981);
#4185=PROPERTY_DEFINITION('material property','material name',#6982);
#4186=PROPERTY_DEFINITION('material property','density of part',#6982);
#4187=AXIS2_PLACEMENT_3D('',#5685,#4554,#4555);
#4188=AXIS2_PLACEMENT_3D('',#5686,#4556,#4557);
#4189=AXIS2_PLACEMENT_3D('',#5687,#4558,#4559);
#4190=AXIS2_PLACEMENT_3D('',#5689,#4560,#4561);
#4191=AXIS2_PLACEMENT_3D('',#5692,#4563,#4564);
#4192=AXIS2_PLACEMENT_3D('',#5693,#4565,#4566);
#4193=AXIS2_PLACEMENT_3D('',#5695,#4567,#4568);
#4194=AXIS2_PLACEMENT_3D('',#5698,#4570,#4571);
#4195=AXIS2_PLACEMENT_3D('',#5699,#4572,#4573);
#4196=AXIS2_PLACEMENT_3D('',#5701,#4574,#4575);
#4197=AXIS2_PLACEMENT_3D('',#5704,#4577,#4578);
#4198=AXIS2_PLACEMENT_3D('',#5705,#4579,#4580);
#4199=AXIS2_PLACEMENT_3D('',#5714,#4585,#4586);
#4200=AXIS2_PLACEMENT_3D('',#5715,#4587,#4588);
#4201=AXIS2_PLACEMENT_3D('',#5716,#4589,#4590);
#4202=AXIS2_PLACEMENT_3D('',#5717,#4591,#4592);
#4203=AXIS2_PLACEMENT_3D('',#5718,#4593,#4594);
#4204=AXIS2_PLACEMENT_3D('',#5719,#4595,#4596);
#4205=AXIS2_PLACEMENT_3D('',#5720,#4597,#4598);
#4206=AXIS2_PLACEMENT_3D('',#5729,#4603,#4604);
#4207=AXIS2_PLACEMENT_3D('',#5730,#4605,#4606);
#4208=AXIS2_PLACEMENT_3D('',#5731,#4607,#4608);
#4209=AXIS2_PLACEMENT_3D('',#5732,#4609,#4610);
#4210=AXIS2_PLACEMENT_3D('',#5733,#4611,#4612);
#4211=AXIS2_PLACEMENT_3D('',#5734,#4613,#4614);
#4212=AXIS2_PLACEMENT_3D('',#5735,#4615,#4616);
#4213=AXIS2_PLACEMENT_3D('',#5736,#4617,#4618);
#4214=AXIS2_PLACEMENT_3D('',#5737,#4619,#4620);
#4215=AXIS2_PLACEMENT_3D('',#5746,#4625,#4626);
#4216=AXIS2_PLACEMENT_3D('',#5752,#4630,#4631);
#4217=AXIS2_PLACEMENT_3D('',#5758,#4635,#4636);
#4218=AXIS2_PLACEMENT_3D('',#5761,#4639,#4640);
#4219=AXIS2_PLACEMENT_3D('',#5770,#4645,#4646);
#4220=AXIS2_PLACEMENT_3D('',#5776,#4650,#4651);
#4221=AXIS2_PLACEMENT_3D('',#5782,#4655,#4656);
#4222=AXIS2_PLACEMENT_3D('',#5785,#4659,#4660);
#4223=AXIS2_PLACEMENT_3D('',#5794,#4665,#4666);
#4224=AXIS2_PLACEMENT_3D('',#5798,#4669,#4670);
#4225=AXIS2_PLACEMENT_3D('',#5804,#4674,#4675);
#4226=AXIS2_PLACEMENT_3D('',#5808,#4678,#4679);
#4227=AXIS2_PLACEMENT_3D('',#5815,#4684,#4685);
#4228=AXIS2_PLACEMENT_3D('',#5816,#4686,#4687);
#4229=AXIS2_PLACEMENT_3D('',#5822,#4691,#4692);
#4230=AXIS2_PLACEMENT_3D('',#5828,#4696,#4697);
#4231=AXIS2_PLACEMENT_3D('',#5832,#4700,#4701);
#4232=AXIS2_PLACEMENT_3D('',#5836,#4704,#4705);
#4233=AXIS2_PLACEMENT_3D('',#5838,#4707,#4708);
#4234=AXIS2_PLACEMENT_3D('',#5839,#4709,#4710);
#4235=AXIS2_PLACEMENT_3D('',#5840,#4711,#4712);
#4236=AXIS2_PLACEMENT_3D('',#5849,#4717,#4718);
#4237=AXIS2_PLACEMENT_3D('',#5855,#4722,#4723);
#4238=AXIS2_PLACEMENT_3D('',#5861,#4727,#4728);
#4239=AXIS2_PLACEMENT_3D('',#5864,#4731,#4732);
#4240=AXIS2_PLACEMENT_3D('',#5873,#4737,#4738);
#4241=AXIS2_PLACEMENT_3D('',#5879,#4742,#4743);
#4242=AXIS2_PLACEMENT_3D('',#5885,#4747,#4748);
#4243=AXIS2_PLACEMENT_3D('',#5888,#4751,#4752);
#4244=AXIS2_PLACEMENT_3D('',#5897,#4757,#4758);
#4245=AXIS2_PLACEMENT_3D('',#5901,#4761,#4762);
#4246=AXIS2_PLACEMENT_3D('',#5907,#4766,#4767);
#4247=AXIS2_PLACEMENT_3D('',#5911,#4770,#4771);
#4248=AXIS2_PLACEMENT_3D('',#5918,#4776,#4777);
#4249=AXIS2_PLACEMENT_3D('',#5919,#4778,#4779);
#4250=AXIS2_PLACEMENT_3D('',#5925,#4783,#4784);
#4251=AXIS2_PLACEMENT_3D('',#5931,#4788,#4789);
#4252=AXIS2_PLACEMENT_3D('',#5935,#4792,#4793);
#4253=AXIS2_PLACEMENT_3D('',#5939,#4796,#4797);
#4254=AXIS2_PLACEMENT_3D('',#5941,#4799,#4800);
#4255=AXIS2_PLACEMENT_3D('',#5942,#4801,#4802);
#4256=AXIS2_PLACEMENT_3D('',#5943,#4803,#4804);
#4257=AXIS2_PLACEMENT_3D('',#5952,#4809,#4810);
#4258=AXIS2_PLACEMENT_3D('',#5954,#4811,#4812);
#4259=AXIS2_PLACEMENT_3D('',#5956,#4813,#4814);
#4260=AXIS2_PLACEMENT_3D('',#5958,#4816,#4817);
#4261=AXIS2_PLACEMENT_3D('',#5964,#4821,#4822);
#4262=AXIS2_PLACEMENT_3D('',#5965,#4823,#4824);
#4263=AXIS2_PLACEMENT_3D('',#5966,#4825,#4826);
#4264=AXIS2_PLACEMENT_3D('',#5967,#4827,#4828);
#4265=AXIS2_PLACEMENT_3D('',#5968,#4829,#4830);
#4266=AXIS2_PLACEMENT_3D('',#5969,#4831,#4832);
#4267=AXIS2_PLACEMENT_3D('',#5972,#4833,#4834);
#4268=AXIS2_PLACEMENT_3D('',#5976,#4836,#4837);
#4269=AXIS2_PLACEMENT_3D('',#5978,#4839,#4840);
#4270=AXIS2_PLACEMENT_3D('',#5984,#4844,#4845);
#4271=AXIS2_PLACEMENT_3D('',#5986,#4846,#4847);
#4272=AXIS2_PLACEMENT_3D('',#5988,#4848,#4849);
#4273=AXIS2_PLACEMENT_3D('',#5990,#4851,#4852);
#4274=AXIS2_PLACEMENT_3D('',#5993,#4855,#4856);
#4275=AXIS2_PLACEMENT_3D('',#5994,#4857,#4858);
#4276=AXIS2_PLACEMENT_3D('',#5995,#4859,#4860);
#4277=AXIS2_PLACEMENT_3D('',#6004,#4865,#4866);
#4278=AXIS2_PLACEMENT_3D('',#6006,#4867,#4868);
#4279=AXIS2_PLACEMENT_3D('',#6008,#4869,#4870);
#4280=AXIS2_PLACEMENT_3D('',#6010,#4872,#4873);
#4281=AXIS2_PLACEMENT_3D('',#6016,#4877,#4878);
#4282=AXIS2_PLACEMENT_3D('',#6017,#4879,#4880);
#4283=AXIS2_PLACEMENT_3D('',#6018,#4881,#4882);
#4284=AXIS2_PLACEMENT_3D('',#6019,#4883,#4884);
#4285=AXIS2_PLACEMENT_3D('',#6020,#4885,#4886);
#4286=AXIS2_PLACEMENT_3D('',#6021,#4887,#4888);
#4287=AXIS2_PLACEMENT_3D('',#6024,#4889,#4890);
#4288=AXIS2_PLACEMENT_3D('',#6028,#4892,#4893);
#4289=AXIS2_PLACEMENT_3D('',#6030,#4895,#4896);
#4290=AXIS2_PLACEMENT_3D('',#6036,#4900,#4901);
#4291=AXIS2_PLACEMENT_3D('',#6038,#4902,#4903);
#4292=AXIS2_PLACEMENT_3D('',#6040,#4904,#4905);
#4293=AXIS2_PLACEMENT_3D('',#6042,#4907,#4908);
#4294=AXIS2_PLACEMENT_3D('',#6045,#4911,#4912);
#4295=AXIS2_PLACEMENT_3D('',#6046,#4913,#4914);
#4296=AXIS2_PLACEMENT_3D('',#6047,#4915,#4916);
#4297=AXIS2_PLACEMENT_3D('',#6048,#4917,#4918);
#4298=AXIS2_PLACEMENT_3D('',#6057,#4923,#4924);
#4299=AXIS2_PLACEMENT_3D('',#6063,#4928,#4929);
#4300=AXIS2_PLACEMENT_3D('',#6069,#4933,#4934);
#4301=AXIS2_PLACEMENT_3D('',#6072,#4937,#4938);
#4302=AXIS2_PLACEMENT_3D('',#6073,#4939,#4940);
#4303=AXIS2_PLACEMENT_3D('',#6074,#4941,#4942);
#4304=AXIS2_PLACEMENT_3D('',#6075,#4943,#4944);
#4305=AXIS2_PLACEMENT_3D('',#6084,#4949,#4950);
#4306=AXIS2_PLACEMENT_3D('',#6090,#4954,#4955);
#4307=AXIS2_PLACEMENT_3D('',#6096,#4959,#4960);
#4308=AXIS2_PLACEMENT_3D('',#6099,#4963,#4964);
#4309=AXIS2_PLACEMENT_3D('',#6100,#4965,#4966);
#4310=AXIS2_PLACEMENT_3D('',#6101,#4967,#4968);
#4311=AXIS2_PLACEMENT_3D('',#6102,#4969,#4970);
#4312=AXIS2_PLACEMENT_3D('',#6104,#4971,#4972);
#4313=AXIS2_PLACEMENT_3D('',#6107,#4974,#4975);
#4314=AXIS2_PLACEMENT_3D('',#6108,#4976,#4977);
#4315=AXIS2_PLACEMENT_3D('',#6110,#4978,#4979);
#4316=AXIS2_PLACEMENT_3D('',#6112,#4980,#4981);
#4317=AXIS2_PLACEMENT_3D('',#6113,#4982,#4983);
#4318=AXIS2_PLACEMENT_3D('',#6114,#4984,#4985);
#4319=AXIS2_PLACEMENT_3D('',#6116,#4986,#4987);
#4320=AXIS2_PLACEMENT_3D('',#6117,#4988,#4989);
#4321=AXIS2_PLACEMENT_3D('',#6119,#4991,#4992);
#4322=AXIS2_PLACEMENT_3D('',#6130,#4996,#4997);
#4323=AXIS2_PLACEMENT_3D('',#6138,#5000,#5001);
#4324=AXIS2_PLACEMENT_3D('',#6146,#5004,#5005);
#4325=AXIS2_PLACEMENT_3D('',#6158,#5008,#5009);
#4326=AXIS2_PLACEMENT_3D('',#6166,#5012,#5013);
#4327=AXIS2_PLACEMENT_3D('',#6171,#5015,#5016);
#4328=AXIS2_PLACEMENT_3D('',#6174,#5018,#5019);
#4329=AXIS2_PLACEMENT_3D('',#6175,#5020,#5021);
#4330=AXIS2_PLACEMENT_3D('',#6176,#5022,#5023);
#4331=AXIS2_PLACEMENT_3D('',#6178,#5024,#5025);
#4332=AXIS2_PLACEMENT_3D('',#6179,#5026,#5027);
#4333=AXIS2_PLACEMENT_3D('',#6181,#5029,#5030);
#4334=AXIS2_PLACEMENT_3D('',#6182,#5031,#5032);
#4335=AXIS2_PLACEMENT_3D('',#6183,#5033,#5034);
#4336=AXIS2_PLACEMENT_3D('',#6185,#5035,#5036);
#4337=AXIS2_PLACEMENT_3D('',#6188,#5038,#5039);
#4338=AXIS2_PLACEMENT_3D('',#6189,#5040,#5041);
#4339=AXIS2_PLACEMENT_3D('',#6191,#5042,#5043);
#4340=AXIS2_PLACEMENT_3D('',#6193,#5044,#5045);
#4341=AXIS2_PLACEMENT_3D('',#6194,#5046,#5047);
#4342=AXIS2_PLACEMENT_3D('',#6195,#5048,#5049);
#4343=AXIS2_PLACEMENT_3D('',#6197,#5050,#5051);
#4344=AXIS2_PLACEMENT_3D('',#6198,#5052,#5053);
#4345=AXIS2_PLACEMENT_3D('',#6200,#5055,#5056);
#4346=AXIS2_PLACEMENT_3D('',#6211,#5060,#5061);
#4347=AXIS2_PLACEMENT_3D('',#6219,#5064,#5065);
#4348=AXIS2_PLACEMENT_3D('',#6227,#5068,#5069);
#4349=AXIS2_PLACEMENT_3D('',#6239,#5072,#5073);
#4350=AXIS2_PLACEMENT_3D('',#6247,#5076,#5077);
#4351=AXIS2_PLACEMENT_3D('',#6252,#5079,#5080);
#4352=AXIS2_PLACEMENT_3D('',#6255,#5082,#5083);
#4353=AXIS2_PLACEMENT_3D('',#6256,#5084,#5085);
#4354=AXIS2_PLACEMENT_3D('',#6257,#5086,#5087);
#4355=AXIS2_PLACEMENT_3D('',#6259,#5088,#5089);
#4356=AXIS2_PLACEMENT_3D('',#6260,#5090,#5091);
#4357=AXIS2_PLACEMENT_3D('',#6262,#5093,#5094);
#4358=AXIS2_PLACEMENT_3D('',#6263,#5095,#5096);
#4359=AXIS2_PLACEMENT_3D('',#6264,#5097,#5098);
#4360=AXIS2_PLACEMENT_3D('',#6267,#5099,#5100);
#4361=AXIS2_PLACEMENT_3D('',#6293,#5102,#5103);
#4362=AXIS2_PLACEMENT_3D('',#6294,#5104,#5105);
#4363=AXIS2_PLACEMENT_3D('',#6296,#5106,#5107);
#4364=AXIS2_PLACEMENT_3D('',#6297,#5108,#5109);
#4365=AXIS2_PLACEMENT_3D('',#6298,#5110,#5111);
#4366=AXIS2_PLACEMENT_3D('',#6306,#5114,#5115);
#4367=AXIS2_PLACEMENT_3D('',#6316,#5117,#5118);
#4368=AXIS2_PLACEMENT_3D('',#6322,#5120,#5121);
#4369=AXIS2_PLACEMENT_3D('',#6328,#5123,#5124);
#4370=AXIS2_PLACEMENT_3D('',#6334,#5126,#5127);
#4371=AXIS2_PLACEMENT_3D('',#6336,#5128,#5129);
#4372=AXIS2_PLACEMENT_3D('',#6337,#5130,#5131);
#4373=AXIS2_PLACEMENT_3D('',#6341,#5132,#5133);
#4374=AXIS2_PLACEMENT_3D('',#6343,#5134,#5135);
#4375=AXIS2_PLACEMENT_3D('',#6345,#5136,#5137);
#4376=AXIS2_PLACEMENT_3D('',#6346,#5138,#5139);
#4377=AXIS2_PLACEMENT_3D('',#6348,#5141,#5142);
#4378=AXIS2_PLACEMENT_3D('',#6350,#5144,#5145);
#4379=AXIS2_PLACEMENT_3D('',#6359,#5150,#5151);
#4380=AXIS2_PLACEMENT_3D('',#6365,#5155,#5156);
#4381=AXIS2_PLACEMENT_3D('',#6369,#5159,#5160);
#4382=AXIS2_PLACEMENT_3D('',#6373,#5163,#5164);
#4383=AXIS2_PLACEMENT_3D('',#6375,#5166,#5167);
#4384=AXIS2_PLACEMENT_3D('',#6376,#5168,#5169);
#4385=AXIS2_PLACEMENT_3D('',#6378,#5170,#5171);
#4386=AXIS2_PLACEMENT_3D('',#6381,#5173,#5174);
#4387=AXIS2_PLACEMENT_3D('',#6382,#5175,#5176);
#4388=AXIS2_PLACEMENT_3D('',#6384,#5177,#5178);
#4389=AXIS2_PLACEMENT_3D('',#6387,#5180,#5181);
#4390=AXIS2_PLACEMENT_3D('',#6388,#5182,#5183);
#4391=AXIS2_PLACEMENT_3D('',#6390,#5184,#5185);
#4392=AXIS2_PLACEMENT_3D('',#6393,#5187,#5188);
#4393=AXIS2_PLACEMENT_3D('',#6394,#5189,#5190);
#4394=AXIS2_PLACEMENT_3D('',#6403,#5195,#5196);
#4395=AXIS2_PLACEMENT_3D('',#6409,#5200,#5201);
#4396=AXIS2_PLACEMENT_3D('',#6413,#5204,#5205);
#4397=AXIS2_PLACEMENT_3D('',#6417,#5208,#5209);
#4398=AXIS2_PLACEMENT_3D('',#6419,#5211,#5212);
#4399=AXIS2_PLACEMENT_3D('',#6420,#5213,#5214);
#4400=AXIS2_PLACEMENT_3D('',#6422,#5215,#5216);
#4401=AXIS2_PLACEMENT_3D('',#6425,#5218,#5219);
#4402=AXIS2_PLACEMENT_3D('',#6426,#5220,#5221);
#4403=AXIS2_PLACEMENT_3D('',#6428,#5222,#5223);
#4404=AXIS2_PLACEMENT_3D('',#6431,#5225,#5226);
#4405=AXIS2_PLACEMENT_3D('',#6432,#5227,#5228);
#4406=AXIS2_PLACEMENT_3D('',#6434,#5229,#5230);
#4407=AXIS2_PLACEMENT_3D('',#6437,#5232,#5233);
#4408=AXIS2_PLACEMENT_3D('',#6438,#5234,#5235);
#4409=AXIS2_PLACEMENT_3D('',#6440,#5236,#5237);
#4410=AXIS2_PLACEMENT_3D('',#6443,#5239,#5240);
#4411=AXIS2_PLACEMENT_3D('',#6444,#5241,#5242);
#4412=AXIS2_PLACEMENT_3D('',#6446,#5243,#5244);
#4413=AXIS2_PLACEMENT_3D('',#6449,#5246,#5247);
#4414=AXIS2_PLACEMENT_3D('',#6450,#5248,#5249);
#4415=AXIS2_PLACEMENT_3D('',#6452,#5250,#5251);
#4416=AXIS2_PLACEMENT_3D('',#6455,#5253,#5254);
#4417=AXIS2_PLACEMENT_3D('',#6456,#5255,#5256);
#4418=AXIS2_PLACEMENT_3D('',#6465,#5261,#5262);
#4419=AXIS2_PLACEMENT_3D('',#6471,#5266,#5267);
#4420=AXIS2_PLACEMENT_3D('',#6475,#5270,#5271);
#4421=AXIS2_PLACEMENT_3D('',#6479,#5274,#5275);
#4422=AXIS2_PLACEMENT_3D('',#6481,#5277,#5278);
#4423=AXIS2_PLACEMENT_3D('',#6482,#5279,#5280);
#4424=AXIS2_PLACEMENT_3D('',#6491,#5285,#5286);
#4425=AXIS2_PLACEMENT_3D('',#6497,#5290,#5291);
#4426=AXIS2_PLACEMENT_3D('',#6501,#5294,#5295);
#4427=AXIS2_PLACEMENT_3D('',#6505,#5298,#5299);
#4428=AXIS2_PLACEMENT_3D('',#6507,#5301,#5302);
#4429=AXIS2_PLACEMENT_3D('',#6508,#5303,#5304);
#4430=AXIS2_PLACEMENT_3D('',#6518,#5309,#5310);
#4431=AXIS2_PLACEMENT_3D('',#6519,#5311,#5312);
#4432=AXIS2_PLACEMENT_3D('',#6525,#5316,#5317);
#4433=AXIS2_PLACEMENT_3D('',#6529,#5320,#5321);
#4434=AXIS2_PLACEMENT_3D('',#6533,#5324,#5325);
#4435=AXIS2_PLACEMENT_3D('',#6535,#5326,#5327);
#4436=AXIS2_PLACEMENT_3D('',#6537,#5329,#5330);
#4437=AXIS2_PLACEMENT_3D('',#6539,#5332,#5333);
#4438=AXIS2_PLACEMENT_3D('',#6540,#5334,#5335);
#4439=AXIS2_PLACEMENT_3D('',#6545,#5337,#5338);
#4440=AXIS2_PLACEMENT_3D('',#6551,#5342,#5343);
#4441=AXIS2_PLACEMENT_3D('',#6557,#5347,#5348);
#4442=AXIS2_PLACEMENT_3D('',#6561,#5351,#5352);
#4443=AXIS2_PLACEMENT_3D('',#6565,#5355,#5356);
#4444=AXIS2_PLACEMENT_3D('',#6568,#5358,#5359);
#4445=AXIS2_PLACEMENT_3D('',#6569,#5360,#5361);
#4446=AXIS2_PLACEMENT_3D('',#6571,#5363,#5364);
#4447=AXIS2_PLACEMENT_3D('',#6572,#5365,#5366);
#4448=AXIS2_PLACEMENT_3D('',#6577,#5368,#5369);
#4449=AXIS2_PLACEMENT_3D('',#6583,#5373,#5374);
#4450=AXIS2_PLACEMENT_3D('',#6589,#5378,#5379);
#4451=AXIS2_PLACEMENT_3D('',#6593,#5382,#5383);
#4452=AXIS2_PLACEMENT_3D('',#6597,#5386,#5387);
#4453=AXIS2_PLACEMENT_3D('',#6600,#5389,#5390);
#4454=AXIS2_PLACEMENT_3D('',#6601,#5391,#5392);
#4455=AXIS2_PLACEMENT_3D('',#6603,#5394,#5395);
#4456=AXIS2_PLACEMENT_3D('',#6604,#5396,#5397);
#4457=AXIS2_PLACEMENT_3D('',#6614,#5402,#5403);
#4458=AXIS2_PLACEMENT_3D('',#6615,#5404,#5405);
#4459=AXIS2_PLACEMENT_3D('',#6621,#5409,#5410);
#4460=AXIS2_PLACEMENT_3D('',#6625,#5413,#5414);
#4461=AXIS2_PLACEMENT_3D('',#6629,#5417,#5418);
#4462=AXIS2_PLACEMENT_3D('',#6631,#5419,#5420);
#4463=AXIS2_PLACEMENT_3D('',#6633,#5422,#5423);
#4464=AXIS2_PLACEMENT_3D('',#6635,#5425,#5426);
#4465=AXIS2_PLACEMENT_3D('',#6636,#5427,#5428);
#4466=AXIS2_PLACEMENT_3D('',#6645,#5433,#5434);
#4467=AXIS2_PLACEMENT_3D('',#6651,#5437,#5438);
#4468=AXIS2_PLACEMENT_3D('',#6653,#5440,#5441);
#4469=AXIS2_PLACEMENT_3D('',#6657,#5444,#5445);
#4470=AXIS2_PLACEMENT_3D('',#6661,#5447,#5448);
#4471=AXIS2_PLACEMENT_3D('',#6663,#5450,#5451);
#4472=AXIS2_PLACEMENT_3D('',#6665,#5453,#5454);
#4473=AXIS2_PLACEMENT_3D('',#6667,#5456,#5457);
#4474=AXIS2_PLACEMENT_3D('',#6668,#5458,#5459);
#4475=AXIS2_PLACEMENT_3D('',#6677,#5464,#5465);
#4476=AXIS2_PLACEMENT_3D('',#6683,#5468,#5469);
#4477=AXIS2_PLACEMENT_3D('',#6685,#5471,#5472);
#4478=AXIS2_PLACEMENT_3D('',#6689,#5475,#5476);
#4479=AXIS2_PLACEMENT_3D('',#6693,#5479,#5480);
#4480=AXIS2_PLACEMENT_3D('',#6696,#5482,#5483);
#4481=AXIS2_PLACEMENT_3D('',#6697,#5484,#5485);
#4482=AXIS2_PLACEMENT_3D('',#6699,#5487,#5488);
#4483=AXIS2_PLACEMENT_3D('',#6700,#5489,#5490);
#4484=AXIS2_PLACEMENT_3D('',#6709,#5495,#5496);
#4485=AXIS2_PLACEMENT_3D('',#6716,#5500,#5501);
#4486=AXIS2_PLACEMENT_3D('',#6718,#5502,#5503);
#4487=AXIS2_PLACEMENT_3D('',#6719,#5504,#5505);
#4488=AXIS2_PLACEMENT_3D('',#6722,#5507,#5508);
#4489=AXIS2_PLACEMENT_3D('',#6723,#5509,#5510);
#4490=AXIS2_PLACEMENT_3D('',#6726,#5512,#5513);
#4491=AXIS2_PLACEMENT_3D('',#6727,#5514,#5515);
#4492=AXIS2_PLACEMENT_3D('',#6733,#5519,#5520);
#4493=AXIS2_PLACEMENT_3D('',#6736,#5523,#5524);
#4494=AXIS2_PLACEMENT_3D('',#6737,#5525,#5526);
#4495=AXIS2_PLACEMENT_3D('',#6738,#5527,#5528);
#4496=AXIS2_PLACEMENT_3D('',#6747,#5533,#5534);
#4497=AXIS2_PLACEMENT_3D('',#6753,#5537,#5538);
#4498=AXIS2_PLACEMENT_3D('',#6755,#5540,#5541);
#4499=AXIS2_PLACEMENT_3D('',#6759,#5544,#5545);
#4500=AXIS2_PLACEMENT_3D('',#6763,#5548,#5549);
#4501=AXIS2_PLACEMENT_3D('',#6766,#5551,#5552);
#4502=AXIS2_PLACEMENT_3D('',#6767,#5553,#5554);
#4503=AXIS2_PLACEMENT_3D('',#6769,#5556,#5557);
#4504=AXIS2_PLACEMENT_3D('',#6770,#5558,#5559);
#4505=AXIS2_PLACEMENT_3D('',#6779,#5564,#5565);
#4506=AXIS2_PLACEMENT_3D('',#6785,#5568,#5569);
#4507=AXIS2_PLACEMENT_3D('',#6787,#5571,#5572);
#4508=AXIS2_PLACEMENT_3D('',#6791,#5575,#5576);
#4509=AXIS2_PLACEMENT_3D('',#6795,#5578,#5579);
#4510=AXIS2_PLACEMENT_3D('',#6797,#5581,#5582);
#4511=AXIS2_PLACEMENT_3D('',#6799,#5584,#5585);
#4512=AXIS2_PLACEMENT_3D('',#6801,#5587,#5588);
#4513=AXIS2_PLACEMENT_3D('',#6802,#5589,#5590);
#4514=AXIS2_PLACEMENT_3D('',#6811,#5595,#5596);
#4515=AXIS2_PLACEMENT_3D('',#6818,#5600,#5601);
#4516=AXIS2_PLACEMENT_3D('',#6820,#5602,#5603);
#4517=AXIS2_PLACEMENT_3D('',#6821,#5604,#5605);
#4518=AXIS2_PLACEMENT_3D('',#6824,#5607,#5608);
#4519=AXIS2_PLACEMENT_3D('',#6825,#5609,#5610);
#4520=AXIS2_PLACEMENT_3D('',#6828,#5612,#5613);
#4521=AXIS2_PLACEMENT_3D('',#6829,#5614,#5615);
#4522=AXIS2_PLACEMENT_3D('',#6835,#5619,#5620);
#4523=AXIS2_PLACEMENT_3D('',#6838,#5623,#5624);
#4524=AXIS2_PLACEMENT_3D('',#6839,#5625,#5626);
#4525=AXIS2_PLACEMENT_3D('',#6840,#5627,#5628);
#4526=AXIS2_PLACEMENT_3D('',#6841,#5629,#5630);
#4527=AXIS2_PLACEMENT_3D('',#6842,#5631,#5632);
#4528=AXIS2_PLACEMENT_3D('',#6843,#5633,#5634);
#4529=AXIS2_PLACEMENT_3D('',#6844,#5635,#5636);
#4530=AXIS2_PLACEMENT_3D('',#6845,#5637,#5638);
#4531=AXIS2_PLACEMENT_3D('',#6846,#5639,#5640);
#4532=AXIS2_PLACEMENT_3D('',#6847,#5641,#5642);
#4533=AXIS2_PLACEMENT_3D('',#6848,#5643,#5644);
#4534=AXIS2_PLACEMENT_3D('',#6849,#5645,#5646);
#4535=AXIS2_PLACEMENT_3D('',#6850,#5647,#5648);
#4536=AXIS2_PLACEMENT_3D('',#6851,#5649,#5650);
#4537=AXIS2_PLACEMENT_3D('',#6852,#5651,#5652);
#4538=AXIS2_PLACEMENT_3D('',#6853,#5653,#5654);
#4539=AXIS2_PLACEMENT_3D('',#6854,#5655,#5656);
#4540=AXIS2_PLACEMENT_3D('',#6855,#5657,#5658);
#4541=AXIS2_PLACEMENT_3D('',#6856,#5659,#5660);
#4542=AXIS2_PLACEMENT_3D('',#6857,#5661,#5662);
#4543=AXIS2_PLACEMENT_3D('',#6858,#5663,#5664);
#4544=AXIS2_PLACEMENT_3D('',#6859,#5665,#5666);
#4545=AXIS2_PLACEMENT_3D('',#6860,#5667,#5668);
#4546=AXIS2_PLACEMENT_3D('',#6861,#5669,#5670);
#4547=AXIS2_PLACEMENT_3D('',#6862,#5671,#5672);
#4548=AXIS2_PLACEMENT_3D('',#6863,#5673,#5674);
#4549=AXIS2_PLACEMENT_3D('',#6864,#5675,#5676);
#4550=AXIS2_PLACEMENT_3D('',#6865,#5677,#5678);
#4551=AXIS2_PLACEMENT_3D('',#6866,#5679,#5680);
#4552=AXIS2_PLACEMENT_3D('',#6867,#5681,#5682);
#4553=AXIS2_PLACEMENT_3D('',#6868,#5683,#5684);
#4554=DIRECTION('axis',(0.,0.,1.));
#4555=DIRECTION('refdir',(1.,0.,0.));
#4556=DIRECTION('axis',(0.,0.,1.));
#4557=DIRECTION('refdir',(1.,0.,0.));
#4558=DIRECTION('center_axis',(-1.,0.,0.));
#4559=DIRECTION('ref_axis',(0.,1.,0.));
#4560=DIRECTION('center_axis',(-1.,0.,0.));
#4561=DIRECTION('ref_axis',(0.,1.,0.));
#4562=DIRECTION('',(-1.,0.,0.));
#4563=DIRECTION('center_axis',(1.,0.,0.));
#4564=DIRECTION('ref_axis',(0.,1.,0.));
#4565=DIRECTION('center_axis',(-1.,0.,0.));
#4566=DIRECTION('ref_axis',(0.,1.,0.));
#4567=DIRECTION('center_axis',(-1.,0.,0.));
#4568=DIRECTION('ref_axis',(0.,1.,0.));
#4569=DIRECTION('',(-1.,0.,0.));
#4570=DIRECTION('center_axis',(1.,0.,0.));
#4571=DIRECTION('ref_axis',(0.,1.,0.));
#4572=DIRECTION('center_axis',(-1.,0.,0.));
#4573=DIRECTION('ref_axis',(0.,1.,0.));
#4574=DIRECTION('center_axis',(-1.,0.,0.));
#4575=DIRECTION('ref_axis',(0.,1.,0.));
#4576=DIRECTION('',(-1.,0.,0.));
#4577=DIRECTION('center_axis',(1.,0.,0.));
#4578=DIRECTION('ref_axis',(0.,1.,0.));
#4579=DIRECTION('center_axis',(0.,-0.707106781186548,0.707106781186548));
#4580=DIRECTION('ref_axis',(0.,-0.707106781186548,-0.707106781186548));
#4581=DIRECTION('',(0.,0.707106781186547,0.707106781186547));
#4582=DIRECTION('',(1.,0.,0.));
#4583=DIRECTION('',(0.,-0.707106781186547,-0.707106781186547));
#4584=DIRECTION('',(1.,0.,0.));
#4585=DIRECTION('center_axis',(1.,0.,0.));
#4586=DIRECTION('ref_axis',(0.,1.,0.));
#4587=DIRECTION('center_axis',(1.,0.,0.));
#4588=DIRECTION('ref_axis',(0.,1.,0.));
#4589=DIRECTION('center_axis',(1.,0.,0.));
#4590=DIRECTION('ref_axis',(0.,1.,0.));
#4591=DIRECTION('center_axis',(1.,0.,0.));
#4592=DIRECTION('ref_axis',(0.,1.,0.));
#4593=DIRECTION('center_axis',(1.,0.,0.));
#4594=DIRECTION('ref_axis',(0.,1.,0.));
#4595=DIRECTION('axis',(0.,0.,1.));
#4596=DIRECTION('refdir',(1.,0.,0.));
#4597=DIRECTION('center_axis',(0.,0.707106781186548,-0.707106781186548));
#4598=DIRECTION('ref_axis',(0.,-0.707106781186548,-0.707106781186548));
#4599=DIRECTION('',(0.,0.707106781186547,0.707106781186547));
#4600=DIRECTION('',(-1.,0.,0.));
#4601=DIRECTION('',(0.,-0.707106781186547,-0.707106781186547));
#4602=DIRECTION('',(-1.,0.,0.));
#4603=DIRECTION('center_axis',(1.,0.,0.));
#4604=DIRECTION('ref_axis',(0.,1.,0.));
#4605=DIRECTION('center_axis',(1.,0.,0.));
#4606=DIRECTION('ref_axis',(0.,1.,0.));
#4607=DIRECTION('center_axis',(1.,0.,0.));
#4608=DIRECTION('ref_axis',(0.,1.,0.));
#4609=DIRECTION('center_axis',(1.,0.,0.));
#4610=DIRECTION('ref_axis',(0.,1.,0.));
#4611=DIRECTION('center_axis',(1.,0.,0.));
#4612=DIRECTION('ref_axis',(0.,1.,0.));
#4613=DIRECTION('axis',(0.,0.,1.));
#4614=DIRECTION('refdir',(1.,0.,0.));
#4615=DIRECTION('axis',(0.,0.,1.));
#4616=DIRECTION('refdir',(1.,0.,0.));
#4617=DIRECTION('axis',(0.,0.,1.));
#4618=DIRECTION('refdir',(1.,0.,0.));
#4619=DIRECTION('center_axis',(0.,-1.,0.));
#4620=DIRECTION('ref_axis',(0.,0.,1.));
#4621=DIRECTION('',(0.,0.,1.));
#4622=DIRECTION('',(-1.,0.,0.));
#4623=DIRECTION('',(0.,0.,-1.));
#4624=DIRECTION('',(-1.,0.,0.));
#4625=DIRECTION('center_axis',(0.,0.,-1.));
#4626=DIRECTION('ref_axis',(0.,-1.,0.));
#4627=DIRECTION('',(0.,-1.,0.));
#4628=DIRECTION('',(-1.,0.,0.));
#4629=DIRECTION('',(0.,1.,0.));
#4630=DIRECTION('center_axis',(0.,1.,0.));
#4631=DIRECTION('ref_axis',(0.,0.,-1.));
#4632=DIRECTION('',(0.,0.,-1.));
#4633=DIRECTION('',(-1.,0.,0.));
#4634=DIRECTION('',(0.,0.,1.));
#4635=DIRECTION('center_axis',(0.,0.,1.));
#4636=DIRECTION('ref_axis',(0.,1.,0.));
#4637=DIRECTION('',(0.,1.,0.));
#4638=DIRECTION('',(0.,-1.,0.));
#4639=DIRECTION('center_axis',(-1.,0.,0.));
#4640=DIRECTION('ref_axis',(0.,1.,0.));
#4641=DIRECTION('',(0.,1.,0.));
#4642=DIRECTION('',(0.,0.,-1.));
#4643=DIRECTION('',(0.,-1.,0.));
#4644=DIRECTION('',(0.,0.,-1.));
#4645=DIRECTION('center_axis',(0.,-1.,0.));
#4646=DIRECTION('ref_axis',(-1.,0.,0.));
#4647=DIRECTION('',(-1.,0.,0.));
#4648=DIRECTION('',(0.,0.,-1.));
#4649=DIRECTION('',(1.,0.,0.));
#4650=DIRECTION('center_axis',(1.,0.,0.));
#4651=DIRECTION('ref_axis',(0.,-1.,0.));
#4652=DIRECTION('',(0.,-1.,0.));
#4653=DIRECTION('',(0.,0.,-1.));
#4654=DIRECTION('',(0.,1.,0.));
#4655=DIRECTION('center_axis',(0.,1.,0.));
#4656=DIRECTION('ref_axis',(1.,0.,0.));
#4657=DIRECTION('',(1.,0.,0.));
#4658=DIRECTION('',(-1.,0.,0.));
#4659=DIRECTION('center_axis',(-0.712832058729412,0.,-0.701334767459583));
#4660=DIRECTION('ref_axis',(0.701334767459583,0.,-0.712832058729412));
#4661=DIRECTION('',(0.701334767459583,0.,-0.712832058729412));
#4662=DIRECTION('',(0.,-1.,0.));
#4663=DIRECTION('',(0.701334767459583,0.,-0.712832058729412));
#4664=DIRECTION('',(0.,1.,0.));
#4665=DIRECTION('center_axis',(0.,1.,0.));
#4666=DIRECTION('ref_axis',(0.,0.,1.));
#4667=DIRECTION('',(0.,0.,1.));
#4668=DIRECTION('',(-1.,0.,0.));
#4669=DIRECTION('center_axis',(0.,0.,1.));
#4670=DIRECTION('ref_axis',(1.,0.,0.));
#4671=DIRECTION('',(0.,-1.,0.));
#4672=DIRECTION('',(1.,0.,0.));
#4673=DIRECTION('',(0.,1.,0.));
#4674=DIRECTION('center_axis',(1.,0.,0.));
#4675=DIRECTION('ref_axis',(0.,0.,-1.));
#4676=DIRECTION('',(0.,-1.,0.));
#4677=DIRECTION('',(0.,0.,-1.));
#4678=DIRECTION('center_axis',(0.712832058729412,0.,0.701334767459583));
#4679=DIRECTION('ref_axis',(0.701334767459583,0.,-0.712832058729412));
#4680=DIRECTION('',(0.701334767459583,0.,-0.712832058729412));
#4681=DIRECTION('',(0.,1.,0.));
#4682=DIRECTION('',(0.701334767459583,0.,-0.712832058729412));
#4683=DIRECTION('',(0.,-1.,0.));
#4684=DIRECTION('center_axis',(0.,1.,0.));
#4685=DIRECTION('ref_axis',(0.,0.,1.));
#4686=DIRECTION('center_axis',(0.,0.,1.));
#4687=DIRECTION('ref_axis',(0.,-1.,0.));
#4688=DIRECTION('',(0.,1.,0.));
#4689=DIRECTION('',(1.,0.,0.));
#4690=DIRECTION('',(1.,0.,0.));
#4691=DIRECTION('center_axis',(0.,-1.,0.));
#4692=DIRECTION('ref_axis',(1.,0.,0.));
#4693=DIRECTION('',(1.,0.,0.));
#4694=DIRECTION('',(0.,0.,1.));
#4695=DIRECTION('',(0.,0.,1.));
#4696=DIRECTION('center_axis',(-1.,0.,0.));
#4697=DIRECTION('ref_axis',(0.,-1.,0.));
#4698=DIRECTION('',(0.,-1.,0.));
#4699=DIRECTION('',(0.,0.,1.));
#4700=DIRECTION('center_axis',(0.,1.,0.));
#4701=DIRECTION('ref_axis',(-1.,0.,0.));
#4702=DIRECTION('',(-1.,0.,0.));
#4703=DIRECTION('',(0.,0.,1.));
#4704=DIRECTION('center_axis',(1.,0.,0.));
#4705=DIRECTION('ref_axis',(0.,1.,0.));
#4706=DIRECTION('',(0.,1.,0.));
#4707=DIRECTION('center_axis',(0.,0.,1.));
#4708=DIRECTION('ref_axis',(1.,0.,0.));
#4709=DIRECTION('axis',(0.,0.,1.));
#4710=DIRECTION('refdir',(1.,0.,0.));
#4711=DIRECTION('center_axis',(0.,1.,0.));
#4712=DIRECTION('ref_axis',(0.,0.,-1.));
#4713=DIRECTION('',(0.,0.,-1.));
#4714=DIRECTION('',(-1.,0.,0.));
#4715=DIRECTION('',(0.,0.,1.));
#4716=DIRECTION('',(-1.,0.,0.));
#4717=DIRECTION('center_axis',(0.,0.,-1.));
#4718=DIRECTION('ref_axis',(0.,-1.,0.));
#4719=DIRECTION('',(0.,-1.,0.));
#4720=DIRECTION('',(0.,1.,0.));
#4721=DIRECTION('',(-1.,0.,0.));
#4722=DIRECTION('center_axis',(0.,-1.,0.));
#4723=DIRECTION('ref_axis',(0.,0.,1.));
#4724=DIRECTION('',(0.,0.,1.));
#4725=DIRECTION('',(0.,0.,-1.));
#4726=DIRECTION('',(-1.,0.,0.));
#4727=DIRECTION('center_axis',(0.,0.,1.));
#4728=DIRECTION('ref_axis',(0.,1.,0.));
#4729=DIRECTION('',(0.,1.,0.));
#4730=DIRECTION('',(0.,-1.,0.));
#4731=DIRECTION('center_axis',(1.,0.,0.));
#4732=DIRECTION('ref_axis',(0.,1.,0.));
#4733=DIRECTION('',(0.,1.,0.));
#4734=DIRECTION('',(0.,0.,1.));
#4735=DIRECTION('',(0.,-1.,0.));
#4736=DIRECTION('',(0.,0.,1.));
#4737=DIRECTION('center_axis',(0.,1.,0.));
#4738=DIRECTION('ref_axis',(-1.,0.,0.));
#4739=DIRECTION('',(-1.,0.,0.));
#4740=DIRECTION('',(1.,0.,0.));
#4741=DIRECTION('',(0.,0.,1.));
#4742=DIRECTION('center_axis',(-1.,0.,0.));
#4743=DIRECTION('ref_axis',(0.,-1.,0.));
#4744=DIRECTION('',(0.,-1.,0.));
#4745=DIRECTION('',(0.,1.,0.));
#4746=DIRECTION('',(0.,0.,1.));
#4747=DIRECTION('center_axis',(0.,-1.,0.));
#4748=DIRECTION('ref_axis',(1.,0.,0.));
#4749=DIRECTION('',(1.,0.,0.));
#4750=DIRECTION('',(-1.,0.,0.));
#4751=DIRECTION('center_axis',(0.712832058729412,0.,-0.701334767459583));
#4752=DIRECTION('ref_axis',(0.701334767459583,0.,0.712832058729412));
#4753=DIRECTION('',(0.701334767459583,0.,0.712832058729412));
#4754=DIRECTION('',(0.,1.,0.));
#4755=DIRECTION('',(0.701334767459583,0.,0.712832058729412));
#4756=DIRECTION('',(0.,-1.,0.));
#4757=DIRECTION('center_axis',(0.,-1.,0.));
#4758=DIRECTION('ref_axis',(0.,0.,-1.));
#4759=DIRECTION('',(0.,0.,-1.));
#4760=DIRECTION('',(-1.,0.,0.));
#4761=DIRECTION('center_axis',(0.,0.,1.));
#4762=DIRECTION('ref_axis',(1.,0.,0.));
#4763=DIRECTION('',(0.,1.,0.));
#4764=DIRECTION('',(1.,0.,0.));
#4765=DIRECTION('',(0.,-1.,0.));
#4766=DIRECTION('center_axis',(-1.,0.,0.));
#4767=DIRECTION('ref_axis',(0.,0.,1.));
#4768=DIRECTION('',(0.,0.,1.));
#4769=DIRECTION('',(0.,-1.,0.));
#4770=DIRECTION('center_axis',(-0.712832058729412,0.,0.701334767459583));
#4771=DIRECTION('ref_axis',(0.701334767459583,0.,0.712832058729412));
#4772=DIRECTION('',(0.701334767459583,0.,0.712832058729412));
#4773=DIRECTION('',(0.,-1.,0.));
#4774=DIRECTION('',(0.701334767459583,0.,0.712832058729412));
#4775=DIRECTION('',(0.,1.,0.));
#4776=DIRECTION('center_axis',(0.,-1.,0.));
#4777=DIRECTION('ref_axis',(0.,0.,-1.));
#4778=DIRECTION('center_axis',(0.,0.,1.));
#4779=DIRECTION('ref_axis',(0.,-1.,0.));
#4780=DIRECTION('',(0.,1.,0.));
#4781=DIRECTION('',(1.,0.,0.));
#4782=DIRECTION('',(1.,0.,0.));
#4783=DIRECTION('center_axis',(0.,1.,0.));
#4784=DIRECTION('ref_axis',(1.,0.,0.));
#4785=DIRECTION('',(1.,0.,0.));
#4786=DIRECTION('',(0.,0.,-1.));
#4787=DIRECTION('',(0.,0.,-1.));
#4788=DIRECTION('center_axis',(1.,0.,0.));
#4789=DIRECTION('ref_axis',(0.,-1.,0.));
#4790=DIRECTION('',(0.,-1.,0.));
#4791=DIRECTION('',(0.,0.,-1.));
#4792=DIRECTION('center_axis',(0.,-1.,0.));
#4793=DIRECTION('ref_axis',(-1.,0.,0.));
#4794=DIRECTION('',(-1.,0.,0.));
#4795=DIRECTION('',(0.,0.,-1.));
#4796=DIRECTION('center_axis',(-1.,0.,0.));
#4797=DIRECTION('ref_axis',(0.,1.,0.));
#4798=DIRECTION('',(0.,1.,0.));
#4799=DIRECTION('center_axis',(0.,0.,1.));
#4800=DIRECTION('ref_axis',(1.,0.,0.));
#4801=DIRECTION('axis',(0.,0.,1.));
#4802=DIRECTION('refdir',(1.,0.,0.));
#4803=DIRECTION('center_axis',(0.999999999938343,0.,-1.1104719580309E-5));
#4804=DIRECTION('ref_axis',(-1.1104719580309E-5,0.,-0.999999999938343));
#4805=DIRECTION('',(-1.1104719580309E-5,0.,-0.999999999938342));
#4806=DIRECTION('',(0.,1.,0.));
#4807=DIRECTION('',(-1.1104719580309E-5,0.,-0.999999999938342));
#4808=DIRECTION('',(0.,1.,0.));
#4809=DIRECTION('center_axis',(0.,1.,0.));
#4810=DIRECTION('ref_axis',(1.,0.,0.));
#4811=DIRECTION('center_axis',(0.,-1.,0.));
#4812=DIRECTION('ref_axis',(1.,0.,0.));
#4813=DIRECTION('center_axis',(0.,-1.,0.));
#4814=DIRECTION('ref_axis',(1.,0.,0.));
#4815=DIRECTION('',(0.,1.,0.));
#4816=DIRECTION('center_axis',(0.,0.,1.));
#4817=DIRECTION('ref_axis',(1.,0.,0.));
#4818=DIRECTION('',(1.,0.,0.));
#4819=DIRECTION('',(1.,0.,0.));
#4820=DIRECTION('',(0.,1.,0.));
#4821=DIRECTION('center_axis',(0.,1.,0.));
#4822=DIRECTION('ref_axis',(-0.998843636145045,0.,-0.0480769230769226));
#4823=DIRECTION('center_axis',(0.,-1.,0.));
#4824=DIRECTION('ref_axis',(-0.998843636145045,0.,-0.0480769230769226));
#4825=DIRECTION('center_axis',(0.,1.,0.));
#4826=DIRECTION('ref_axis',(-0.998843636145045,0.,-0.0480769230769226));
#4827=DIRECTION('center_axis',(0.,-1.,0.));
#4828=DIRECTION('ref_axis',(1.,0.,0.));
#4829=DIRECTION('center_axis',(0.,-1.,0.));
#4830=DIRECTION('ref_axis',(1.,0.,0.));
#4831=DIRECTION('center_axis',(0.,1.,0.));
#4832=DIRECTION('ref_axis',(1.,0.,0.));
#4833=DIRECTION('center_axis',(0.,-1.,0.));
#4834=DIRECTION('ref_axis',(1.,0.,0.));
#4835=DIRECTION('',(0.,1.,0.));
#4836=DIRECTION('center_axis',(0.,-1.,0.));
#4837=DIRECTION('ref_axis',(1.,0.,0.));
#4838=DIRECTION('',(0.,1.,0.));
#4839=DIRECTION('center_axis',(0.999999999938343,0.,-1.1104719580309E-5));
#4840=DIRECTION('ref_axis',(-1.1104719580309E-5,0.,-0.999999999938343));
#4841=DIRECTION('',(-1.1104719580309E-5,0.,-0.999999999938342));
#4842=DIRECTION('',(-1.1104719580309E-5,0.,-0.999999999938342));
#4843=DIRECTION('',(0.,1.,0.));
#4844=DIRECTION('center_axis',(0.,1.,0.));
#4845=DIRECTION('ref_axis',(-0.0480769230769232,0.,0.998843636145045));
#4846=DIRECTION('center_axis',(0.,-1.,0.));
#4847=DIRECTION('ref_axis',(-0.0480769230769232,0.,0.998843636145045));
#4848=DIRECTION('center_axis',(0.,1.,0.));
#4849=DIRECTION('ref_axis',(-0.0480769230769232,0.,0.998843636145045));
#4850=DIRECTION('',(0.,1.,0.));
#4851=DIRECTION('center_axis',(5.07671330764213E-17,0.,-1.));
#4852=DIRECTION('ref_axis',(-1.,0.,-5.07671330764213E-17));
#4853=DIRECTION('',(1.,0.,5.07671330764213E-17));
#4854=DIRECTION('',(-1.,0.,-5.07671330764213E-17));
#4855=DIRECTION('center_axis',(0.,-1.,0.));
#4856=DIRECTION('ref_axis',(1.,0.,0.));
#4857=DIRECTION('center_axis',(0.,-1.,0.));
#4858=DIRECTION('ref_axis',(1.,0.,0.));
#4859=DIRECTION('center_axis',(0.,0.,1.));
#4860=DIRECTION('ref_axis',(1.,0.,0.));
#4861=DIRECTION('',(1.,0.,0.));
#4862=DIRECTION('',(0.,1.,0.));
#4863=DIRECTION('',(1.,0.,0.));
#4864=DIRECTION('',(0.,1.,0.));
#4865=DIRECTION('center_axis',(0.,1.,0.));
#4866=DIRECTION('ref_axis',(1.,0.,0.));
#4867=DIRECTION('center_axis',(0.,-1.,0.));
#4868=DIRECTION('ref_axis',(1.,0.,0.));
#4869=DIRECTION('center_axis',(0.,-1.,0.));
#4870=DIRECTION('ref_axis',(1.,0.,0.));
#4871=DIRECTION('',(0.,1.,0.));
#4872=DIRECTION('center_axis',(-0.999999999938343,0.,-1.11047195802582E-5));
#4873=DIRECTION('ref_axis',(-1.11047195802582E-5,0.,0.999999999938343));
#4874=DIRECTION('',(-1.11047195802582E-5,0.,0.999999999938342));
#4875=DIRECTION('',(-1.11047195802582E-5,0.,0.999999999938342));
#4876=DIRECTION('',(0.,1.,0.));
#4877=DIRECTION('center_axis',(0.,1.,0.));
#4878=DIRECTION('ref_axis',(0.0480769230769229,0.,-0.998843636145045));
#4879=DIRECTION('center_axis',(0.,-1.,0.));
#4880=DIRECTION('ref_axis',(0.0480769230769229,0.,-0.998843636145045));
#4881=DIRECTION('center_axis',(0.,1.,0.));
#4882=DIRECTION('ref_axis',(0.0480769230769229,0.,-0.998843636145045));
#4883=DIRECTION('center_axis',(0.,-1.,0.));
#4884=DIRECTION('ref_axis',(1.,0.,0.));
#4885=DIRECTION('center_axis',(0.,-1.,0.));
#4886=DIRECTION('ref_axis',(1.,0.,0.));
#4887=DIRECTION('center_axis',(0.,1.,0.));
#4888=DIRECTION('ref_axis',(0.998843636145045,0.,0.0480769230769223));
#4889=DIRECTION('center_axis',(0.,-1.,0.));
#4890=DIRECTION('ref_axis',(0.998843636145045,0.,0.0480769230769223));
#4891=DIRECTION('',(0.,1.,0.));
#4892=DIRECTION('center_axis',(0.,1.,0.));
#4893=DIRECTION('ref_axis',(0.998843636145045,0.,0.0480769230769223));
#4894=DIRECTION('',(0.,1.,0.));
#4895=DIRECTION('center_axis',(-0.999999999938343,0.,-1.11047195802582E-5));
#4896=DIRECTION('ref_axis',(-1.11047195802582E-5,0.,0.999999999938343));
#4897=DIRECTION('',(-1.11047195802582E-5,0.,0.999999999938342));
#4898=DIRECTION('',(-1.11047195802582E-5,0.,0.999999999938342));
#4899=DIRECTION('',(0.,1.,0.));
#4900=DIRECTION('center_axis',(0.,1.,0.));
#4901=DIRECTION('ref_axis',(1.,0.,0.));
#4902=DIRECTION('center_axis',(0.,-1.,0.));
#4903=DIRECTION('ref_axis',(1.,0.,0.));
#4904=DIRECTION('center_axis',(0.,-1.,0.));
#4905=DIRECTION('ref_axis',(1.,0.,0.));
#4906=DIRECTION('',(0.,1.,0.));
#4907=DIRECTION('center_axis',(5.07671330764213E-17,0.,-1.));
#4908=DIRECTION('ref_axis',(-1.,0.,-5.07671330764213E-17));
#4909=DIRECTION('',(1.,0.,5.07671330764213E-17));
#4910=DIRECTION('',(-1.,0.,-5.07671330764213E-17));
#4911=DIRECTION('center_axis',(0.,-1.,0.));
#4912=DIRECTION('ref_axis',(1.,0.,0.));
#4913=DIRECTION('center_axis',(0.,-1.,0.));
#4914=DIRECTION('ref_axis',(1.,0.,0.));
#4915=DIRECTION('axis',(0.,0.,1.));
#4916=DIRECTION('refdir',(1.,0.,0.));
#4917=DIRECTION('center_axis',(1.,0.,0.));
#4918=DIRECTION('ref_axis',(0.,1.,0.));
#4919=DIRECTION('',(0.,-1.,0.));
#4920=DIRECTION('',(0.,0.,1.));
#4921=DIRECTION('',(0.,1.,0.));
#4922=DIRECTION('',(0.,0.,1.));
#4923=DIRECTION('center_axis',(0.,-1.,0.));
#4924=DIRECTION('ref_axis',(1.,0.,0.));
#4925=DIRECTION('',(-1.,0.,0.));
#4926=DIRECTION('',(1.,0.,0.));
#4927=DIRECTION('',(0.,0.,1.));
#4928=DIRECTION('center_axis',(-1.,0.,0.));
#4929=DIRECTION('ref_axis',(0.,-1.,0.));
#4930=DIRECTION('',(0.,1.,0.));
#4931=DIRECTION('',(0.,-1.,0.));
#4932=DIRECTION('',(0.,0.,1.));
#4933=DIRECTION('center_axis',(0.,1.,0.));
#4934=DIRECTION('ref_axis',(-1.,0.,0.));
#4935=DIRECTION('',(1.,0.,0.));
#4936=DIRECTION('',(-1.,0.,0.));
#4937=DIRECTION('center_axis',(0.,0.,1.));
#4938=DIRECTION('ref_axis',(1.,0.,0.));
#4939=DIRECTION('center_axis',(0.,0.,1.));
#4940=DIRECTION('ref_axis',(-1.,0.,0.));
#4941=DIRECTION('axis',(0.,0.,1.));
#4942=DIRECTION('refdir',(1.,0.,0.));
#4943=DIRECTION('center_axis',(-1.,0.,0.));
#4944=DIRECTION('ref_axis',(0.,1.,0.));
#4945=DIRECTION('',(0.,-1.,0.));
#4946=DIRECTION('',(0.,0.,-1.));
#4947=DIRECTION('',(0.,1.,0.));
#4948=DIRECTION('',(0.,0.,-1.));
#4949=DIRECTION('center_axis',(0.,1.,0.));
#4950=DIRECTION('ref_axis',(1.,0.,0.));
#4951=DIRECTION('',(-1.,0.,0.));
#4952=DIRECTION('',(0.,0.,-1.));
#4953=DIRECTION('',(1.,0.,0.));
#4954=DIRECTION('center_axis',(1.,0.,0.));
#4955=DIRECTION('ref_axis',(0.,-1.,0.));
#4956=DIRECTION('',(0.,1.,0.));
#4957=DIRECTION('',(0.,0.,-1.));
#4958=DIRECTION('',(0.,-1.,0.));
#4959=DIRECTION('center_axis',(0.,-1.,0.));
#4960=DIRECTION('ref_axis',(-1.,0.,0.));
#4961=DIRECTION('',(1.,0.,0.));
#4962=DIRECTION('',(-1.,0.,0.));
#4963=DIRECTION('center_axis',(0.,0.,1.));
#4964=DIRECTION('ref_axis',(1.,0.,0.));
#4965=DIRECTION('center_axis',(0.,0.,1.));
#4966=DIRECTION('ref_axis',(-1.,0.,0.));
#4967=DIRECTION('axis',(0.,0.,1.));
#4968=DIRECTION('refdir',(1.,0.,0.));
#4969=DIRECTION('center_axis',(0.,0.,1.));
#4970=DIRECTION('ref_axis',(-1.,0.,0.));
#4971=DIRECTION('center_axis',(1.37736617050144E-16,0.,1.));
#4972=DIRECTION('ref_axis',(-1.,0.,0.));
#4973=DIRECTION('',(-0.741252945775571,9.077730474026E-17,-0.671225796866478));
#4974=DIRECTION('center_axis',(-1.37736617050144E-16,0.,-1.));
#4975=DIRECTION('ref_axis',(-1.,0.,0.));
#4976=DIRECTION('center_axis',(-1.37736617050144E-16,0.,-1.));
#4977=DIRECTION('ref_axis',(-1.,0.,1.40742407516394E-16));
#4978=DIRECTION('center_axis',(-1.37736617050144E-16,0.,-1.));
#4979=DIRECTION('ref_axis',(-1.,0.,1.37736617050144E-16));
#4980=DIRECTION('center_axis',(-1.22464679914735E-16,-1.,1.68678707195844E-32));
#4981=DIRECTION('ref_axis',(1.,-1.22464679914735E-16,-1.3194600704662E-16));
#4982=DIRECTION('center_axis',(1.37736617050144E-16,0.,1.));
#4983=DIRECTION('ref_axis',(-1.,0.,1.41142006690205E-16));
#4984=DIRECTION('center_axis',(-1.37736617050144E-16,0.,-1.));
#4985=DIRECTION('ref_axis',(-1.,0.,1.37736617050144E-16));
#4986=DIRECTION('center_axis',(-1.37736617050144E-16,0.,-1.));
#4987=DIRECTION('ref_axis',(1.,0.,-1.37736617050144E-16));
#4988=DIRECTION('center_axis',(-1.37736617050144E-16,0.,-1.));
#4989=DIRECTION('ref_axis',(-1.,0.,0.));
#4990=DIRECTION('',(1.37736617050144E-16,0.,1.));
#4991=DIRECTION('center_axis',(1.,1.1830548380954E-15,0.));
#4992=DIRECTION('ref_axis',(-1.1830548380954E-15,1.,0.));
#4993=DIRECTION('',(-1.1830548380954E-15,1.,1.62949971184067E-31));
#4994=DIRECTION('',(1.37736617050144E-16,0.,1.));
#4995=DIRECTION('',(1.37736617050144E-16,0.,1.));
#4996=DIRECTION('center_axis',(0.500000000000001,-0.866025403784438,0.));
#4997=DIRECTION('ref_axis',(0.866025403784438,0.500000000000001,0.));
#4998=DIRECTION('',(0.866025403784438,0.500000000000001,-1.19283409396754E-16));
#4999=DIRECTION('',(-1.37736617050144E-16,0.,-1.));
#5000=DIRECTION('center_axis',(-0.499999999999999,-0.866025403784439,0.));
#5001=DIRECTION('ref_axis',(0.866025403784439,-0.499999999999999,0.));
#5002=DIRECTION('',(0.866025403784439,-0.499999999999999,-1.19283409396754E-16));
#5003=DIRECTION('',(1.37736617050144E-16,0.,1.));
#5004=DIRECTION('center_axis',(-1.,-1.1830548380954E-15,0.));
#5005=DIRECTION('ref_axis',(1.1830548380954E-15,-1.,0.));
#5006=DIRECTION('',(1.1830548380954E-15,-1.,-1.62949971184067E-31));
#5007=DIRECTION('',(1.37736617050144E-16,0.,1.));
#5008=DIRECTION('center_axis',(-0.500000000000001,0.866025403784438,0.));
#5009=DIRECTION('ref_axis',(-0.866025403784438,-0.500000000000001,0.));
#5010=DIRECTION('',(-0.866025403784438,-0.500000000000001,1.19283409396754E-16));
#5011=DIRECTION('',(1.37736617050144E-16,0.,1.));
#5012=DIRECTION('center_axis',(0.499999999999999,0.86602540378444,0.));
#5013=DIRECTION('ref_axis',(-0.866025403784439,0.499999999999998,0.));
#5014=DIRECTION('',(-0.866025403784439,0.499999999999998,1.19283409396754E-16));
#5015=DIRECTION('center_axis',(1.37736617050144E-16,0.,1.));
#5016=DIRECTION('ref_axis',(-1.,0.,0.));
#5017=DIRECTION('',(0.5,-6.12323399573676E-17,0.866025403784439));
#5018=DIRECTION('center_axis',(-1.37736617050144E-16,0.,-1.));
#5019=DIRECTION('ref_axis',(1.,0.,-1.37736617050144E-16));
#5020=DIRECTION('center_axis',(-1.37736617050144E-16,0.,-1.));
#5021=DIRECTION('ref_axis',(-1.,0.,1.37736617050144E-16));
#5022=DIRECTION('center_axis',(1.37736617050144E-16,0.,1.));
#5023=DIRECTION('ref_axis',(1.,0.,-1.37736617050144E-16));
#5024=DIRECTION('center_axis',(-1.37736617050144E-16,0.,-1.));
#5025=DIRECTION('ref_axis',(1.,0.,-1.37736617050144E-16));
#5026=DIRECTION('center_axis',(-1.37736617050144E-16,0.,-1.));
#5027=DIRECTION('ref_axis',(-1.,0.,0.));
#5028=DIRECTION('',(-0.86602540378444,1.06057523872491E-16,0.499999999999998));
#5029=DIRECTION('center_axis',(-1.37736617050144E-16,0.,-1.));
#5030=DIRECTION('ref_axis',(-1.,0.,1.37736617050144E-16));
#5031=DIRECTION('axis',(0.,0.,1.));
#5032=DIRECTION('refdir',(1.,0.,0.));
#5033=DIRECTION('center_axis',(0.,0.,1.));
#5034=DIRECTION('ref_axis',(-1.,0.,0.));
#5035=DIRECTION('center_axis',(6.3132858765084E-17,0.,1.));
#5036=DIRECTION('ref_axis',(-1.,0.,0.));
#5037=DIRECTION('',(-0.741252945775567,9.07773047402594E-17,-0.671225796866483));
#5038=DIRECTION('center_axis',(-6.3132858765084E-17,0.,-1.));
#5039=DIRECTION('ref_axis',(-1.,0.,0.));
#5040=DIRECTION('center_axis',(-6.3132858765084E-17,0.,-1.));
#5041=DIRECTION('ref_axis',(-1.,0.,5.86426697984976E-17));
#5042=DIRECTION('center_axis',(-6.3132858765084E-17,0.,-1.));
#5043=DIRECTION('ref_axis',(-1.,0.,6.3132858765084E-17));
#5044=DIRECTION('center_axis',(-1.22464679914735E-16,-1.,7.7315453407682E-33));
#5045=DIRECTION('ref_axis',(1.,-1.22464679914735E-16,-5.86426697984976E-17));
#5046=DIRECTION('center_axis',(6.3132858765084E-17,0.,1.));
#5047=DIRECTION('ref_axis',(-1.,0.,7.05710033451027E-17));
#5048=DIRECTION('center_axis',(-6.3132858765084E-17,0.,-1.));
#5049=DIRECTION('ref_axis',(-1.,0.,6.3132858765084E-17));
#5050=DIRECTION('center_axis',(-6.3132858765084E-17,0.,-1.));
#5051=DIRECTION('ref_axis',(1.,0.,-6.3132858765084E-17));
#5052=DIRECTION('center_axis',(-6.3132858765084E-17,0.,-1.));
#5053=DIRECTION('ref_axis',(-1.,0.,0.));
#5054=DIRECTION('',(6.3132858765084E-17,0.,1.));
#5055=DIRECTION('center_axis',(1.,1.1830548380954E-15,0.));
#5056=DIRECTION('ref_axis',(-1.1830548380954E-15,1.,0.));
#5057=DIRECTION('',(-1.1830548380954E-15,1.,7.46896340048264E-32));
#5058=DIRECTION('',(6.3132858765084E-17,0.,1.));
#5059=DIRECTION('',(6.3132858765084E-17,0.,1.));
#5060=DIRECTION('center_axis',(0.500000000000001,-0.866025403784438,0.));
#5061=DIRECTION('ref_axis',(0.866025403784438,0.500000000000001,0.));
#5062=DIRECTION('',(0.866025403784438,0.500000000000001,-5.46746595040977E-17));
#5063=DIRECTION('',(-6.3132858765084E-17,0.,-1.));
#5064=DIRECTION('center_axis',(-0.499999999999999,-0.866025403784439,0.));
#5065=DIRECTION('ref_axis',(0.866025403784439,-0.499999999999999,0.));
#5066=DIRECTION('',(0.866025403784439,-0.499999999999999,-5.46746595040978E-17));
#5067=DIRECTION('',(6.3132858765084E-17,0.,1.));
#5068=DIRECTION('center_axis',(-1.,-1.47881854761926E-15,0.));
#5069=DIRECTION('ref_axis',(1.47881854761926E-15,-1.,0.));
#5070=DIRECTION('',(1.47881854761926E-15,-1.,-9.3362042506033E-32));
#5071=DIRECTION('',(6.3132858765084E-17,0.,1.));
#5072=DIRECTION('center_axis',(-0.500000000000001,0.866025403784438,0.));
#5073=DIRECTION('ref_axis',(-0.866025403784438,-0.500000000000001,0.));
#5074=DIRECTION('',(-0.866025403784438,-0.500000000000001,5.46746595040977E-17));
#5075=DIRECTION('',(6.3132858765084E-17,0.,1.));
#5076=DIRECTION('center_axis',(0.499999999999999,0.866025403784439,0.));
#5077=DIRECTION('ref_axis',(-0.866025403784439,0.499999999999999,0.));
#5078=DIRECTION('',(-0.866025403784439,0.499999999999999,5.46746595040978E-17));
#5079=DIRECTION('center_axis',(6.3132858765084E-17,0.,1.));
#5080=DIRECTION('ref_axis',(-1.,0.,0.));
#5081=DIRECTION('',(0.5,-6.12323399573677E-17,0.866025403784438));
#5082=DIRECTION('center_axis',(-6.3132858765084E-17,0.,-1.));
#5083=DIRECTION('ref_axis',(1.,0.,-6.3132858765084E-17));
#5084=DIRECTION('center_axis',(-6.3132858765084E-17,0.,-1.));
#5085=DIRECTION('ref_axis',(-1.,0.,6.3132858765084E-17));
#5086=DIRECTION('center_axis',(6.3132858765084E-17,0.,1.));
#5087=DIRECTION('ref_axis',(1.,0.,-6.3132858765084E-17));
#5088=DIRECTION('center_axis',(-6.3132858765084E-17,0.,-1.));
#5089=DIRECTION('ref_axis',(1.,0.,-6.3132858765084E-17));
#5090=DIRECTION('center_axis',(-6.3132858765084E-17,0.,-1.));
#5091=DIRECTION('ref_axis',(-1.,0.,0.));
#5092=DIRECTION('',(-0.86602540378444,1.06057523872491E-16,0.499999999999998));
#5093=DIRECTION('center_axis',(-6.3132858765084E-17,0.,-1.));
#5094=DIRECTION('ref_axis',(-1.,0.,6.3132858765084E-17));
#5095=DIRECTION('axis',(0.,0.,1.));
#5096=DIRECTION('refdir',(1.,0.,0.));
#5097=DIRECTION('center_axis',(0.,0.,-1.));
#5098=DIRECTION('ref_axis',(0.,1.,0.));
#5099=DIRECTION('center_axis',(0.,0.,-1.));
#5100=DIRECTION('ref_axis',(1.,0.,0.));
#5101=DIRECTION('',(1.10990693043675E-16,0.90630778703665,0.4226182617407));
#5102=DIRECTION('center_axis',(0.,0.,-1.));
#5103=DIRECTION('ref_axis',(1.,0.,0.));
#5104=DIRECTION('center_axis',(0.,0.,-1.));
#5105=DIRECTION('ref_axis',(-1.,0.,0.));
#5106=DIRECTION('center_axis',(0.,0.,-1.));
#5107=DIRECTION('ref_axis',(1.,0.,0.));
#5108=DIRECTION('center_axis',(-1.22464679914735E-16,-1.,0.));
#5109=DIRECTION('ref_axis',(1.,-1.22464679914735E-16,0.));
#5110=DIRECTION('center_axis',(-0.5,0.866025403784439,0.));
#5111=DIRECTION('ref_axis',(0.866025403784439,0.5,0.));
#5112=DIRECTION('',(0.,0.,1.));
#5113=DIRECTION('',(0.,0.,1.));
#5114=DIRECTION('center_axis',(-1.,1.22464679914735E-16,0.));
#5115=DIRECTION('ref_axis',(1.22464679914735E-16,1.,0.));
#5116=DIRECTION('',(0.,0.,1.));
#5117=DIRECTION('center_axis',(-0.5,-0.866025403784438,0.));
#5118=DIRECTION('ref_axis',(-0.866025403784438,0.5,0.));
#5119=DIRECTION('',(0.,0.,1.));
#5120=DIRECTION('center_axis',(0.499999999999999,-0.866025403784439,0.));
#5121=DIRECTION('ref_axis',(-0.866025403784439,-0.499999999999999,0.));
#5122=DIRECTION('',(0.,0.,-1.));
#5123=DIRECTION('center_axis',(1.,0.,0.));
#5124=DIRECTION('ref_axis',(0.,-1.,0.));
#5125=DIRECTION('',(0.,0.,1.));
#5126=DIRECTION('center_axis',(0.,0.,-1.));
#5127=DIRECTION('ref_axis',(-1.,0.,0.));
#5128=DIRECTION('center_axis',(0.,0.,-1.));
#5129=DIRECTION('ref_axis',(-1.,0.,0.));
#5130=DIRECTION('center_axis',(0.5,0.866025403784439,0.));
#5131=DIRECTION('ref_axis',(0.866025403784439,-0.5,0.));
#5132=DIRECTION('center_axis',(0.,0.,1.));
#5133=DIRECTION('ref_axis',(1.,0.,0.));
#5134=DIRECTION('center_axis',(0.,0.,-1.));
#5135=DIRECTION('ref_axis',(1.,0.,0.));
#5136=DIRECTION('center_axis',(0.,0.,1.));
#5137=DIRECTION('ref_axis',(-1.,0.,0.));
#5138=DIRECTION('center_axis',(0.,0.,-1.));
#5139=DIRECTION('ref_axis',(-1.,0.,0.));
#5140=DIRECTION('',(-0.965925826289069,1.18291797137867E-16,0.258819045102519));
#5141=DIRECTION('center_axis',(0.,0.,-1.));
#5142=DIRECTION('ref_axis',(-1.,0.,0.));
#5143=DIRECTION('',(0.,0.,1.));
#5144=DIRECTION('center_axis',(0.,-1.,0.));
#5145=DIRECTION('ref_axis',(0.,0.,-1.));
#5146=DIRECTION('',(0.,0.,1.));
#5147=DIRECTION('',(-1.,0.,0.));
#5148=DIRECTION('',(0.,0.,-1.));
#5149=DIRECTION('',(1.,0.,0.));
#5150=DIRECTION('center_axis',(0.,0.,1.));
#5151=DIRECTION('ref_axis',(1.,0.,0.));
#5152=DIRECTION('',(0.,-1.,0.));
#5153=DIRECTION('',(1.,0.,0.));
#5154=DIRECTION('',(0.,1.,0.));
#5155=DIRECTION('center_axis',(-1.,0.,0.));
#5156=DIRECTION('ref_axis',(0.,0.,1.));
#5157=DIRECTION('',(0.,0.,1.));
#5158=DIRECTION('',(0.,1.,0.));
#5159=DIRECTION('center_axis',(0.,0.,-1.));
#5160=DIRECTION('ref_axis',(-1.,0.,0.));
#5161=DIRECTION('',(-1.,0.,0.));
#5162=DIRECTION('',(0.,1.,0.));
#5163=DIRECTION('center_axis',(1.,0.,0.));
#5164=DIRECTION('ref_axis',(0.,0.,-1.));
#5165=DIRECTION('',(0.,0.,-1.));
#5166=DIRECTION('center_axis',(0.,1.,0.));
#5167=DIRECTION('ref_axis',(0.,0.,1.));
#5168=DIRECTION('center_axis',(-1.,0.,0.));
#5169=DIRECTION('ref_axis',(0.,1.,0.));
#5170=DIRECTION('center_axis',(-1.,0.,0.));
#5171=DIRECTION('ref_axis',(0.,1.,0.));
#5172=DIRECTION('',(-1.,0.,0.));
#5173=DIRECTION('center_axis',(1.,0.,0.));
#5174=DIRECTION('ref_axis',(0.,1.,0.));
#5175=DIRECTION('center_axis',(-1.,0.,0.));
#5176=DIRECTION('ref_axis',(0.,1.,0.));
#5177=DIRECTION('center_axis',(-1.,0.,0.));
#5178=DIRECTION('ref_axis',(0.,1.,0.));
#5179=DIRECTION('',(-1.,0.,0.));
#5180=DIRECTION('center_axis',(1.,0.,0.));
#5181=DIRECTION('ref_axis',(0.,1.,0.));
#5182=DIRECTION('center_axis',(-1.,0.,0.));
#5183=DIRECTION('ref_axis',(0.,1.,0.));
#5184=DIRECTION('center_axis',(-1.,0.,0.));
#5185=DIRECTION('ref_axis',(0.,1.,0.));
#5186=DIRECTION('',(-1.,0.,0.));
#5187=DIRECTION('center_axis',(1.,0.,0.));
#5188=DIRECTION('ref_axis',(0.,1.,0.));
#5189=DIRECTION('center_axis',(0.,-1.,0.));
#5190=DIRECTION('ref_axis',(0.,0.,-1.));
#5191=DIRECTION('',(-1.,0.,0.));
#5192=DIRECTION('',(0.,0.,-1.));
#5193=DIRECTION('',(1.,0.,0.));
#5194=DIRECTION('',(0.,0.,1.));
#5195=DIRECTION('center_axis',(-1.,0.,0.));
#5196=DIRECTION('ref_axis',(0.,0.,1.));
#5197=DIRECTION('',(0.,-1.,0.));
#5198=DIRECTION('',(0.,0.,1.));
#5199=DIRECTION('',(0.,1.,0.));
#5200=DIRECTION('center_axis',(0.,0.,-1.));
#5201=DIRECTION('ref_axis',(-1.,0.,0.));
#5202=DIRECTION('',(-1.,0.,0.));
#5203=DIRECTION('',(0.,1.,0.));
#5204=DIRECTION('center_axis',(1.,0.,0.));
#5205=DIRECTION('ref_axis',(0.,0.,-1.));
#5206=DIRECTION('',(0.,0.,-1.));
#5207=DIRECTION('',(0.,1.,0.));
#5208=DIRECTION('center_axis',(0.,0.,1.));
#5209=DIRECTION('ref_axis',(1.,0.,0.));
#5210=DIRECTION('',(1.,0.,0.));
#5211=DIRECTION('center_axis',(0.,1.,0.));
#5212=DIRECTION('ref_axis',(0.,0.,1.));
#5213=DIRECTION('center_axis',(0.,0.,-1.));
#5214=DIRECTION('ref_axis',(-1.,0.,0.));
#5215=DIRECTION('center_axis',(0.,0.,-1.));
#5216=DIRECTION('ref_axis',(-1.,0.,0.));
#5217=DIRECTION('',(0.,0.,-1.));
#5218=DIRECTION('center_axis',(0.,0.,1.));
#5219=DIRECTION('ref_axis',(-1.,0.,0.));
#5220=DIRECTION('center_axis',(0.,0.,-1.));
#5221=DIRECTION('ref_axis',(-1.,0.,0.));
#5222=DIRECTION('center_axis',(0.,0.,-1.));
#5223=DIRECTION('ref_axis',(-1.,0.,0.));
#5224=DIRECTION('',(0.,0.,-1.));
#5225=DIRECTION('center_axis',(0.,0.,1.));
#5226=DIRECTION('ref_axis',(-1.,0.,0.));
#5227=DIRECTION('center_axis',(0.,0.,1.));
#5228=DIRECTION('ref_axis',(1.,0.,0.));
#5229=DIRECTION('center_axis',(0.,0.,-1.));
#5230=DIRECTION('ref_axis',(1.,0.,0.));
#5231=DIRECTION('',(0.,0.,-1.));
#5232=DIRECTION('center_axis',(0.,0.,1.));
#5233=DIRECTION('ref_axis',(1.,0.,0.));
#5234=DIRECTION('center_axis',(0.,0.,1.));
#5235=DIRECTION('ref_axis',(1.,0.,0.));
#5236=DIRECTION('center_axis',(0.,0.,-1.));
#5237=DIRECTION('ref_axis',(1.,0.,0.));
#5238=DIRECTION('',(0.,0.,-1.));
#5239=DIRECTION('center_axis',(0.,0.,1.));
#5240=DIRECTION('ref_axis',(1.,0.,0.));
#5241=DIRECTION('center_axis',(0.,0.,-1.));
#5242=DIRECTION('ref_axis',(-1.,0.,0.));
#5243=DIRECTION('center_axis',(0.,0.,-1.));
#5244=DIRECTION('ref_axis',(-1.,0.,0.));
#5245=DIRECTION('',(0.,0.,-1.));
#5246=DIRECTION('center_axis',(0.,0.,1.));
#5247=DIRECTION('ref_axis',(-1.,0.,0.));
#5248=DIRECTION('center_axis',(0.,0.,-1.));
#5249=DIRECTION('ref_axis',(-1.,0.,0.));
#5250=DIRECTION('center_axis',(0.,0.,-1.));
#5251=DIRECTION('ref_axis',(-1.,0.,0.));
#5252=DIRECTION('',(0.,0.,-1.));
#5253=DIRECTION('center_axis',(0.,0.,1.));
#5254=DIRECTION('ref_axis',(-1.,0.,0.));
#5255=DIRECTION('center_axis',(0.,-1.,0.));
#5256=DIRECTION('ref_axis',(0.,0.,-1.));
#5257=DIRECTION('',(1.,0.,0.));
#5258=DIRECTION('',(0.,0.,1.));
#5259=DIRECTION('',(-1.,0.,0.));
#5260=DIRECTION('',(0.,0.,-1.));
#5261=DIRECTION('center_axis',(1.,0.,0.));
#5262=DIRECTION('ref_axis',(0.,0.,-1.));
#5263=DIRECTION('',(0.,-1.,0.));
#5264=DIRECTION('',(0.,0.,-1.));
#5265=DIRECTION('',(0.,1.,0.));
#5266=DIRECTION('center_axis',(0.,0.,1.));
#5267=DIRECTION('ref_axis',(1.,0.,0.));
#5268=DIRECTION('',(1.,0.,0.));
#5269=DIRECTION('',(0.,1.,0.));
#5270=DIRECTION('center_axis',(-1.,0.,0.));
#5271=DIRECTION('ref_axis',(0.,0.,1.));
#5272=DIRECTION('',(0.,0.,1.));
#5273=DIRECTION('',(0.,1.,0.));
#5274=DIRECTION('center_axis',(0.,0.,-1.));
#5275=DIRECTION('ref_axis',(-1.,0.,0.));
#5276=DIRECTION('',(-1.,0.,0.));
#5277=DIRECTION('center_axis',(0.,1.,0.));
#5278=DIRECTION('ref_axis',(0.,0.,1.));
#5279=DIRECTION('center_axis',(0.,-1.,0.));
#5280=DIRECTION('ref_axis',(0.,0.,-1.));
#5281=DIRECTION('',(-1.,0.,0.));
#5282=DIRECTION('',(0.,0.,-1.));
#5283=DIRECTION('',(1.,0.,0.));
#5284=DIRECTION('',(0.,0.,1.));
#5285=DIRECTION('center_axis',(-1.,0.,0.));
#5286=DIRECTION('ref_axis',(0.,0.,1.));
#5287=DIRECTION('',(0.,-1.,0.));
#5288=DIRECTION('',(0.,0.,1.));
#5289=DIRECTION('',(0.,1.,0.));
#5290=DIRECTION('center_axis',(0.,0.,-1.));
#5291=DIRECTION('ref_axis',(-1.,0.,0.));
#5292=DIRECTION('',(-1.,0.,0.));
#5293=DIRECTION('',(0.,1.,0.));
#5294=DIRECTION('center_axis',(1.,0.,0.));
#5295=DIRECTION('ref_axis',(0.,0.,-1.));
#5296=DIRECTION('',(0.,0.,-1.));
#5297=DIRECTION('',(0.,1.,0.));
#5298=DIRECTION('center_axis',(0.,0.,1.));
#5299=DIRECTION('ref_axis',(1.,0.,0.));
#5300=DIRECTION('',(1.,0.,0.));
#5301=DIRECTION('center_axis',(0.,1.,0.));
#5302=DIRECTION('ref_axis',(0.,0.,1.));
#5303=DIRECTION('center_axis',(0.,1.,0.));
#5304=DIRECTION('ref_axis',(1.,0.,0.));
#5305=DIRECTION('',(-1.,0.,0.));
#5306=DIRECTION('',(0.,0.,-1.));
#5307=DIRECTION('',(1.,0.,0.));
#5308=DIRECTION('',(0.,0.,1.));
#5309=DIRECTION('center_axis',(0.,1.,0.));
#5310=DIRECTION('ref_axis',(1.,0.,0.));
#5311=DIRECTION('center_axis',(-1.,0.,0.));
#5312=DIRECTION('ref_axis',(0.,0.,1.));
#5313=DIRECTION('',(0.,-1.,0.));
#5314=DIRECTION('',(0.,0.,1.));
#5315=DIRECTION('',(0.,1.,0.));
#5316=DIRECTION('center_axis',(0.,0.,-1.));
#5317=DIRECTION('ref_axis',(-1.,0.,0.));
#5318=DIRECTION('',(-1.,0.,0.));
#5319=DIRECTION('',(0.,1.,0.));
#5320=DIRECTION('center_axis',(1.,0.,0.));
#5321=DIRECTION('ref_axis',(0.,0.,-1.));
#5322=DIRECTION('',(0.,0.,-1.));
#5323=DIRECTION('',(0.,1.,0.));
#5324=DIRECTION('center_axis',(0.,1.,0.));
#5325=DIRECTION('ref_axis',(1.,0.,0.));
#5326=DIRECTION('center_axis',(0.,-1.,0.));
#5327=DIRECTION('ref_axis',(1.,0.,0.));
#5328=DIRECTION('',(0.,1.,0.));
#5329=DIRECTION('center_axis',(0.,0.,1.));
#5330=DIRECTION('ref_axis',(1.,0.,0.));
#5331=DIRECTION('',(1.,0.,0.));
#5332=DIRECTION('center_axis',(0.,1.,0.));
#5333=DIRECTION('ref_axis',(1.,0.,0.));
#5334=DIRECTION('center_axis',(0.,-1.,0.));
#5335=DIRECTION('ref_axis',(-1.,0.,0.));
#5336=DIRECTION('',(1.,0.,0.));
#5337=DIRECTION('center_axis',(0.,-1.,0.));
#5338=DIRECTION('ref_axis',(-1.,0.,0.));
#5339=DIRECTION('',(0.,0.,1.));
#5340=DIRECTION('',(-1.,0.,0.));
#5341=DIRECTION('',(0.,0.,-1.));
#5342=DIRECTION('center_axis',(-1.,0.,0.));
#5343=DIRECTION('ref_axis',(0.,0.,1.));
#5344=DIRECTION('',(0.,-1.,0.));
#5345=DIRECTION('',(0.,1.,0.));
#5346=DIRECTION('',(0.,0.,1.));
#5347=DIRECTION('center_axis',(0.,0.,1.));
#5348=DIRECTION('ref_axis',(1.,0.,0.));
#5349=DIRECTION('',(0.,1.,0.));
#5350=DIRECTION('',(1.,0.,0.));
#5351=DIRECTION('center_axis',(1.,0.,0.));
#5352=DIRECTION('ref_axis',(0.,0.,-1.));
#5353=DIRECTION('',(0.,1.,0.));
#5354=DIRECTION('',(0.,0.,-1.));
#5355=DIRECTION('center_axis',(0.,-1.,0.));
#5356=DIRECTION('ref_axis',(-1.,0.,0.));
#5357=DIRECTION('',(0.,1.,0.));
#5358=DIRECTION('center_axis',(0.,1.,0.));
#5359=DIRECTION('ref_axis',(-1.,0.,0.));
#5360=DIRECTION('center_axis',(0.,0.,-1.));
#5361=DIRECTION('ref_axis',(-1.,0.,0.));
#5362=DIRECTION('',(-1.,0.,0.));
#5363=DIRECTION('center_axis',(0.,-1.,0.));
#5364=DIRECTION('ref_axis',(-1.,0.,0.));
#5365=DIRECTION('center_axis',(0.,1.,0.));
#5366=DIRECTION('ref_axis',(1.,0.,0.));
#5367=DIRECTION('',(-1.,0.,0.));
#5368=DIRECTION('center_axis',(0.,1.,0.));
#5369=DIRECTION('ref_axis',(1.,0.,0.));
#5370=DIRECTION('',(0.,0.,1.));
#5371=DIRECTION('',(1.,0.,0.));
#5372=DIRECTION('',(0.,0.,-1.));
#5373=DIRECTION('center_axis',(1.,0.,0.));
#5374=DIRECTION('ref_axis',(0.,0.,1.));
#5375=DIRECTION('',(0.,1.,0.));
#5376=DIRECTION('',(0.,-1.,0.));
#5377=DIRECTION('',(0.,0.,1.));
#5378=DIRECTION('center_axis',(0.,0.,1.));
#5379=DIRECTION('ref_axis',(-1.,0.,0.));
#5380=DIRECTION('',(0.,-1.,0.));
#5381=DIRECTION('',(-1.,0.,0.));
#5382=DIRECTION('center_axis',(-1.,0.,0.));
#5383=DIRECTION('ref_axis',(0.,0.,-1.));
#5384=DIRECTION('',(0.,-1.,0.));
#5385=DIRECTION('',(0.,0.,-1.));
#5386=DIRECTION('center_axis',(0.,1.,0.));
#5387=DIRECTION('ref_axis',(1.,0.,0.));
#5388=DIRECTION('',(0.,-1.,0.));
#5389=DIRECTION('center_axis',(0.,-1.,0.));
#5390=DIRECTION('ref_axis',(1.,0.,0.));
#5391=DIRECTION('center_axis',(0.,0.,-1.));
#5392=DIRECTION('ref_axis',(1.,0.,0.));
#5393=DIRECTION('',(1.,0.,0.));
#5394=DIRECTION('center_axis',(0.,1.,0.));
#5395=DIRECTION('ref_axis',(1.,0.,0.));
#5396=DIRECTION('center_axis',(0.,-1.,0.));
#5397=DIRECTION('ref_axis',(-1.,0.,0.));
#5398=DIRECTION('',(1.,0.,0.));
#5399=DIRECTION('',(0.,0.,-1.));
#5400=DIRECTION('',(-1.,0.,0.));
#5401=DIRECTION('',(0.,0.,1.));
#5402=DIRECTION('center_axis',(0.,-1.,0.));
#5403=DIRECTION('ref_axis',(-1.,0.,0.));
#5404=DIRECTION('center_axis',(1.,0.,0.));
#5405=DIRECTION('ref_axis',(0.,0.,1.));
#5406=DIRECTION('',(0.,1.,0.));
#5407=DIRECTION('',(0.,0.,1.));
#5408=DIRECTION('',(0.,-1.,0.));
#5409=DIRECTION('center_axis',(0.,0.,-1.));
#5410=DIRECTION('ref_axis',(1.,0.,0.));
#5411=DIRECTION('',(1.,0.,0.));
#5412=DIRECTION('',(0.,-1.,0.));
#5413=DIRECTION('center_axis',(-1.,0.,0.));
#5414=DIRECTION('ref_axis',(0.,0.,-1.));
#5415=DIRECTION('',(0.,0.,-1.));
#5416=DIRECTION('',(0.,-1.,0.));
#5417=DIRECTION('center_axis',(0.,-1.,0.));
#5418=DIRECTION('ref_axis',(-1.,0.,0.));
#5419=DIRECTION('center_axis',(0.,1.,0.));
#5420=DIRECTION('ref_axis',(-1.,0.,0.));
#5421=DIRECTION('',(0.,-1.,0.));
#5422=DIRECTION('center_axis',(0.,0.,1.));
#5423=DIRECTION('ref_axis',(-1.,0.,0.));
#5424=DIRECTION('',(-1.,0.,0.));
#5425=DIRECTION('center_axis',(0.,-1.,0.));
#5426=DIRECTION('ref_axis',(-1.,0.,0.));
#5427=DIRECTION('center_axis',(0.,0.,-1.));
#5428=DIRECTION('ref_axis',(-1.,0.,0.));
#5429=DIRECTION('',(0.,1.,0.));
#5430=DIRECTION('',(-1.,0.,0.));
#5431=DIRECTION('',(0.,-1.,0.));
#5432=DIRECTION('',(1.,0.,0.));
#5433=DIRECTION('center_axis',(0.,-1.,0.));
#5434=DIRECTION('ref_axis',(1.,0.,3.33066907387547E-16));
#5435=DIRECTION('',(3.33066907387547E-16,0.,-1.));
#5436=DIRECTION('',(1.,0.,3.33066907387547E-16));
#5437=DIRECTION('center_axis',(0.,1.,0.));
#5438=DIRECTION('ref_axis',(1.,0.,3.33066907387547E-16));
#5439=DIRECTION('',(-3.33066907387547E-16,0.,1.));
#5440=DIRECTION('center_axis',(-1.,0.,-3.33066907387547E-16));
#5441=DIRECTION('ref_axis',(3.33066907387547E-16,0.,-1.));
#5442=DIRECTION('',(-3.33066907387547E-16,0.,1.));
#5443=DIRECTION('',(0.,1.,0.));
#5444=DIRECTION('center_axis',(0.,-1.,0.));
#5445=DIRECTION('ref_axis',(1.,0.,3.33066907387547E-16));
#5446=DIRECTION('',(3.33066907387547E-16,0.,-1.));
#5447=DIRECTION('center_axis',(0.,-1.,0.));
#5448=DIRECTION('ref_axis',(1.,0.,3.33066907387547E-16));
#5449=DIRECTION('',(-1.,0.,-3.33066907387547E-16));
#5450=DIRECTION('center_axis',(1.,0.,3.33066907387547E-16));
#5451=DIRECTION('ref_axis',(-3.33066907387547E-16,0.,1.));
#5452=DIRECTION('',(0.,-1.,0.));
#5453=DIRECTION('center_axis',(0.,-1.,0.));
#5454=DIRECTION('ref_axis',(1.,0.,3.33066907387547E-16));
#5455=DIRECTION('',(0.,-1.,0.));
#5456=DIRECTION('center_axis',(3.33066907387547E-16,0.,-1.));
#5457=DIRECTION('ref_axis',(1.,0.,3.33066907387547E-16));
#5458=DIRECTION('center_axis',(0.,0.,-1.));
#5459=DIRECTION('ref_axis',(-1.,0.,0.));
#5460=DIRECTION('',(0.,1.,0.));
#5461=DIRECTION('',(-1.,0.,0.));
#5462=DIRECTION('',(0.,-1.,0.));
#5463=DIRECTION('',(1.,0.,0.));
#5464=DIRECTION('center_axis',(0.,-1.,0.));
#5465=DIRECTION('ref_axis',(1.,0.,3.33066907387547E-16));
#5466=DIRECTION('',(-3.33066907387547E-16,0.,1.));
#5467=DIRECTION('',(-1.,0.,-3.33066907387547E-16));
#5468=DIRECTION('center_axis',(0.,-1.,0.));
#5469=DIRECTION('ref_axis',(1.,0.,3.33066907387547E-16));
#5470=DIRECTION('',(3.33066907387547E-16,0.,-1.));
#5471=DIRECTION('center_axis',(1.,0.,3.33066907387547E-16));
#5472=DIRECTION('ref_axis',(3.33066907387547E-16,0.,-1.));
#5473=DIRECTION('',(3.33066907387547E-16,0.,-1.));
#5474=DIRECTION('',(0.,-1.,0.));
#5475=DIRECTION('center_axis',(-1.,0.,-3.33066907387547E-16));
#5476=DIRECTION('ref_axis',(-3.33066907387547E-16,0.,1.));
#5477=DIRECTION('',(0.,1.,0.));
#5478=DIRECTION('',(-3.33066907387547E-16,0.,1.));
#5479=DIRECTION('center_axis',(0.,-1.,0.));
#5480=DIRECTION('ref_axis',(1.,0.,3.33066907387547E-16));
#5481=DIRECTION('',(0.,1.,0.));
#5482=DIRECTION('center_axis',(0.,1.,0.));
#5483=DIRECTION('ref_axis',(1.,0.,3.33066907387547E-16));
#5484=DIRECTION('center_axis',(-3.33066907387547E-16,0.,1.));
#5485=DIRECTION('ref_axis',(1.,0.,3.33066907387547E-16));
#5486=DIRECTION('',(1.,0.,3.33066907387547E-16));
#5487=DIRECTION('center_axis',(0.,-1.,0.));
#5488=DIRECTION('ref_axis',(1.,0.,3.33066907387547E-16));
#5489=DIRECTION('center_axis',(-1.,0.,-2.08166817117217E-16));
#5490=DIRECTION('ref_axis',(2.08166817117217E-16,0.,-1.));
#5491=DIRECTION('',(0.,-1.,0.));
#5492=DIRECTION('',(-2.08166817117217E-16,0.,1.));
#5493=DIRECTION('',(0.,-1.,0.));
#5494=DIRECTION('',(2.08166817117217E-16,0.,-1.));
#5495=DIRECTION('center_axis',(-2.08166817117217E-16,0.,1.));
#5496=DIRECTION('ref_axis',(-1.,0.,-2.08166817117217E-16));
#5497=DIRECTION('',(0.,-1.,0.));
#5498=DIRECTION('',(1.,0.,2.08166817117217E-16));
#5499=DIRECTION('',(-1.,0.,-2.08166817117217E-16));
#5500=DIRECTION('center_axis',(2.08166817117217E-16,0.,-1.));
#5501=DIRECTION('ref_axis',(-1.,0.,-2.08166817117217E-16));
#5502=DIRECTION('center_axis',(2.08166817117217E-16,0.,-1.));
#5503=DIRECTION('ref_axis',(-1.,0.,-2.08166817117217E-16));
#5504=DIRECTION('center_axis',(2.08166817117217E-16,0.,-1.));
#5505=DIRECTION('ref_axis',(-1.,0.,-2.08166817117217E-16));
#5506=DIRECTION('',(2.08166817117217E-16,0.,-1.));
#5507=DIRECTION('center_axis',(-2.08166817117217E-16,0.,1.));
#5508=DIRECTION('ref_axis',(-1.,0.,-2.08166817117217E-16));
#5509=DIRECTION('center_axis',(2.08166817117217E-16,0.,-1.));
#5510=DIRECTION('ref_axis',(-1.,0.,-2.08166817117217E-16));
#5511=DIRECTION('',(2.08166817117217E-16,0.,-1.));
#5512=DIRECTION('center_axis',(-2.08166817117217E-16,0.,1.));
#5513=DIRECTION('ref_axis',(-1.,0.,-2.08166817117217E-16));
#5514=DIRECTION('center_axis',(1.,0.,2.08166817117217E-16));
#5515=DIRECTION('ref_axis',(-2.08166817117217E-16,0.,1.));
#5516=DIRECTION('',(-2.08166817117217E-16,0.,1.));
#5517=DIRECTION('',(0.,-1.,0.));
#5518=DIRECTION('',(2.08166817117217E-16,0.,-1.));
#5519=DIRECTION('center_axis',(2.08166817117217E-16,0.,-1.));
#5520=DIRECTION('ref_axis',(1.,0.,2.08166817117217E-16));
#5521=DIRECTION('',(-1.,0.,-2.08166817117217E-16));
#5522=DIRECTION('',(1.,0.,2.08166817117217E-16));
#5523=DIRECTION('center_axis',(0.,-1.,0.));
#5524=DIRECTION('ref_axis',(2.08166817117217E-16,0.,-1.));
#5525=DIRECTION('center_axis',(0.,-1.,0.));
#5526=DIRECTION('ref_axis',(1.,0.,2.08166817117217E-16));
#5527=DIRECTION('center_axis',(0.,0.,-1.));
#5528=DIRECTION('ref_axis',(-1.,0.,0.));
#5529=DIRECTION('',(0.,-1.,0.));
#5530=DIRECTION('',(1.,0.,0.));
#5531=DIRECTION('',(0.,1.,0.));
#5532=DIRECTION('',(-1.,0.,0.));
#5533=DIRECTION('center_axis',(0.,1.,0.));
#5534=DIRECTION('ref_axis',(-1.,0.,3.33066907387547E-16));
#5535=DIRECTION('',(3.33066907387547E-16,0.,1.));
#5536=DIRECTION('',(1.,0.,-3.33066907387547E-16));
#5537=DIRECTION('center_axis',(0.,1.,0.));
#5538=DIRECTION('ref_axis',(-1.,0.,3.33066907387547E-16));
#5539=DIRECTION('',(-3.33066907387547E-16,0.,-1.));
#5540=DIRECTION('center_axis',(-1.,0.,3.33066907387547E-16));
#5541=DIRECTION('ref_axis',(-3.33066907387547E-16,0.,-1.));
#5542=DIRECTION('',(-3.33066907387547E-16,0.,-1.));
#5543=DIRECTION('',(0.,1.,0.));
#5544=DIRECTION('center_axis',(1.,0.,-3.33066907387547E-16));
#5545=DIRECTION('ref_axis',(3.33066907387547E-16,0.,1.));
#5546=DIRECTION('',(0.,-1.,0.));
#5547=DIRECTION('',(3.33066907387547E-16,0.,1.));
#5548=DIRECTION('center_axis',(0.,1.,0.));
#5549=DIRECTION('ref_axis',(-1.,0.,3.33066907387547E-16));
#5550=DIRECTION('',(0.,-1.,0.));
#5551=DIRECTION('center_axis',(0.,-1.,0.));
#5552=DIRECTION('ref_axis',(-1.,0.,3.33066907387547E-16));
#5553=DIRECTION('center_axis',(3.33066907387547E-16,0.,1.));
#5554=DIRECTION('ref_axis',(-1.,0.,3.33066907387547E-16));
#5555=DIRECTION('',(-1.,0.,3.33066907387547E-16));
#5556=DIRECTION('center_axis',(0.,1.,0.));
#5557=DIRECTION('ref_axis',(-1.,0.,3.33066907387547E-16));
#5558=DIRECTION('center_axis',(0.,0.,-1.));
#5559=DIRECTION('ref_axis',(-1.,0.,0.));
#5560=DIRECTION('',(0.,-1.,0.));
#5561=DIRECTION('',(1.,0.,0.));
#5562=DIRECTION('',(0.,1.,0.));
#5563=DIRECTION('',(-1.,0.,0.));
#5564=DIRECTION('center_axis',(0.,1.,0.));
#5565=DIRECTION('ref_axis',(-1.,0.,3.33066907387547E-16));
#5566=DIRECTION('',(-3.33066907387547E-16,0.,-1.));
#5567=DIRECTION('',(-1.,0.,3.33066907387547E-16));
#5568=DIRECTION('center_axis',(0.,-1.,0.));
#5569=DIRECTION('ref_axis',(-1.,0.,3.33066907387547E-16));
#5570=DIRECTION('',(3.33066907387547E-16,0.,1.));
#5571=DIRECTION('center_axis',(1.,0.,-3.33066907387547E-16));
#5572=DIRECTION('ref_axis',(-3.33066907387547E-16,0.,-1.));
#5573=DIRECTION('',(3.33066907387547E-16,0.,1.));
#5574=DIRECTION('',(0.,-1.,0.));
#5575=DIRECTION('center_axis',(0.,1.,0.));
#5576=DIRECTION('ref_axis',(-1.,0.,3.33066907387547E-16));
#5577=DIRECTION('',(-3.33066907387547E-16,0.,-1.));
#5578=DIRECTION('center_axis',(0.,1.,0.));
#5579=DIRECTION('ref_axis',(-1.,0.,3.33066907387547E-16));
#5580=DIRECTION('',(1.,0.,-3.33066907387547E-16));
#5581=DIRECTION('center_axis',(-1.,0.,3.33066907387547E-16));
#5582=DIRECTION('ref_axis',(3.33066907387547E-16,0.,1.));
#5583=DIRECTION('',(0.,1.,0.));
#5584=DIRECTION('center_axis',(0.,1.,0.));
#5585=DIRECTION('ref_axis',(-1.,0.,3.33066907387547E-16));
#5586=DIRECTION('',(0.,1.,0.));
#5587=DIRECTION('center_axis',(-3.33066907387547E-16,0.,-1.));
#5588=DIRECTION('ref_axis',(-1.,0.,3.33066907387547E-16));
#5589=DIRECTION('center_axis',(-1.,0.,2.08166817117217E-16));
#5590=DIRECTION('ref_axis',(-2.08166817117217E-16,0.,-1.));
#5591=DIRECTION('',(0.,1.,0.));
#5592=DIRECTION('',(-2.08166817117217E-16,0.,-1.));
#5593=DIRECTION('',(0.,-1.,0.));
#5594=DIRECTION('',(2.08166817117217E-16,0.,1.));
#5595=DIRECTION('center_axis',(-2.08166817117217E-16,0.,-1.));
#5596=DIRECTION('ref_axis',(1.,0.,-2.08166817117217E-16));
#5597=DIRECTION('',(0.,-1.,0.));
#5598=DIRECTION('',(1.,0.,-2.08166817117217E-16));
#5599=DIRECTION('',(-1.,0.,2.08166817117217E-16));
#5600=DIRECTION('center_axis',(2.08166817117217E-16,0.,1.));
#5601=DIRECTION('ref_axis',(1.,0.,-2.08166817117217E-16));
#5602=DIRECTION('center_axis',(2.08166817117217E-16,0.,1.));
#5603=DIRECTION('ref_axis',(1.,0.,-2.08166817117217E-16));
#5604=DIRECTION('center_axis',(2.08166817117217E-16,0.,1.));
#5605=DIRECTION('ref_axis',(1.,0.,-2.08166817117217E-16));
#5606=DIRECTION('',(-2.08166817117217E-16,0.,-1.));
#5607=DIRECTION('center_axis',(-2.08166817117217E-16,0.,-1.));
#5608=DIRECTION('ref_axis',(1.,0.,-2.08166817117217E-16));
#5609=DIRECTION('center_axis',(2.08166817117217E-16,0.,1.));
#5610=DIRECTION('ref_axis',(1.,0.,-2.08166817117217E-16));
#5611=DIRECTION('',(-2.08166817117217E-16,0.,-1.));
#5612=DIRECTION('center_axis',(-2.08166817117217E-16,0.,-1.));
#5613=DIRECTION('ref_axis',(1.,0.,-2.08166817117217E-16));
#5614=DIRECTION('center_axis',(1.,0.,-2.08166817117217E-16));
#5615=DIRECTION('ref_axis',(2.08166817117217E-16,0.,1.));
#5616=DIRECTION('',(-2.08166817117217E-16,0.,-1.));
#5617=DIRECTION('',(0.,-1.,0.));
#5618=DIRECTION('',(2.08166817117217E-16,0.,1.));
#5619=DIRECTION('center_axis',(2.08166817117217E-16,0.,1.));
#5620=DIRECTION('ref_axis',(-1.,0.,2.08166817117217E-16));
#5621=DIRECTION('',(1.,0.,-2.08166817117217E-16));
#5622=DIRECTION('',(-1.,0.,2.08166817117217E-16));
#5623=DIRECTION('center_axis',(0.,1.,0.));
#5624=DIRECTION('ref_axis',(-2.08166817117217E-16,0.,-1.));
#5625=DIRECTION('center_axis',(0.,1.,0.));
#5626=DIRECTION('ref_axis',(-1.,0.,2.08166817117217E-16));
#5627=DIRECTION('',(0.,0.,1.));
#5628=DIRECTION('',(1.,0.,0.));
#5629=DIRECTION('',(0.,0.,1.));
#5630=DIRECTION('',(1.,0.,0.));
#5631=DIRECTION('',(0.,0.,1.));
#5632=DIRECTION('',(1.,0.,0.));
#5633=DIRECTION('',(0.,0.,-1.));
#5634=DIRECTION('',(-1.,0.,0.));
#5635=DIRECTION('',(0.,0.,-1.));
#5636=DIRECTION('',(-1.,0.,0.));
#5637=DIRECTION('',(-7.18857211210079E-19,-5.11025754983853E-17,1.));
#5638=DIRECTION('',(1.,0.,0.));
#5639=DIRECTION('',(1.10950416741395E-15,-5.11025754983853E-17,1.));
#5640=DIRECTION('',(1.,2.46519032881567E-32,-1.11022302462516E-15));
#5641=DIRECTION('',(1.10950416741395E-15,-5.11025754983853E-17,1.));
#5642=DIRECTION('',(1.,2.46519032881567E-32,-1.11022302462516E-15));
#5643=DIRECTION('',(1.,-5.1920494770574E-17,1.51413170196291E-14));
#5644=DIRECTION('',(1.52657834290304E-14,2.77494264941129E-17,-0.999999999999999));
#5645=DIRECTION('',(1.,-5.1920494770574E-17,1.40866051462352E-14));
#5646=DIRECTION('',(1.42388271312521E-14,2.77494264941129E-17,-0.999999999999999));
#5647=DIRECTION('',(-7.18857211210079E-19,5.11025754983853E-17,-1.));
#5648=DIRECTION('',(-1.,0.,0.));
#5649=DIRECTION('',(1.10950416741395E-15,5.11025754983853E-17,-1.));
#5650=DIRECTION('',(-1.,2.46519032881567E-32,-1.11022302462516E-15));
#5651=DIRECTION('',(1.10950416741395E-15,5.11025754983853E-17,-1.));
#5652=DIRECTION('',(-1.,2.46519032881567E-32,-1.11022302462516E-15));
#5653=DIRECTION('',(1.,5.1920494770574E-17,-1.51413170196291E-14));
#5654=DIRECTION('',(-1.52657834290304E-14,2.77494264941129E-17,-0.999999999999999));
#5655=DIRECTION('',(1.,5.1920494770574E-17,-1.40866051462352E-14));
#5656=DIRECTION('',(-1.42388271312521E-14,2.77494264941129E-17,-0.999999999999999));
#5657=DIRECTION('',(0.,0.,1.));
#5658=DIRECTION('',(1.,0.,0.));
#5659=DIRECTION('',(0.,0.,1.));
#5660=DIRECTION('',(1.,0.,0.));
#5661=DIRECTION('',(0.,0.,1.));
#5662=DIRECTION('',(1.,0.,0.));
#5663=DIRECTION('',(0.,0.,-1.));
#5664=DIRECTION('',(-1.,0.,0.));
#5665=DIRECTION('',(0.,1.22464679914735E-16,1.));
#5666=DIRECTION('',(1.,0.,0.));
#5667=DIRECTION('',(0.,1.22464679914735E-16,1.));
#5668=DIRECTION('',(1.,0.,0.));
#5669=DIRECTION('',(0.,1.22464679914735E-16,1.));
#5670=DIRECTION('',(1.,0.,0.));
#5671=DIRECTION('',(0.,1.22464679914735E-16,1.));
#5672=DIRECTION('',(1.,0.,0.));
#5673=DIRECTION('',(0.,1.22464679914735E-16,1.));
#5674=DIRECTION('',(1.,0.,0.));
#5675=DIRECTION('',(0.,1.22464679914735E-16,1.));
#5676=DIRECTION('',(1.,0.,0.));
#5677=DIRECTION('',(2.08166817117217E-16,0.,-1.));
#5678=DIRECTION('',(1.,0.,0.));
#5679=DIRECTION('',(2.08166817117217E-16,0.,-1.));
#5680=DIRECTION('',(1.,0.,0.));
#5681=DIRECTION('',(2.08166817117217E-16,0.,-1.));
#5682=DIRECTION('',(1.,0.,0.));
#5683=DIRECTION('',(2.08166817117217E-16,0.,-1.));
#5684=DIRECTION('',(1.,0.,0.));
#5685=CARTESIAN_POINT('',(0.,0.,0.));
#5686=CARTESIAN_POINT('',(0.,0.,0.));
#5687=CARTESIAN_POINT('Origin',(177.,615.,-115.));
#5688=CARTESIAN_POINT('',(177.,612.5,-115.));
#5689=CARTESIAN_POINT('Origin',(177.,615.,-115.));
#5690=CARTESIAN_POINT('',(162.,612.5,-115.));
#5691=CARTESIAN_POINT('',(177.,612.5,-115.));
#5692=CARTESIAN_POINT('Origin',(162.,615.,-115.));
#5693=CARTESIAN_POINT('Origin',(177.,434.497474683058,-115.));
#5694=CARTESIAN_POINT('',(177.,431.997474683058,-115.));
#5695=CARTESIAN_POINT('Origin',(177.,434.497474683058,-115.));
#5696=CARTESIAN_POINT('',(162.,431.997474683058,-115.));
#5697=CARTESIAN_POINT('',(177.,431.997474683058,-115.));
#5698=CARTESIAN_POINT('Origin',(162.,434.497474683058,-115.));
#5699=CARTESIAN_POINT('Origin',(177.,615.,65.5025253169416));
#5700=CARTESIAN_POINT('',(177.,612.5,65.5025253169416));
#5701=CARTESIAN_POINT('Origin',(177.,615.,65.5025253169416));
#5702=CARTESIAN_POINT('',(162.,612.5,65.5025253169416));
#5703=CARTESIAN_POINT('',(177.,612.5,65.5025253169416));
#5704=CARTESIAN_POINT('Origin',(162.,615.,65.5025253169416));
#5705=CARTESIAN_POINT('Origin',(162.,650.,150.));
#5706=CARTESIAN_POINT('',(162.,350.,-150.));
#5707=CARTESIAN_POINT('',(162.,650.,150.));
#5708=CARTESIAN_POINT('',(162.,350.,-150.));
#5709=CARTESIAN_POINT('',(177.,350.,-150.));
#5710=CARTESIAN_POINT('',(162.,350.,-150.));
#5711=CARTESIAN_POINT('',(177.,650.,150.));
#5712=CARTESIAN_POINT('',(177.,350.,-150.));
#5713=CARTESIAN_POINT('',(162.,650.,150.));
#5714=CARTESIAN_POINT('Origin',(162.,500.,0.));
#5715=CARTESIAN_POINT('Origin',(162.,500.,0.));
#5716=CARTESIAN_POINT('Origin',(177.,500.,0.));
#5717=CARTESIAN_POINT('Origin',(177.,531.066017177982,-31.0660171779821));
#5718=CARTESIAN_POINT('Origin',(162.,531.066017177982,-31.0660171779821));
#5719=CARTESIAN_POINT('',(0.,0.,0.));
#5720=CARTESIAN_POINT('Origin',(-162.,650.,150.));
#5721=CARTESIAN_POINT('',(-162.,350.,-150.));
#5722=CARTESIAN_POINT('',(-162.,650.,150.));
#5723=CARTESIAN_POINT('',(-162.,350.,-150.));
#5724=CARTESIAN_POINT('',(-177.,650.,150.));
#5725=CARTESIAN_POINT('',(-162.,650.,150.));
#5726=CARTESIAN_POINT('',(-177.,350.,-150.));
#5727=CARTESIAN_POINT('',(-177.,350.,-150.));
#5728=CARTESIAN_POINT('',(-162.,350.,-150.));
#5729=CARTESIAN_POINT('Origin',(-162.,500.,0.));
#5730=CARTESIAN_POINT('Origin',(-162.,500.,0.));
#5731=CARTESIAN_POINT('Origin',(-177.,500.,0.));
#5732=CARTESIAN_POINT('Origin',(-177.,531.066017177982,-31.0660171779821));
#5733=CARTESIAN_POINT('Origin',(-162.,531.066017177982,-31.0660171779821));
#5734=CARTESIAN_POINT('',(0.,0.,0.));
#5735=CARTESIAN_POINT('',(0.,0.,0.));
#5736=CARTESIAN_POINT('',(0.,0.,0.));
#5737=CARTESIAN_POINT('Origin',(-12.5,-4.5,12.));
#5738=CARTESIAN_POINT('',(-12.5,-4.5,12.));
#5739=CARTESIAN_POINT('',(-12.5,-4.5,29.));
#5740=CARTESIAN_POINT('',(-12.5,-4.5,16.25));
#5741=CARTESIAN_POINT('',(-18.,-4.5,12.));
#5742=CARTESIAN_POINT('',(-12.5,-4.5,12.));
#5743=CARTESIAN_POINT('',(-18.,-4.5,29.));
#5744=CARTESIAN_POINT('',(-18.,-4.5,6.));
#5745=CARTESIAN_POINT('',(-12.5,-4.5,29.));
#5746=CARTESIAN_POINT('Origin',(-12.5,4.5,12.));
#5747=CARTESIAN_POINT('',(-12.5,4.5,12.));
#5748=CARTESIAN_POINT('',(-12.5,2.25,12.));
#5749=CARTESIAN_POINT('',(-18.,4.5,12.));
#5750=CARTESIAN_POINT('',(-12.5,4.5,12.));
#5751=CARTESIAN_POINT('',(-18.,11.25,12.));
#5752=CARTESIAN_POINT('Origin',(-12.5,4.5,29.));
#5753=CARTESIAN_POINT('',(-12.5,4.5,29.));
#5754=CARTESIAN_POINT('',(-12.5,4.5,24.75));
#5755=CARTESIAN_POINT('',(-18.,4.5,29.));
#5756=CARTESIAN_POINT('',(-12.5,4.5,29.));
#5757=CARTESIAN_POINT('',(-18.,4.5,14.5));
#5758=CARTESIAN_POINT('Origin',(-12.5,-4.5,29.));
#5759=CARTESIAN_POINT('',(-12.5,-2.25,29.));
#5760=CARTESIAN_POINT('',(-18.,6.75,29.));
#5761=CARTESIAN_POINT('Origin',(-5.75,-3.00000004470348,5.));
#5762=CARTESIAN_POINT('',(-5.75,-3.00000004470348,5.));
#5763=CARTESIAN_POINT('',(-5.75,3.00000004470348,5.));
#5764=CARTESIAN_POINT('',(-5.75,-1.50000002235174,5.));
#5765=CARTESIAN_POINT('',(-5.75,-3.00000004470348,0.));
#5766=CARTESIAN_POINT('',(-5.75,-3.00000004470348,5.));
#5767=CARTESIAN_POINT('',(-5.75,3.00000004470348,0.));
#5768=CARTESIAN_POINT('',(-5.75,-1.50000002235174,0.));
#5769=CARTESIAN_POINT('',(-5.75,3.00000004470348,5.));
#5770=CARTESIAN_POINT('Origin',(11.25,-3.00000004470348,5.));
#5771=CARTESIAN_POINT('',(11.25,-3.00000004470348,5.));
#5772=CARTESIAN_POINT('',(5.625,-3.00000004470348,5.));
#5773=CARTESIAN_POINT('',(11.25,-3.00000004470348,0.));
#5774=CARTESIAN_POINT('',(11.25,-3.00000004470348,5.));
#5775=CARTESIAN_POINT('',(5.625,-3.00000004470348,0.));
#5776=CARTESIAN_POINT('Origin',(11.25,3.00000004470348,5.));
#5777=CARTESIAN_POINT('',(11.25,3.00000004470348,5.));
#5778=CARTESIAN_POINT('',(11.25,1.50000002235174,5.));
#5779=CARTESIAN_POINT('',(11.25,3.00000004470348,0.));
#5780=CARTESIAN_POINT('',(11.25,3.00000004470348,5.));
#5781=CARTESIAN_POINT('',(11.25,1.50000002235174,0.));
#5782=CARTESIAN_POINT('Origin',(-5.75,3.00000004470348,5.));
#5783=CARTESIAN_POINT('',(-2.875,3.00000004470348,5.));
#5784=CARTESIAN_POINT('',(-2.875,3.00000004470348,0.));
#5785=CARTESIAN_POINT('Origin',(-12.5,18.,36.));
#5786=CARTESIAN_POINT('',(-12.5,18.,36.));
#5787=CARTESIAN_POINT('',(18.,18.,5.));
#5788=CARTESIAN_POINT('',(-12.5,18.,36.));
#5789=CARTESIAN_POINT('',(-12.5,15.,36.));
#5790=CARTESIAN_POINT('',(-12.5,-18.,36.));
#5791=CARTESIAN_POINT('',(18.,15.,5.));
#5792=CARTESIAN_POINT('',(-12.5,15.,36.));
#5793=CARTESIAN_POINT('',(18.,-18.,5.));
#5794=CARTESIAN_POINT('Origin',(2.75,15.,20.5));
#5795=CARTESIAN_POINT('',(-12.5,15.,5.));
#5796=CARTESIAN_POINT('',(-12.5,15.,20.5));
#5797=CARTESIAN_POINT('',(1.375,15.,5.));
#5798=CARTESIAN_POINT('Origin',(0.,0.,5.));
#5799=CARTESIAN_POINT('',(-12.5,-15.,5.));
#5800=CARTESIAN_POINT('',(-12.5,0.,5.));
#5801=CARTESIAN_POINT('',(18.,-15.,5.));
#5802=CARTESIAN_POINT('',(1.375,-15.,5.));
#5803=CARTESIAN_POINT('',(18.,-18.,5.));
#5804=CARTESIAN_POINT('Origin',(-12.5,0.,20.5));
#5805=CARTESIAN_POINT('',(-12.5,-15.,36.));
#5806=CARTESIAN_POINT('',(-12.5,-18.,36.));
#5807=CARTESIAN_POINT('',(-12.5,-15.,20.5));
#5808=CARTESIAN_POINT('Origin',(-12.5,-18.,36.));
#5809=CARTESIAN_POINT('',(-12.5,-18.,36.));
#5810=CARTESIAN_POINT('',(18.,-18.,5.));
#5811=CARTESIAN_POINT('',(-12.5,-18.,36.));
#5812=CARTESIAN_POINT('',(18.,-18.,5.));
#5813=CARTESIAN_POINT('',(-12.5,-15.,36.));
#5814=CARTESIAN_POINT('',(-12.5,-18.,36.));
#5815=CARTESIAN_POINT('Origin',(2.75,-15.,20.5));
#5816=CARTESIAN_POINT('Origin',(-18.,18.,36.));
#5817=CARTESIAN_POINT('',(-18.,-18.,36.));
#5818=CARTESIAN_POINT('',(-18.,18.,36.));
#5819=CARTESIAN_POINT('',(-18.,-18.,36.));
#5820=CARTESIAN_POINT('',(-18.,-18.,36.));
#5821=CARTESIAN_POINT('',(-18.,18.,36.));
#5822=CARTESIAN_POINT('Origin',(-18.,-18.,0.));
#5823=CARTESIAN_POINT('',(-18.,-18.,0.));
#5824=CARTESIAN_POINT('',(18.,-18.,0.));
#5825=CARTESIAN_POINT('',(-18.,-18.,0.));
#5826=CARTESIAN_POINT('',(18.,-18.,0.));
#5827=CARTESIAN_POINT('',(-18.,-18.,0.));
#5828=CARTESIAN_POINT('Origin',(-18.,18.,0.));
#5829=CARTESIAN_POINT('',(-18.,18.,0.));
#5830=CARTESIAN_POINT('',(-18.,18.,0.));
#5831=CARTESIAN_POINT('',(-18.,18.,0.));
#5832=CARTESIAN_POINT('Origin',(18.,18.,0.));
#5833=CARTESIAN_POINT('',(18.,18.,0.));
#5834=CARTESIAN_POINT('',(18.,18.,0.));
#5835=CARTESIAN_POINT('',(18.,18.,0.));
#5836=CARTESIAN_POINT('Origin',(18.,-18.,0.));
#5837=CARTESIAN_POINT('',(18.,-18.,0.));
#5838=CARTESIAN_POINT('Origin',(0.,0.,0.));
#5839=CARTESIAN_POINT('',(0.,0.,0.));
#5840=CARTESIAN_POINT('Origin',(-12.5,-4.5,-12.));
#5841=CARTESIAN_POINT('',(-12.5,-4.5,-12.));
#5842=CARTESIAN_POINT('',(-12.5,-4.5,-29.));
#5843=CARTESIAN_POINT('',(-12.5,-4.5,-16.25));
#5844=CARTESIAN_POINT('',(-18.,-4.5,-29.));
#5845=CARTESIAN_POINT('',(-12.5,-4.5,-29.));
#5846=CARTESIAN_POINT('',(-18.,-4.5,-12.));
#5847=CARTESIAN_POINT('',(-18.,-4.5,-6.));
#5848=CARTESIAN_POINT('',(-12.5,-4.5,-12.));
#5849=CARTESIAN_POINT('Origin',(-12.5,4.5,-12.));
#5850=CARTESIAN_POINT('',(-12.5,4.5,-12.));
#5851=CARTESIAN_POINT('',(-12.5,2.25,-12.));
#5852=CARTESIAN_POINT('',(-18.,4.5,-12.));
#5853=CARTESIAN_POINT('',(-18.,11.25,-12.));
#5854=CARTESIAN_POINT('',(-12.5,4.5,-12.));
#5855=CARTESIAN_POINT('Origin',(-12.5,4.5,-29.));
#5856=CARTESIAN_POINT('',(-12.5,4.5,-29.));
#5857=CARTESIAN_POINT('',(-12.5,4.5,-24.75));
#5858=CARTESIAN_POINT('',(-18.,4.5,-29.));
#5859=CARTESIAN_POINT('',(-18.,4.5,-14.5));
#5860=CARTESIAN_POINT('',(-12.5,4.5,-29.));
#5861=CARTESIAN_POINT('Origin',(-12.5,-4.5,-29.));
#5862=CARTESIAN_POINT('',(-12.5,-2.25,-29.));
#5863=CARTESIAN_POINT('',(-18.,6.75,-29.));
#5864=CARTESIAN_POINT('Origin',(-5.75,-3.00000004470348,-5.));
#5865=CARTESIAN_POINT('',(-5.75,-3.00000004470348,-5.));
#5866=CARTESIAN_POINT('',(-5.75,3.00000004470348,-5.));
#5867=CARTESIAN_POINT('',(-5.75,-1.50000002235174,-5.));
#5868=CARTESIAN_POINT('',(-5.75,3.00000004470348,0.));
#5869=CARTESIAN_POINT('',(-5.75,3.00000004470348,-5.));
#5870=CARTESIAN_POINT('',(-5.75,-3.00000004470348,0.));
#5871=CARTESIAN_POINT('',(-5.75,-1.50000002235174,0.));
#5872=CARTESIAN_POINT('',(-5.75,-3.00000004470348,-5.));
#5873=CARTESIAN_POINT('Origin',(11.25,-3.00000004470348,-5.));
#5874=CARTESIAN_POINT('',(11.25,-3.00000004470348,-5.));
#5875=CARTESIAN_POINT('',(5.625,-3.00000004470348,-5.));
#5876=CARTESIAN_POINT('',(11.25,-3.00000004470348,0.));
#5877=CARTESIAN_POINT('',(5.625,-3.00000004470348,0.));
#5878=CARTESIAN_POINT('',(11.25,-3.00000004470348,-5.));
#5879=CARTESIAN_POINT('Origin',(11.25,3.00000004470348,-5.));
#5880=CARTESIAN_POINT('',(11.25,3.00000004470348,-5.));
#5881=CARTESIAN_POINT('',(11.25,1.50000002235174,-5.));
#5882=CARTESIAN_POINT('',(11.25,3.00000004470348,0.));
#5883=CARTESIAN_POINT('',(11.25,1.50000002235174,0.));
#5884=CARTESIAN_POINT('',(11.25,3.00000004470348,-5.));
#5885=CARTESIAN_POINT('Origin',(-5.75,3.00000004470348,-5.));
#5886=CARTESIAN_POINT('',(-2.875,3.00000004470348,-5.));
#5887=CARTESIAN_POINT('',(-2.875,3.00000004470348,0.));
#5888=CARTESIAN_POINT('Origin',(-12.5,18.,-36.));
#5889=CARTESIAN_POINT('',(-12.5,18.,-36.));
#5890=CARTESIAN_POINT('',(18.,18.,-5.));
#5891=CARTESIAN_POINT('',(-12.5,18.,-36.));
#5892=CARTESIAN_POINT('',(18.,15.,-5.));
#5893=CARTESIAN_POINT('',(18.,-18.,-5.));
#5894=CARTESIAN_POINT('',(-12.5,15.,-36.));
#5895=CARTESIAN_POINT('',(-12.5,15.,-36.));
#5896=CARTESIAN_POINT('',(-12.5,-18.,-36.));
#5897=CARTESIAN_POINT('Origin',(2.75,15.,-20.5));
#5898=CARTESIAN_POINT('',(-12.5,15.,-5.));
#5899=CARTESIAN_POINT('',(-12.5,15.,-20.5));
#5900=CARTESIAN_POINT('',(1.375,15.,-5.));
#5901=CARTESIAN_POINT('Origin',(0.,0.,-5.));
#5902=CARTESIAN_POINT('',(18.,-15.,-5.));
#5903=CARTESIAN_POINT('',(18.,-18.,-5.));
#5904=CARTESIAN_POINT('',(-12.5,-15.,-5.));
#5905=CARTESIAN_POINT('',(1.375,-15.,-5.));
#5906=CARTESIAN_POINT('',(-12.5,0.,-5.));
#5907=CARTESIAN_POINT('Origin',(-12.5,0.,-20.5));
#5908=CARTESIAN_POINT('',(-12.5,-15.,-36.));
#5909=CARTESIAN_POINT('',(-12.5,-15.,-20.5));
#5910=CARTESIAN_POINT('',(-12.5,-18.,-36.));
#5911=CARTESIAN_POINT('Origin',(-12.5,-18.,-36.));
#5912=CARTESIAN_POINT('',(-12.5,-18.,-36.));
#5913=CARTESIAN_POINT('',(18.,-18.,-5.));
#5914=CARTESIAN_POINT('',(-12.5,-18.,-36.));
#5915=CARTESIAN_POINT('',(-12.5,-18.,-36.));
#5916=CARTESIAN_POINT('',(-12.5,-15.,-36.));
#5917=CARTESIAN_POINT('',(18.,-18.,-5.));
#5918=CARTESIAN_POINT('Origin',(2.75,-15.,-20.5));
#5919=CARTESIAN_POINT('Origin',(-18.,18.,-36.));
#5920=CARTESIAN_POINT('',(-18.,-18.,-36.));
#5921=CARTESIAN_POINT('',(-18.,18.,-36.));
#5922=CARTESIAN_POINT('',(-18.,-18.,-36.));
#5923=CARTESIAN_POINT('',(-18.,18.,-36.));
#5924=CARTESIAN_POINT('',(-18.,-18.,-36.));
#5925=CARTESIAN_POINT('Origin',(-18.,-18.,0.));
#5926=CARTESIAN_POINT('',(-18.,-18.,0.));
#5927=CARTESIAN_POINT('',(18.,-18.,0.));
#5928=CARTESIAN_POINT('',(-18.,-18.,0.));
#5929=CARTESIAN_POINT('',(-18.,-18.,0.));
#5930=CARTESIAN_POINT('',(18.,-18.,0.));
#5931=CARTESIAN_POINT('Origin',(-18.,18.,0.));
#5932=CARTESIAN_POINT('',(-18.,18.,0.));
#5933=CARTESIAN_POINT('',(-18.,18.,0.));
#5934=CARTESIAN_POINT('',(-18.,18.,0.));
#5935=CARTESIAN_POINT('Origin',(18.,18.,0.));
#5936=CARTESIAN_POINT('',(18.,18.,0.));
#5937=CARTESIAN_POINT('',(18.,18.,0.));
#5938=CARTESIAN_POINT('',(18.,18.,0.));
#5939=CARTESIAN_POINT('Origin',(18.,-18.,0.));
#5940=CARTESIAN_POINT('',(18.,-18.,0.));
#5941=CARTESIAN_POINT('Origin',(0.,0.,0.));
#5942=CARTESIAN_POINT('',(0.,0.,0.));
#5943=CARTESIAN_POINT('Origin',(-4.99995555199848,364.,-99.8771155630665));
#5944=CARTESIAN_POINT('',(-4.99995555199848,364.,-99.8771155630664));
#5945=CARTESIAN_POINT('',(-5.,364.,-103.879738159085));
#5946=CARTESIAN_POINT('',(-4.99769291489473,364.,103.877431073979));
#5947=CARTESIAN_POINT('',(-5.,376.,-103.879738159085));
#5948=CARTESIAN_POINT('',(-5.,364.,-103.879738159085));
#5949=CARTESIAN_POINT('',(-4.99995555199849,376.,-99.8771155630664));
#5950=CARTESIAN_POINT('',(-4.99769291489473,376.,103.877431073979));
#5951=CARTESIAN_POINT('',(-4.99995555199848,364.,-99.8771155630664));
#5952=CARTESIAN_POINT('Origin',(0.00230708510528643,364.,-0.00230708510525146));
#5953=CARTESIAN_POINT('',(-99.8727301640913,364.,-5.));
#5954=CARTESIAN_POINT('Origin',(0.00230708510528643,364.,-0.00230708510525146));
#5955=CARTESIAN_POINT('',(-99.8727301640913,376.,-5.));
#5956=CARTESIAN_POINT('Origin',(0.00230708510528643,376.,-0.00230708510525146));
#5957=CARTESIAN_POINT('',(-99.8727301640913,364.,-5.));
#5958=CARTESIAN_POINT('Origin',(-103.879738159085,364.,-5.));
#5959=CARTESIAN_POINT('',(-103.879738159085,364.,-5.));
#5960=CARTESIAN_POINT('',(-103.879738159085,364.,-5.));
#5961=CARTESIAN_POINT('',(-103.879738159085,376.,-5.));
#5962=CARTESIAN_POINT('',(-103.879738159085,376.,-5.));
#5963=CARTESIAN_POINT('',(-103.879738159085,364.,-5.));
#5964=CARTESIAN_POINT('Origin',(-5.32907051820075E-14,364.,-5.32907051820075E-14));
#5965=CARTESIAN_POINT('Origin',(-5.32907051820075E-14,364.,-5.32907051820075E-14));
#5966=CARTESIAN_POINT('Origin',(-5.32907051820075E-14,376.,-5.32907051820075E-14));
#5967=CARTESIAN_POINT('Origin',(-54.4398468555416,364.,-54.4398690795423));
#5968=CARTESIAN_POINT('Origin',(-54.4398468555416,376.,-54.4398690795423));
#5969=CARTESIAN_POINT('Origin',(0.00230708510528643,364.,-0.00230708510525146));
#5970=CARTESIAN_POINT('',(-4.99773738728234,364.,99.8726124656716));
#5971=CARTESIAN_POINT('',(-99.8726146920856,364.,4.99769291489471));
#5972=CARTESIAN_POINT('Origin',(0.00230708510528643,364.,-0.00230708510525146));
#5973=CARTESIAN_POINT('',(-99.8726146920856,376.,4.99769291489471));
#5974=CARTESIAN_POINT('',(-99.8726146920856,364.,4.99769291489471));
#5975=CARTESIAN_POINT('',(-4.99773738728233,376.,99.8726124656716));
#5976=CARTESIAN_POINT('Origin',(0.00230708510528643,376.,-0.00230708510525146));
#5977=CARTESIAN_POINT('',(-4.99773738728234,364.,99.8726124656716));
#5978=CARTESIAN_POINT('Origin',(-4.99769291489473,364.,103.877431073979));
#5979=CARTESIAN_POINT('',(-4.99769291489473,364.,103.877431073979));
#5980=CARTESIAN_POINT('',(-4.99769291489473,364.,103.877431073979));
#5981=CARTESIAN_POINT('',(-4.99769291489473,376.,103.877431073979));
#5982=CARTESIAN_POINT('',(-4.99769291489473,376.,103.877431073979));
#5983=CARTESIAN_POINT('',(-4.99769291489473,364.,103.877431073979));
#5984=CARTESIAN_POINT('Origin',(0.00230708510528643,364.,-0.00230708510525146));
#5985=CARTESIAN_POINT('',(-103.877431073979,364.,4.99769291489471));
#5986=CARTESIAN_POINT('Origin',(0.00230708510528643,364.,-0.00230708510525146));
#5987=CARTESIAN_POINT('',(-103.877431073979,376.,4.99769291489471));
#5988=CARTESIAN_POINT('Origin',(0.00230708510528643,376.,-0.00230708510525146));
#5989=CARTESIAN_POINT('',(-103.877431073979,364.,4.99769291489471));
#5990=CARTESIAN_POINT('Origin',(-99.8726146920856,364.,4.99769291489471));
#5991=CARTESIAN_POINT('',(-103.877431073979,364.,4.99769291489471));
#5992=CARTESIAN_POINT('',(-103.877431073979,376.,4.99769291489471));
#5993=CARTESIAN_POINT('Origin',(-54.4375619944371,364.,54.4375619944371));
#5994=CARTESIAN_POINT('Origin',(-54.4375619944371,376.,54.4375619944371));
#5995=CARTESIAN_POINT('Origin',(99.8773443343019,364.,-5.));
#5996=CARTESIAN_POINT('',(99.8773443343019,364.,-5.));
#5997=CARTESIAN_POINT('',(103.879738159085,364.,-5.));
#5998=CARTESIAN_POINT('',(-103.879738159085,364.,-5.));
#5999=CARTESIAN_POINT('',(103.879738159085,376.,-5.));
#6000=CARTESIAN_POINT('',(103.879738159085,364.,-5.));
#6001=CARTESIAN_POINT('',(99.8773443343019,376.,-5.));
#6002=CARTESIAN_POINT('',(-103.879738159085,376.,-5.));
#6003=CARTESIAN_POINT('',(99.8773443343019,364.,-5.));
#6004=CARTESIAN_POINT('Origin',(0.00230708510528643,364.,-0.00230708510525146));
#6005=CARTESIAN_POINT('',(4.9999555545636,364.,-99.8773465583176));
#6006=CARTESIAN_POINT('Origin',(0.00230708510528643,364.,-0.00230708510525146));
#6007=CARTESIAN_POINT('',(4.9999555545636,376.,-99.8773465583176));
#6008=CARTESIAN_POINT('Origin',(0.00230708510528643,376.,-0.00230708510525146));
#6009=CARTESIAN_POINT('',(4.9999555545636,364.,-99.8773465583176));
#6010=CARTESIAN_POINT('Origin',(4.99999999999998,364.,-103.879738159085));
#6011=CARTESIAN_POINT('',(4.99999999999998,364.,-103.879738159085));
#6012=CARTESIAN_POINT('',(4.99999999999998,364.,-103.879738159085));
#6013=CARTESIAN_POINT('',(4.99999999999998,376.,-103.879738159085));
#6014=CARTESIAN_POINT('',(4.99999999999998,376.,-103.879738159085));
#6015=CARTESIAN_POINT('',(4.99999999999998,364.,-103.879738159085));
#6016=CARTESIAN_POINT('Origin',(0.,364.,0.));
#6017=CARTESIAN_POINT('Origin',(0.,364.,0.));
#6018=CARTESIAN_POINT('Origin',(0.,376.,0.));
#6019=CARTESIAN_POINT('Origin',(54.4398468568242,364.,-54.4398690795423));
#6020=CARTESIAN_POINT('Origin',(54.4398468568242,376.,-54.4398690795423));
#6021=CARTESIAN_POINT('Origin',(-0.00230708510524202,364.,-0.00230708510519761));
#6022=CARTESIAN_POINT('',(103.877431073979,364.,4.99769291489472));
#6023=CARTESIAN_POINT('',(4.99769291489471,364.,103.877431073979));
#6024=CARTESIAN_POINT('Origin',(-0.00230708510524202,364.,-0.00230708510519761));
#6025=CARTESIAN_POINT('',(103.877431073979,376.,4.99769291489472));
#6026=CARTESIAN_POINT('',(103.877431073979,364.,4.99769291489472));
#6027=CARTESIAN_POINT('',(4.99769291489471,376.,103.877431073979));
#6028=CARTESIAN_POINT('Origin',(-0.00230708510524202,376.,-0.00230708510519761));
#6029=CARTESIAN_POINT('',(4.99769291489471,364.,103.877431073979));
#6030=CARTESIAN_POINT('Origin',(4.99773738471833,364.,99.8728433584446));
#6031=CARTESIAN_POINT('',(4.99773738471833,364.,99.8728433584446));
#6032=CARTESIAN_POINT('',(4.99999999999998,364.,-103.879738159085));
#6033=CARTESIAN_POINT('',(4.99773738471832,376.,99.8728433584446));
#6034=CARTESIAN_POINT('',(4.99999999999998,376.,-103.879738159085));
#6035=CARTESIAN_POINT('',(4.99773738471833,364.,99.8728433584446));
#6036=CARTESIAN_POINT('Origin',(0.00230708510528643,364.,-0.00230708510525146));
#6037=CARTESIAN_POINT('',(99.8772288622962,364.,4.99769291489472));
#6038=CARTESIAN_POINT('Origin',(0.00230708510528643,364.,-0.00230708510525146));
#6039=CARTESIAN_POINT('',(99.8772288622962,376.,4.99769291489472));
#6040=CARTESIAN_POINT('Origin',(0.00230708510528643,376.,-0.00230708510525146));
#6041=CARTESIAN_POINT('',(99.8772288622962,364.,4.99769291489472));
#6042=CARTESIAN_POINT('Origin',(103.877431073979,364.,4.99769291489472));
#6043=CARTESIAN_POINT('',(-103.877431073979,364.,4.99769291489471));
#6044=CARTESIAN_POINT('',(-103.877431073979,376.,4.99769291489471));
#6045=CARTESIAN_POINT('Origin',(54.4375619944371,364.,54.4375619944371));
#6046=CARTESIAN_POINT('Origin',(54.4375619944371,376.,54.4375619944371));
#6047=CARTESIAN_POINT('',(0.,0.,0.));
#6048=CARTESIAN_POINT('Origin',(-97.4976929148949,487.5,122.497692914895));
#6049=CARTESIAN_POINT('',(-97.4976929148949,512.5,122.497692914895));
#6050=CARTESIAN_POINT('',(-97.4976929148949,487.5,122.497692914895));
#6051=CARTESIAN_POINT('',(-97.4976929148949,512.5,122.497692914895));
#6052=CARTESIAN_POINT('',(-97.4976929148949,512.5,123.997692914895));
#6053=CARTESIAN_POINT('',(-97.4976929148949,512.5,122.497692914895));
#6054=CARTESIAN_POINT('',(-97.4976929148949,487.5,123.997692914895));
#6055=CARTESIAN_POINT('',(-97.4976929148949,512.5,123.997692914895));
#6056=CARTESIAN_POINT('',(-97.4976929148949,487.5,122.497692914895));
#6057=CARTESIAN_POINT('Origin',(-122.497692914895,487.5,122.497692914895));
#6058=CARTESIAN_POINT('',(-122.497692914895,487.5,122.497692914895));
#6059=CARTESIAN_POINT('',(-97.4976929148949,487.5,122.497692914895));
#6060=CARTESIAN_POINT('',(-122.497692914895,487.5,123.997692914895));
#6061=CARTESIAN_POINT('',(-97.4976929148949,487.5,123.997692914895));
#6062=CARTESIAN_POINT('',(-122.497692914895,487.5,122.497692914895));
#6063=CARTESIAN_POINT('Origin',(-122.497692914895,512.5,122.497692914895));
#6064=CARTESIAN_POINT('',(-122.497692914895,512.5,122.497692914895));
#6065=CARTESIAN_POINT('',(-122.497692914895,487.5,122.497692914895));
#6066=CARTESIAN_POINT('',(-122.497692914895,512.5,123.997692914895));
#6067=CARTESIAN_POINT('',(-122.497692914895,487.5,123.997692914895));
#6068=CARTESIAN_POINT('',(-122.497692914895,512.5,122.497692914895));
#6069=CARTESIAN_POINT('Origin',(-97.4976929148949,512.5,122.497692914895));
#6070=CARTESIAN_POINT('',(-122.497692914895,512.5,122.497692914895));
#6071=CARTESIAN_POINT('',(-122.497692914895,512.5,123.997692914895));
#6072=CARTESIAN_POINT('Origin',(-109.997692914895,500.,123.997692914895));
#6073=CARTESIAN_POINT('Origin',(-109.997692914895,500.,122.497692914895));
#6074=CARTESIAN_POINT('',(0.,0.,0.));
#6075=CARTESIAN_POINT('Origin',(-97.4976929148949,487.5,-122.497692914895));
#6076=CARTESIAN_POINT('',(-97.4976929148949,512.5,-122.497692914895));
#6077=CARTESIAN_POINT('',(-97.4976929148949,487.5,-122.497692914895));
#6078=CARTESIAN_POINT('',(-97.4976929148949,512.5,-122.497692914895));
#6079=CARTESIAN_POINT('',(-97.4976929148949,487.5,-123.997692914895));
#6080=CARTESIAN_POINT('',(-97.4976929148949,487.5,-122.497692914895));
#6081=CARTESIAN_POINT('',(-97.4976929148949,512.5,-123.997692914895));
#6082=CARTESIAN_POINT('',(-97.4976929148949,512.5,-123.997692914895));
#6083=CARTESIAN_POINT('',(-97.4976929148949,512.5,-122.497692914895));
#6084=CARTESIAN_POINT('Origin',(-122.497692914895,487.5,-122.497692914895));
#6085=CARTESIAN_POINT('',(-122.497692914895,487.5,-122.497692914895));
#6086=CARTESIAN_POINT('',(-97.4976929148949,487.5,-122.497692914895));
#6087=CARTESIAN_POINT('',(-122.497692914895,487.5,-123.997692914895));
#6088=CARTESIAN_POINT('',(-122.497692914895,487.5,-122.497692914895));
#6089=CARTESIAN_POINT('',(-97.4976929148949,487.5,-123.997692914895));
#6090=CARTESIAN_POINT('Origin',(-122.497692914895,512.5,-122.497692914895));
#6091=CARTESIAN_POINT('',(-122.497692914895,512.5,-122.497692914895));
#6092=CARTESIAN_POINT('',(-122.497692914895,487.5,-122.497692914895));
#6093=CARTESIAN_POINT('',(-122.497692914895,512.5,-123.997692914895));
#6094=CARTESIAN_POINT('',(-122.497692914895,512.5,-122.497692914895));
#6095=CARTESIAN_POINT('',(-122.497692914895,487.5,-123.997692914895));
#6096=CARTESIAN_POINT('Origin',(-97.4976929148949,512.5,-122.497692914895));
#6097=CARTESIAN_POINT('',(-122.497692914895,512.5,-122.497692914895));
#6098=CARTESIAN_POINT('',(-122.497692914895,512.5,-123.997692914895));
#6099=CARTESIAN_POINT('Origin',(-109.997692914895,500.,-123.997692914895));
#6100=CARTESIAN_POINT('Origin',(-109.997692914895,500.,-122.497692914895));
#6101=CARTESIAN_POINT('',(0.,0.,0.));
#6102=CARTESIAN_POINT('Origin',(0.,0.,-79.6165934999907));
#6103=CARTESIAN_POINT('',(3.93299999999999,4.81653586104654E-16,-79.366299715025));
#6104=CARTESIAN_POINT('Origin',(-1.14091096835599E-14,0.,-79.366299715025));
#6105=CARTESIAN_POINT('',(3.23318750000001,-3.95951272291824E-16,-79.9999999999906));
#6106=CARTESIAN_POINT('',(3.65659375000002,-4.47803583171974E-16,-79.6165934999907));
#6107=CARTESIAN_POINT('Origin',(0.,0.,-79.9999999999906));
#6108=CARTESIAN_POINT('Origin',(-5.32558699843283E-16,0.,-0.39999999999063));
#6109=CARTESIAN_POINT('',(4.333,-5.30639458070548E-16,9.37058757128215E-12));
#6110=CARTESIAN_POINT('Origin',(-4.77464053023226E-16,0.,9.37118438404383E-12));
#6111=CARTESIAN_POINT('',(3.933,4.81653586104654E-16,-0.399999999990631));
#6112=CARTESIAN_POINT('Origin',(4.333,-5.30639458070548E-16,-0.399999999990631));
#6113=CARTESIAN_POINT('Origin',(-5.32558699843283E-16,0.,-0.39999999999063));
#6114=CARTESIAN_POINT('Origin',(-3.99999999999998,0.,9.37171278755556E-12));
#6115=CARTESIAN_POINT('',(5.46858983849235,-6.6970910415594E-16,1.28109328700887E-11));
#6116=CARTESIAN_POINT('Origin',(-4.77464053022752E-16,0.,1.28116267594791E-11));
#6117=CARTESIAN_POINT('Origin',(-5.98692873502899E-15,0.,-39.9999999999906));
#6118=CARTESIAN_POINT('',(3.93299999999999,-4.81653586104654E-16,-39.9999999999906));
#6119=CARTESIAN_POINT('Origin',(-6.50168571891167,-3.75375000000001,0.));
#6120=CARTESIAN_POINT('',(-6.50168571891167,-3.75375000000001,0.599999999995175));
#6121=CARTESIAN_POINT('',(-6.50168571891168,3.75374999999999,0.599999999995175));
#6122=CARTESIAN_POINT('',(-6.50168571891167,-1.876875,0.600000000002194));
#6123=CARTESIAN_POINT('',(-6.50168571891167,-3.75375000000001,4.53068076631373));
#6124=CARTESIAN_POINT('',(-6.50168571891167,-3.75375000000001,2.56534038315445));
#6125=CARTESIAN_POINT('',(-6.50168571891168,3.75374999999999,4.53068076631373));
#6126=CARTESIAN_POINT('Ctrl Pts',(-6.50168571891168,3.75375,4.53068076631373));
#6127=CARTESIAN_POINT('Ctrl Pts',(-6.50168571891167,-7.16775903060658E-15,
5.61429505279901));
#6128=CARTESIAN_POINT('Ctrl Pts',(-6.50168571891167,-3.75375000000001,4.53068076631373));
#6129=CARTESIAN_POINT('',(-6.50168571891168,3.75374999999999,2.56534038315445));
#6130=CARTESIAN_POINT('Origin',(-6.50168571891168,3.75374999999999,0.));
#6131=CARTESIAN_POINT('',(-4.9960036108132E-15,7.5075,0.599999999995174));
#6132=CARTESIAN_POINT('',(-7.05688928918376,3.43320306924837,0.600000000002194));
#6133=CARTESIAN_POINT('',(-7.7715611723761E-15,7.5075,4.53068076631373));
#6134=CARTESIAN_POINT('Ctrl Pts',(-7.9916554278141E-15,7.5075,4.53068076631373));
#6135=CARTESIAN_POINT('Ctrl Pts',(-3.25084285945584,5.630625,5.614295052799));
#6136=CARTESIAN_POINT('Ctrl Pts',(-6.50168571891168,3.75374999999999,4.53068076631373));
#6137=CARTESIAN_POINT('',(-4.9960036108132E-15,7.5075,2.56534038315445));
#6138=CARTESIAN_POINT('Origin',(-7.7715611723761E-15,7.5075,0.));
#6139=CARTESIAN_POINT('',(6.50168571891166,3.75375000000001,0.599999999995173));
#6140=CARTESIAN_POINT('',(-0.555203570272091,7.82804693075163,0.600000000002193));
#6141=CARTESIAN_POINT('',(6.50168571891167,3.75375000000001,4.53068076631373));
#6142=CARTESIAN_POINT('Ctrl Pts',(6.50168571891167,3.75375000000001,4.53068076631373));
#6143=CARTESIAN_POINT('Ctrl Pts',(3.25084285945583,5.630625,5.614295052799));
#6144=CARTESIAN_POINT('Ctrl Pts',(-6.77331092098079E-15,7.5075,4.53068076631373));
#6145=CARTESIAN_POINT('',(6.50168571891166,3.75375000000001,2.56534038315445));
#6146=CARTESIAN_POINT('Origin',(6.50168571891167,3.75375000000001,0.));
#6147=CARTESIAN_POINT('',(6.50168571891168,-3.75374999999999,0.599999999995173));
#6148=CARTESIAN_POINT('',(6.50168571891167,1.87687500000001,0.600000000002192));
#6149=CARTESIAN_POINT('',(6.50168571891167,-9.77776766489478E-16,5.11138791225484));
#6150=CARTESIAN_POINT('Ctrl Pts',(6.50168571891167,-1.15932667250623E-15,
5.11138791225484));
#6151=CARTESIAN_POINT('Ctrl Pts',(6.50168571891167,1.74212143782335,5.11138791225484));
#6152=CARTESIAN_POINT('Ctrl Pts',(6.50168571891167,3.75375000000001,4.53068076631373));
#6153=CARTESIAN_POINT('',(6.50168571891168,-3.75374999999999,4.53068076631373));
#6154=CARTESIAN_POINT('Ctrl Pts',(6.50168571891168,-3.75374999999999,4.53068076631373));
#6155=CARTESIAN_POINT('Ctrl Pts',(6.50168571891167,-1.74212143782335,5.11138791225484));
#6156=CARTESIAN_POINT('Ctrl Pts',(6.50168571891167,-1.15932667250623E-15,
5.11138791225484));
#6157=CARTESIAN_POINT('',(6.50168571891168,-3.75374999999999,2.56534038315445));
#6158=CARTESIAN_POINT('Origin',(6.50168571891168,-3.75374999999999,0.));
#6159=CARTESIAN_POINT('',(1.0547118733939E-14,-7.5075,0.599999999995174));
#6160=CARTESIAN_POINT('',(2.69563928918376,-5.95117193075162,0.600000000002193));
#6161=CARTESIAN_POINT('',(1.22639862377692E-14,-7.5075,4.53068076631373));
#6162=CARTESIAN_POINT('Ctrl Pts',(9.67433992126886E-15,-7.5075,4.53068076631373));
#6163=CARTESIAN_POINT('Ctrl Pts',(3.25084285945585,-5.63062499999999,5.61429505279901));
#6164=CARTESIAN_POINT('Ctrl Pts',(6.50168571891168,-3.75374999999999,4.53068076631373));
#6165=CARTESIAN_POINT('',(1.11022302462516E-14,-7.5075,2.56534038315445));
#6166=CARTESIAN_POINT('Origin',(1.22124532708767E-14,-7.5075,0.));
#6167=CARTESIAN_POINT('',(-3.80604642972791,-5.31007806924838,0.600000000002193));
#6168=CARTESIAN_POINT('Ctrl Pts',(-6.50168571891167,-3.75375,4.53068076631373));
#6169=CARTESIAN_POINT('Ctrl Pts',(-3.25084285945582,-5.630625,5.61429505279901));
#6170=CARTESIAN_POINT('Ctrl Pts',(1.94210959759353E-14,-7.5075,4.53068076631373));
#6171=CARTESIAN_POINT('Origin',(-4.3614306790844E-16,0.,0.300000000007502));
#6172=CARTESIAN_POINT('',(5.815,-7.12132113704186E-16,0.600000000002194));
#6173=CARTESIAN_POINT('',(5.64179491924618,-6.90920608930063E-16,0.300000000007502));
#6174=CARTESIAN_POINT('Origin',(-3.94822082794128E-16,0.,0.600000000002193));
#6175=CARTESIAN_POINT('Origin',(-1.16573417585641E-14,0.,-79.9999999999906));
#6176=CARTESIAN_POINT('Origin',(-6.175,0.,5.30000000000891));
#6177=CARTESIAN_POINT('',(6.175,-7.5621939847349E-16,5.30000000000891));
#6178=CARTESIAN_POINT('Origin',(2.52540017342474E-16,0.,5.30000000000891));
#6179=CARTESIAN_POINT('Origin',(1.99558303002083E-16,0.,4.91534038316132));
#6180=CARTESIAN_POINT('',(6.84125,-8.37811491466683E-16,4.91534038316132));
#6181=CARTESIAN_POINT('Origin',(-5.815,0.,0.600000000002194));
#6182=CARTESIAN_POINT('',(0.,0.,0.));
#6183=CARTESIAN_POINT('Origin',(0.,0.,-39.6165934999985));
#6184=CARTESIAN_POINT('',(3.933,4.81653586104654E-16,-39.3662997150328));
#6185=CARTESIAN_POINT('Origin',(-2.48530704001313E-15,0.,-39.3662997150328));
#6186=CARTESIAN_POINT('',(3.2331875,-3.95951272291824E-16,-39.9999999999985));
#6187=CARTESIAN_POINT('',(3.65659375,-4.47803583171972E-16,-39.6165934999985));
#6188=CARTESIAN_POINT('Origin',(0.,0.,-39.9999999999985));
#6189=CARTESIAN_POINT('Origin',(-2.52531435054437E-17,0.,-0.399999999990632));
#6190=CARTESIAN_POINT('',(4.333,-5.30639458070548E-16,9.36764954923196E-12));
#6191=CARTESIAN_POINT('Origin',(5.89900786386144E-28,0.,9.36792310390899E-12));
#6192=CARTESIAN_POINT('',(3.933,4.81653586104654E-16,-0.399999999990633));
#6193=CARTESIAN_POINT('Origin',(4.333,-5.30639458070548E-16,-0.399999999990633));
#6194=CARTESIAN_POINT('Origin',(-2.52531435054437E-17,0.,-0.399999999990632));
#6195=CARTESIAN_POINT('Origin',(-3.99999999999998,0.,9.36820179856559E-12));
#6196=CARTESIAN_POINT('',(5.46858983850509,-6.697091041575E-16,1.28072552563196E-11));
#6197=CARTESIAN_POINT('Origin',(8.0703398017625E-28,0.,1.28077409788929E-11));
#6198=CARTESIAN_POINT('Origin',(-1.26265717530134E-15,0.,-19.9999999999946));
#6199=CARTESIAN_POINT('',(3.933,-4.81653586104654E-16,-19.9999999999946));
#6200=CARTESIAN_POINT('Origin',(-6.50168571891166,-3.75375000000001,0.));
#6201=CARTESIAN_POINT('',(-6.50168571891167,-3.75375000000001,0.599999999973109));
#6202=CARTESIAN_POINT('',(-6.50168571891167,3.75375,0.599999999973109));
#6203=CARTESIAN_POINT('',(-6.50168571891167,-1.87687500000001,0.599999999980128));
#6204=CARTESIAN_POINT('',(-6.50168571891166,-3.75375000000001,4.53068076630661));
#6205=CARTESIAN_POINT('',(-6.50168571891167,-3.75375000000001,2.56534038313986));
#6206=CARTESIAN_POINT('',(-6.50168571891167,3.75374999999999,4.53068076630661));
#6207=CARTESIAN_POINT('Ctrl Pts',(-6.50168571891167,3.75375,4.53068076630661));
#6208=CARTESIAN_POINT('Ctrl Pts',(-6.50168571891167,-7.16775903060658E-15,
5.61429505279189));
#6209=CARTESIAN_POINT('Ctrl Pts',(-6.50168571891166,-3.75375000000001,4.53068076630661));
#6210=CARTESIAN_POINT('',(-6.50168571891167,3.75375,2.56534038313986));
#6211=CARTESIAN_POINT('Origin',(-6.50168571891167,3.75374999999999,0.));
#6212=CARTESIAN_POINT('',(-5.55111512312578E-15,7.5075,0.599999999973109));
#6213=CARTESIAN_POINT('',(-7.05688928918375,3.43320306924837,0.599999999980128));
#6214=CARTESIAN_POINT('',(-6.66133814775094E-15,7.5075,4.53068076630661));
#6215=CARTESIAN_POINT('Ctrl Pts',(-1.27285030609607E-15,7.5075,4.53068076630661));
#6216=CARTESIAN_POINT('Ctrl Pts',(-3.25084285945584,5.630625,5.61429505279189));
#6217=CARTESIAN_POINT('Ctrl Pts',(-6.50168571891168,3.75374999999999,4.53068076630661));
#6218=CARTESIAN_POINT('',(-5.55111512312578E-15,7.5075,2.56534038313986));
#6219=CARTESIAN_POINT('Origin',(-6.66133814775094E-15,7.5075,0.));
#6220=CARTESIAN_POINT('',(6.50168571891166,3.75375000000001,0.599999999973108));
#6221=CARTESIAN_POINT('',(-0.555203570272092,7.82804693075163,0.599999999980128));
#6222=CARTESIAN_POINT('',(6.50168571891167,3.75375000000001,4.53068076630661));
#6223=CARTESIAN_POINT('Ctrl Pts',(6.50168571891167,3.75375000000001,4.53068076630661));
#6224=CARTESIAN_POINT('Ctrl Pts',(3.25084285945583,5.630625,5.61429505279188));
#6225=CARTESIAN_POINT('Ctrl Pts',(-6.1462283334293E-15,7.5075,4.53068076630661));
#6226=CARTESIAN_POINT('',(6.50168571891166,3.75375000000001,2.56534038313986));
#6227=CARTESIAN_POINT('Origin',(6.50168571891167,3.75375000000001,0.));
#6228=CARTESIAN_POINT('',(6.50168571891168,-3.75374999999999,0.599999999973108));
#6229=CARTESIAN_POINT('',(6.50168571891167,1.87687500000001,0.599999999980127));
#6230=CARTESIAN_POINT('',(6.50168571891167,-7.84555654405105E-16,5.11138791224772));
#6231=CARTESIAN_POINT('Ctrl Pts',(6.50168571891167,-7.72884448337487E-16,
5.11138791224772));
#6232=CARTESIAN_POINT('Ctrl Pts',(6.50168571891167,1.74212143782335,5.11138791224772));
#6233=CARTESIAN_POINT('Ctrl Pts',(6.50168571891167,3.75375000000001,4.53068076630661));
#6234=CARTESIAN_POINT('',(6.50168571891168,-3.75374999999999,4.53068076630661));
#6235=CARTESIAN_POINT('Ctrl Pts',(6.50168571891168,-3.75374999999999,4.53068076630661));
#6236=CARTESIAN_POINT('Ctrl Pts',(6.50168571891168,-1.74212143782334,5.11138791224772));
#6237=CARTESIAN_POINT('Ctrl Pts',(6.50168571891167,-7.72884448337487E-16,
5.11138791224772));
#6238=CARTESIAN_POINT('',(6.50168571891168,-3.75374999999999,2.56534038313986));
#6239=CARTESIAN_POINT('Origin',(6.50168571891168,-3.75374999999999,0.));
#6240=CARTESIAN_POINT('',(8.88178419700125E-15,-7.5075,0.599999999973108));
#6241=CARTESIAN_POINT('',(2.69563928918376,-5.95117193075162,0.599999999980128));
#6242=CARTESIAN_POINT('',(9.28897765313954E-15,-7.5075,4.53068076630661));
#6243=CARTESIAN_POINT('Ctrl Pts',(8.47390574857039E-15,-7.5075,4.53068076630661));
#6244=CARTESIAN_POINT('Ctrl Pts',(3.25084285945585,-5.630625,5.61429505279188));
#6245=CARTESIAN_POINT('Ctrl Pts',(6.50168571891168,-3.75375,4.53068076630661));
#6246=CARTESIAN_POINT('',(8.88178419700125E-15,-7.5075,2.56534038313986));
#6247=CARTESIAN_POINT('Origin',(8.88178419700125E-15,-7.5075,0.));
#6248=CARTESIAN_POINT('',(-3.80604642972791,-5.31007806924838,0.599999999980128));
#6249=CARTESIAN_POINT('Ctrl Pts',(-6.50168571891167,-3.75375000000001,4.53068076630661));
#6250=CARTESIAN_POINT('Ctrl Pts',(-3.25084285945583,-5.63062500000001,5.61429505279188));
#6251=CARTESIAN_POINT('Ctrl Pts',(1.15197670156537E-14,-7.5075,4.53068076630661));
#6252=CARTESIAN_POINT('Origin',(1.89398576293006E-17,0.,0.299999999996468));
#6253=CARTESIAN_POINT('',(5.815,-7.12132113704186E-16,0.599999999980128));
#6254=CARTESIAN_POINT('',(5.64179491925255,-6.90920608930843E-16,0.299999999996468));
#6255=CARTESIAN_POINT('Origin',(3.78797152577942E-17,0.,0.599999999980128));
#6256=CARTESIAN_POINT('Origin',(-2.77555756156289E-15,0.,-39.9999999999985));
#6257=CARTESIAN_POINT('Origin',(-6.175,0.,5.30000000000179));
#6258=CARTESIAN_POINT('',(6.175,-7.5621939847349E-16,5.30000000000179));
#6259=CARTESIAN_POINT('Origin',(3.34604151455056E-16,0.,5.30000000000179));
#6260=CARTESIAN_POINT('Origin',(3.10319490191986E-16,0.,4.9153403831542));
#6261=CARTESIAN_POINT('',(6.84125,-8.37811491466683E-16,4.9153403831542));
#6262=CARTESIAN_POINT('Origin',(-5.815,0.,0.599999999980128));
#6263=CARTESIAN_POINT('',(0.,0.,0.));
#6264=CARTESIAN_POINT('Origin',(0.,0.,1.76226082976032));
#6265=CARTESIAN_POINT('',(-1.05154842145215E-15,-8.58654448110491,1.2));
#6266=CARTESIAN_POINT('',(8.58654448110491,-1.05154842145215E-15,1.2));
#6267=CARTESIAN_POINT('Origin',(0.,0.,1.2));
#6268=CARTESIAN_POINT('',(1.38777878078145E-15,-7.50555349946514,1.70407437313511));
#6269=CARTESIAN_POINT('',(-9.0388390996282E-16,-7.38077224055245,1.76226082976032));
#6270=CARTESIAN_POINT('',(-6.5,-3.75277674973257,1.70407437313512));
#6271=CARTESIAN_POINT('Ctrl Pts',(-6.5,-3.75277674973257,1.70407437313512));
#6272=CARTESIAN_POINT('Ctrl Pts',(-3.24999999999957,-5.6291651245991,2.57904864200748));
#6273=CARTESIAN_POINT('Ctrl Pts',(1.38777878078145E-15,-7.50555349946514,
1.70407437313511));
#6274=CARTESIAN_POINT('',(-6.5,3.75277674973257,1.70407437313511));
#6275=CARTESIAN_POINT('Ctrl Pts',(-6.5,3.75277674973257,1.70407437313511));
#6276=CARTESIAN_POINT('Ctrl Pts',(-6.5,-4.9293902293357E-13,2.57904864200748));
#6277=CARTESIAN_POINT('Ctrl Pts',(-6.5,-3.75277674973257,1.70407437313512));
#6278=CARTESIAN_POINT('',(5.27355936696949E-15,7.50555349946513,1.70407437313512));
#6279=CARTESIAN_POINT('Ctrl Pts',(5.27355936696949E-15,7.50555349946513,
1.70407437313512));
#6280=CARTESIAN_POINT('Ctrl Pts',(-3.25000000000043,5.62916512459861,2.57904864200748));
#6281=CARTESIAN_POINT('Ctrl Pts',(-6.5,3.75277674973257,1.70407437313511));
#6282=CARTESIAN_POINT('',(6.5,3.75277674973256,1.70407437313512));
#6283=CARTESIAN_POINT('Ctrl Pts',(6.5,3.75277674973256,1.70407437313512));
#6284=CARTESIAN_POINT('Ctrl Pts',(3.24999999999958,5.6291651245991,2.57904864200748));
#6285=CARTESIAN_POINT('Ctrl Pts',(5.27355936696949E-15,7.50555349946513,
1.70407437313512));
#6286=CARTESIAN_POINT('',(6.5,-3.75277674973257,1.70407437313511));
#6287=CARTESIAN_POINT('Ctrl Pts',(6.5,-3.75277674973257,1.70407437313511));
#6288=CARTESIAN_POINT('Ctrl Pts',(6.5,4.93494134445882E-13,2.57904864200748));
#6289=CARTESIAN_POINT('Ctrl Pts',(6.5,3.75277674973256,1.70407437313512));
#6290=CARTESIAN_POINT('Ctrl Pts',(1.38777878078145E-15,-7.50555349946514,
1.70407437313511));
#6291=CARTESIAN_POINT('Ctrl Pts',(3.25000000000043,-5.62916512459861,2.57904864200748));
#6292=CARTESIAN_POINT('Ctrl Pts',(6.5,-3.75277674973257,1.70407437313511));
#6293=CARTESIAN_POINT('Origin',(0.,0.,1.2));
#6294=CARTESIAN_POINT('Origin',(0.,0.,0.62948911406662));
#6295=CARTESIAN_POINT('',(8.32051088593338,-1.0189687023729E-15,-5.55111512312578E-16));
#6296=CARTESIAN_POINT('Origin',(0.,0.,-5.55111512312578E-16));
#6297=CARTESIAN_POINT('Origin',(8.32051088593338,-1.0189687023729E-15,0.62948911406662));
#6298=CARTESIAN_POINT('Origin',(-0.00337012765224853,-7.50749924357236,
7.99999999999928));
#6299=CARTESIAN_POINT('',(6.5,-3.75277674973257,7.64347926433119));
#6300=CARTESIAN_POINT('',(6.5,-3.75277674973257,7.99999999999928));
#6301=CARTESIAN_POINT('',(8.36733558598129E-16,-7.50555349946513,7.64347926433119));
#6302=CARTESIAN_POINT('Ctrl Pts',(8.36733558598129E-16,-7.50555349946513,
7.64347926433119));
#6303=CARTESIAN_POINT('Ctrl Pts',(3.25,-5.62916512459885,8.14625601406376));
#6304=CARTESIAN_POINT('Ctrl Pts',(6.5,-3.75277674973257,7.64347926433119));
#6305=CARTESIAN_POINT('',(1.38777878078145E-15,-7.50555349946514,7.99999999999928));
#6306=CARTESIAN_POINT('Origin',(6.5,-3.75666823794702,7.99999999999928));
#6307=CARTESIAN_POINT('',(6.5,3.75277674973256,7.64347926433119));
#6308=CARTESIAN_POINT('',(6.5,3.75277674973256,7.99999999999928));
#6309=CARTESIAN_POINT('',(6.5,-5.26806384273372E-16,7.91291651245916));
#6310=CARTESIAN_POINT('Ctrl Pts',(6.5,-2.57592349100964E-16,7.91291651245916));
#6311=CARTESIAN_POINT('Ctrl Pts',(6.5,1.74166975080229,7.91291651245916));
#6312=CARTESIAN_POINT('Ctrl Pts',(6.5,3.75277674973256,7.64347926433119));
#6313=CARTESIAN_POINT('Ctrl Pts',(6.5,-3.75277674973257,7.64347926433119));
#6314=CARTESIAN_POINT('Ctrl Pts',(6.5,-1.7416697508023,7.91291651245916));
#6315=CARTESIAN_POINT('Ctrl Pts',(6.5,-2.57592349100964E-16,7.91291651245916));
#6316=CARTESIAN_POINT('Origin',(6.50337012765225,3.75083100562534,7.99999999999928));
#6317=CARTESIAN_POINT('',(4.41727094743274E-15,7.50555349946513,7.64347926433119));
#6318=CARTESIAN_POINT('',(5.27355936696949E-15,7.50555349946513,7.99999999999928));
#6319=CARTESIAN_POINT('Ctrl Pts',(6.5,3.75277674973256,7.64347926433119));
#6320=CARTESIAN_POINT('Ctrl Pts',(3.25,5.62916512459885,8.14625601406376));
#6321=CARTESIAN_POINT('Ctrl Pts',(4.67415909967602E-15,7.50555349946513,
7.64347926433119));
#6322=CARTESIAN_POINT('Origin',(0.00337012765225297,7.50749924357236,7.99999999999928));
#6323=CARTESIAN_POINT('',(-6.5,3.75277674973257,7.64347926433119));
#6324=CARTESIAN_POINT('',(-6.5,3.75277674973257,7.99999999999928));
#6325=CARTESIAN_POINT('Ctrl Pts',(4.41727094743274E-15,7.50555349946513,
7.64347926433119));
#6326=CARTESIAN_POINT('Ctrl Pts',(-3.25,5.62916512459885,8.14625601406376));
#6327=CARTESIAN_POINT('Ctrl Pts',(-6.5,3.75277674973257,7.64347926433119));
#6328=CARTESIAN_POINT('Origin',(-6.5,3.75666823794702,7.99999999999928));
#6329=CARTESIAN_POINT('',(-6.5,-3.75277674973257,7.64347926433119));
#6330=CARTESIAN_POINT('',(-6.5,-3.75277674973257,7.99999999999928));
#6331=CARTESIAN_POINT('Ctrl Pts',(-6.5,3.75277674973257,7.64347926433119));
#6332=CARTESIAN_POINT('Ctrl Pts',(-6.5,-1.11022302462516E-15,8.14625601406376));
#6333=CARTESIAN_POINT('Ctrl Pts',(-6.5,-3.75277674973257,7.64347926433119));
#6334=CARTESIAN_POINT('Origin',(-3.9999999999995,0.,-8.06616635010094E-13));
#6335=CARTESIAN_POINT('',(3.38975,-4.15124648740974E-16,-8.06577027390176E-13));
#6336=CARTESIAN_POINT('Origin',(0.,0.,-8.06577027390176E-13));
#6337=CARTESIAN_POINT('Origin',(-6.50337012765225,-3.75083100562534,7.99999999999928));
#6338=CARTESIAN_POINT('Ctrl Pts',(-6.5,-3.75277674973257,7.64347926433119));
#6339=CARTESIAN_POINT('Ctrl Pts',(-3.25,-5.62916512459885,8.14625601406376));
#6340=CARTESIAN_POINT('Ctrl Pts',(9.71310153257892E-16,-7.50555349946513,
7.64347926433119));
#6341=CARTESIAN_POINT('Origin',(-6.175,0.,7.99999999999928));
#6342=CARTESIAN_POINT('',(6.175,-7.5621939847349E-16,7.99999999999928));
#6343=CARTESIAN_POINT('Origin',(0.,0.,7.99999999999928));
#6344=CARTESIAN_POINT('',(3.38975,4.15124648740974E-16,7.99999999999928));
#6345=CARTESIAN_POINT('Origin',(0.,0.,7.99999999999928));
#6346=CARTESIAN_POINT('Origin',(0.,0.,7.82147885054204));
#6347=CARTESIAN_POINT('',(6.84125,-8.37811491466683E-16,7.82147885054204));
#6348=CARTESIAN_POINT('Origin',(0.,0.,3.99999999999934));
#6349=CARTESIAN_POINT('',(3.38975,-4.15124648740974E-16,3.99999999999934));
#6350=CARTESIAN_POINT('Origin',(-156.,350.,0.));
#6351=CARTESIAN_POINT('',(-150.,350.,-150.));
#6352=CARTESIAN_POINT('',(-150.,350.,150.));
#6353=CARTESIAN_POINT('',(-150.,350.,150.));
#6354=CARTESIAN_POINT('',(-162.,350.,150.));
#6355=CARTESIAN_POINT('',(-150.,350.,150.));
#6356=CARTESIAN_POINT('',(-162.,350.,-150.));
#6357=CARTESIAN_POINT('',(-162.,350.,162.));
#6358=CARTESIAN_POINT('',(-150.,350.,-150.));
#6359=CARTESIAN_POINT('Origin',(-162.,500.,150.));
#6360=CARTESIAN_POINT('',(-150.,650.,150.));
#6361=CARTESIAN_POINT('',(-150.,500.,150.));
#6362=CARTESIAN_POINT('',(-162.,650.,150.));
#6363=CARTESIAN_POINT('',(-150.,650.,150.));
#6364=CARTESIAN_POINT('',(-162.,500.,150.));
#6365=CARTESIAN_POINT('Origin',(-162.,500.,-150.));
#6366=CARTESIAN_POINT('',(-162.,650.,-150.));
#6367=CARTESIAN_POINT('',(-162.,650.,162.));
#6368=CARTESIAN_POINT('',(-162.,500.,-150.));
#6369=CARTESIAN_POINT('Origin',(-150.,500.,-150.));
#6370=CARTESIAN_POINT('',(-150.,650.,-150.));
#6371=CARTESIAN_POINT('',(-150.,650.,-150.));
#6372=CARTESIAN_POINT('',(-150.,500.,-150.));
#6373=CARTESIAN_POINT('Origin',(-150.,500.,150.));
#6374=CARTESIAN_POINT('',(-150.,650.,150.));
#6375=CARTESIAN_POINT('Origin',(-156.,650.,0.));
#6376=CARTESIAN_POINT('Origin',(177.,615.,-115.));
#6377=CARTESIAN_POINT('',(162.,612.5,-115.));
#6378=CARTESIAN_POINT('Origin',(162.,615.,-115.));
#6379=CARTESIAN_POINT('',(150.,612.5,-115.));
#6380=CARTESIAN_POINT('',(177.,612.5,-115.));
#6381=CARTESIAN_POINT('Origin',(150.,615.,-115.));
#6382=CARTESIAN_POINT('Origin',(177.,434.497474683058,-115.));
#6383=CARTESIAN_POINT('',(162.,431.997474683058,-115.));
#6384=CARTESIAN_POINT('Origin',(162.,434.497474683058,-115.));
#6385=CARTESIAN_POINT('',(150.,431.997474683058,-115.));
#6386=CARTESIAN_POINT('',(177.,431.997474683058,-115.));
#6387=CARTESIAN_POINT('Origin',(150.,434.497474683058,-115.));
#6388=CARTESIAN_POINT('Origin',(177.,615.,65.5025253169416));
#6389=CARTESIAN_POINT('',(162.,612.5,65.5025253169416));
#6390=CARTESIAN_POINT('Origin',(162.,615.,65.5025253169416));
#6391=CARTESIAN_POINT('',(150.,612.5,65.5025253169416));
#6392=CARTESIAN_POINT('',(177.,612.5,65.5025253169416));
#6393=CARTESIAN_POINT('Origin',(150.,615.,65.5025253169416));
#6394=CARTESIAN_POINT('Origin',(156.,350.,0.));
#6395=CARTESIAN_POINT('',(162.,350.,150.));
#6396=CARTESIAN_POINT('',(150.,350.,150.));
#6397=CARTESIAN_POINT('',(150.,350.,150.));
#6398=CARTESIAN_POINT('',(150.,350.,-150.));
#6399=CARTESIAN_POINT('',(150.,350.,-150.));
#6400=CARTESIAN_POINT('',(162.,350.,-150.));
#6401=CARTESIAN_POINT('',(150.,350.,-150.));
#6402=CARTESIAN_POINT('',(162.,350.,-162.));
#6403=CARTESIAN_POINT('Origin',(150.,500.,-150.));
#6404=CARTESIAN_POINT('',(150.,650.,150.));
#6405=CARTESIAN_POINT('',(150.,500.,150.));
#6406=CARTESIAN_POINT('',(150.,650.,-150.));
#6407=CARTESIAN_POINT('',(150.,650.,-150.));
#6408=CARTESIAN_POINT('',(150.,500.,-150.));
#6409=CARTESIAN_POINT('Origin',(162.,500.,-150.));
#6410=CARTESIAN_POINT('',(162.,650.,-150.));
#6411=CARTESIAN_POINT('',(150.,650.,-150.));
#6412=CARTESIAN_POINT('',(162.,500.,-150.));
#6413=CARTESIAN_POINT('Origin',(162.,500.,150.));
#6414=CARTESIAN_POINT('',(162.,650.,150.));
#6415=CARTESIAN_POINT('',(162.,650.,-162.));
#6416=CARTESIAN_POINT('',(162.,500.,150.));
#6417=CARTESIAN_POINT('Origin',(150.,500.,150.));
#6418=CARTESIAN_POINT('',(150.,650.,150.));
#6419=CARTESIAN_POINT('Origin',(156.,650.,0.));
#6420=CARTESIAN_POINT('Origin',(109.997692914895,500.,162.));
#6421=CARTESIAN_POINT('',(113.997692914895,500.,162.));
#6422=CARTESIAN_POINT('Origin',(109.997692914895,500.,162.));
#6423=CARTESIAN_POINT('',(113.997692914895,500.,150.));
#6424=CARTESIAN_POINT('',(113.997692914895,500.,162.));
#6425=CARTESIAN_POINT('Origin',(109.997692914895,500.,150.));
#6426=CARTESIAN_POINT('Origin',(-109.997692914895,500.,162.));
#6427=CARTESIAN_POINT('',(-105.997692914895,500.,162.));
#6428=CARTESIAN_POINT('Origin',(-109.997692914895,500.,162.));
#6429=CARTESIAN_POINT('',(-105.997692914895,500.,150.));
#6430=CARTESIAN_POINT('',(-105.997692914895,500.,162.));
#6431=CARTESIAN_POINT('Origin',(-109.997692914895,500.,150.));
#6432=CARTESIAN_POINT('Origin',(109.997692914895,438.5,162.));
#6433=CARTESIAN_POINT('',(104.997692914895,438.5,162.));
#6434=CARTESIAN_POINT('Origin',(109.997692914895,438.5,162.));
#6435=CARTESIAN_POINT('',(104.997692914895,438.5,150.));
#6436=CARTESIAN_POINT('',(104.997692914895,438.5,162.));
#6437=CARTESIAN_POINT('Origin',(109.997692914895,438.5,150.));
#6438=CARTESIAN_POINT('Origin',(109.997692914895,561.5,162.));
#6439=CARTESIAN_POINT('',(104.997692914895,561.5,162.));
#6440=CARTESIAN_POINT('Origin',(109.997692914895,561.5,162.));
#6441=CARTESIAN_POINT('',(104.997692914895,561.5,150.));
#6442=CARTESIAN_POINT('',(104.997692914895,561.5,162.));
#6443=CARTESIAN_POINT('Origin',(109.997692914895,561.5,150.));
#6444=CARTESIAN_POINT('Origin',(-109.997692914895,438.5,162.));
#6445=CARTESIAN_POINT('',(-104.997692914895,438.5,162.));
#6446=CARTESIAN_POINT('Origin',(-109.997692914895,438.5,162.));
#6447=CARTESIAN_POINT('',(-104.997692914895,438.5,150.));
#6448=CARTESIAN_POINT('',(-104.997692914895,438.5,162.));
#6449=CARTESIAN_POINT('Origin',(-109.997692914895,438.5,150.));
#6450=CARTESIAN_POINT('Origin',(-109.997692914895,561.5,162.));
#6451=CARTESIAN_POINT('',(-104.997692914895,561.5,162.));
#6452=CARTESIAN_POINT('Origin',(-109.997692914895,561.5,162.));
#6453=CARTESIAN_POINT('',(-104.997692914895,561.5,150.));
#6454=CARTESIAN_POINT('',(-104.997692914895,561.5,162.));
#6455=CARTESIAN_POINT('Origin',(-109.997692914895,561.5,150.));
#6456=CARTESIAN_POINT('Origin',(0.,350.,156.));
#6457=CARTESIAN_POINT('',(-162.,350.,150.));
#6458=CARTESIAN_POINT('',(162.,350.,150.));
#6459=CARTESIAN_POINT('',(150.,350.,150.));
#6460=CARTESIAN_POINT('',(162.,350.,162.));
#6461=CARTESIAN_POINT('',(162.,350.,-162.));
#6462=CARTESIAN_POINT('',(-162.,350.,162.));
#6463=CARTESIAN_POINT('',(162.,350.,162.));
#6464=CARTESIAN_POINT('',(-162.,350.,162.));
#6465=CARTESIAN_POINT('Origin',(162.,500.,162.));
#6466=CARTESIAN_POINT('',(162.,650.,150.));
#6467=CARTESIAN_POINT('',(162.,500.,150.));
#6468=CARTESIAN_POINT('',(162.,650.,162.));
#6469=CARTESIAN_POINT('',(162.,650.,-162.));
#6470=CARTESIAN_POINT('',(162.,500.,162.));
#6471=CARTESIAN_POINT('Origin',(-162.,500.,162.));
#6472=CARTESIAN_POINT('',(-162.,650.,162.));
#6473=CARTESIAN_POINT('',(162.,650.,162.));
#6474=CARTESIAN_POINT('',(-162.,500.,162.));
#6475=CARTESIAN_POINT('Origin',(-162.,500.,150.));
#6476=CARTESIAN_POINT('',(-162.,650.,150.));
#6477=CARTESIAN_POINT('',(-162.,650.,162.));
#6478=CARTESIAN_POINT('',(-162.,500.,150.));
#6479=CARTESIAN_POINT('Origin',(162.,500.,150.));
#6480=CARTESIAN_POINT('',(150.,650.,150.));
#6481=CARTESIAN_POINT('Origin',(0.,650.,156.));
#6482=CARTESIAN_POINT('Origin',(0.,350.,-156.));
#6483=CARTESIAN_POINT('',(162.,350.,-150.));
#6484=CARTESIAN_POINT('',(-162.,350.,-150.));
#6485=CARTESIAN_POINT('',(-150.,350.,-150.));
#6486=CARTESIAN_POINT('',(-162.,350.,-162.));
#6487=CARTESIAN_POINT('',(-162.,350.,162.));
#6488=CARTESIAN_POINT('',(162.,350.,-162.));
#6489=CARTESIAN_POINT('',(-162.,350.,-162.));
#6490=CARTESIAN_POINT('',(162.,350.,-162.));
#6491=CARTESIAN_POINT('Origin',(-162.,500.,-162.));
#6492=CARTESIAN_POINT('',(-162.,650.,-150.));
#6493=CARTESIAN_POINT('',(-162.,500.,-150.));
#6494=CARTESIAN_POINT('',(-162.,650.,-162.));
#6495=CARTESIAN_POINT('',(-162.,650.,162.));
#6496=CARTESIAN_POINT('',(-162.,500.,-162.));
#6497=CARTESIAN_POINT('Origin',(162.,500.,-162.));
#6498=CARTESIAN_POINT('',(162.,650.,-162.));
#6499=CARTESIAN_POINT('',(-162.,650.,-162.));
#6500=CARTESIAN_POINT('',(162.,500.,-162.));
#6501=CARTESIAN_POINT('Origin',(162.,500.,-150.));
#6502=CARTESIAN_POINT('',(162.,650.,-150.));
#6503=CARTESIAN_POINT('',(162.,650.,-162.));
#6504=CARTESIAN_POINT('',(162.,500.,-150.));
#6505=CARTESIAN_POINT('Origin',(-162.,500.,-150.));
#6506=CARTESIAN_POINT('',(-150.,650.,-150.));
#6507=CARTESIAN_POINT('Origin',(0.,650.,-156.));
#6508=CARTESIAN_POINT('Origin',(-77.5,364.,-77.5));
#6509=CARTESIAN_POINT('',(-103.879738159085,364.,-5.));
#6510=CARTESIAN_POINT('',(-150.,364.,-5.));
#6511=CARTESIAN_POINT('',(-150.,364.,-5.));
#6512=CARTESIAN_POINT('',(-150.,364.,-150.));
#6513=CARTESIAN_POINT('',(-150.,364.,150.));
#6514=CARTESIAN_POINT('',(-5.,364.,-150.));
#6515=CARTESIAN_POINT('',(-150.,364.,-150.));
#6516=CARTESIAN_POINT('',(-5.,364.,-103.879738159085));
#6517=CARTESIAN_POINT('',(-5.,364.,-150.));
#6518=CARTESIAN_POINT('Origin',(0.,364.,0.));
#6519=CARTESIAN_POINT('Origin',(-150.,370.,-150.));
#6520=CARTESIAN_POINT('',(-150.,376.,-5.));
#6521=CARTESIAN_POINT('',(-150.,370.,-5.));
#6522=CARTESIAN_POINT('',(-150.,376.,-150.));
#6523=CARTESIAN_POINT('',(-150.,376.,150.));
#6524=CARTESIAN_POINT('',(-150.,370.,-150.));
#6525=CARTESIAN_POINT('Origin',(-5.,370.,-150.));
#6526=CARTESIAN_POINT('',(-5.,376.,-150.));
#6527=CARTESIAN_POINT('',(-150.,376.,-150.));
#6528=CARTESIAN_POINT('',(-5.,370.,-150.));
#6529=CARTESIAN_POINT('Origin',(-5.,370.,-103.879738159085));
#6530=CARTESIAN_POINT('',(-5.,376.,-103.879738159085));
#6531=CARTESIAN_POINT('',(-5.,376.,-150.));
#6532=CARTESIAN_POINT('',(-5.,370.,-103.879738159085));
#6533=CARTESIAN_POINT('Origin',(0.,370.,0.));
#6534=CARTESIAN_POINT('',(-103.879738159085,376.,-5.));
#6535=CARTESIAN_POINT('Origin',(0.,376.,0.));
#6536=CARTESIAN_POINT('',(-103.879738159085,370.,-5.));
#6537=CARTESIAN_POINT('Origin',(-150.,370.,-5.));
#6538=CARTESIAN_POINT('',(-150.,376.,-5.));
#6539=CARTESIAN_POINT('Origin',(-77.5,376.,-77.5));
#6540=CARTESIAN_POINT('Origin',(77.5,364.,-77.5));
#6541=CARTESIAN_POINT('',(103.879738159085,364.,-5.));
#6542=CARTESIAN_POINT('',(150.,364.,-5.));
#6543=CARTESIAN_POINT('',(150.,364.,-5.));
#6544=CARTESIAN_POINT('',(5.,364.,-103.879738159085));
#6545=CARTESIAN_POINT('Origin',(0.,364.,0.));
#6546=CARTESIAN_POINT('',(5.,364.,-150.));
#6547=CARTESIAN_POINT('',(5.,364.,-150.));
#6548=CARTESIAN_POINT('',(150.,364.,-150.));
#6549=CARTESIAN_POINT('',(150.,364.,-150.));
#6550=CARTESIAN_POINT('',(150.,364.,150.));
#6551=CARTESIAN_POINT('Origin',(150.,370.,-150.));
#6552=CARTESIAN_POINT('',(150.,376.,-5.));
#6553=CARTESIAN_POINT('',(150.,370.,-5.));
#6554=CARTESIAN_POINT('',(150.,376.,-150.));
#6555=CARTESIAN_POINT('',(150.,370.,-150.));
#6556=CARTESIAN_POINT('',(150.,376.,150.));
#6557=CARTESIAN_POINT('Origin',(5.,370.,-150.));
#6558=CARTESIAN_POINT('',(5.,376.,-150.));
#6559=CARTESIAN_POINT('',(5.,370.,-150.));
#6560=CARTESIAN_POINT('',(150.,376.,-150.));
#6561=CARTESIAN_POINT('Origin',(5.,370.,-103.879738159085));
#6562=CARTESIAN_POINT('',(5.,376.,-103.879738159085));
#6563=CARTESIAN_POINT('',(5.,370.,-103.879738159085));
#6564=CARTESIAN_POINT('',(5.,376.,-150.));
#6565=CARTESIAN_POINT('Origin',(0.,370.,0.));
#6566=CARTESIAN_POINT('',(103.879738159085,376.,-5.));
#6567=CARTESIAN_POINT('',(103.879738159085,370.,-5.));
#6568=CARTESIAN_POINT('Origin',(0.,376.,0.));
#6569=CARTESIAN_POINT('Origin',(150.,370.,-5.));
#6570=CARTESIAN_POINT('',(150.,376.,-5.));
#6571=CARTESIAN_POINT('Origin',(77.5,376.,-77.5));
#6572=CARTESIAN_POINT('Origin',(-77.5,636.,-77.5));
#6573=CARTESIAN_POINT('',(-103.879738159085,636.,-5.));
#6574=CARTESIAN_POINT('',(-150.,636.,-5.));
#6575=CARTESIAN_POINT('',(-150.,636.,-5.));
#6576=CARTESIAN_POINT('',(-5.,636.,-103.879738159085));
#6577=CARTESIAN_POINT('Origin',(0.,636.,0.));
#6578=CARTESIAN_POINT('',(-5.,636.,-150.));
#6579=CARTESIAN_POINT('',(-5.,636.,-150.));
#6580=CARTESIAN_POINT('',(-150.,636.,-150.));
#6581=CARTESIAN_POINT('',(-150.,636.,-150.));
#6582=CARTESIAN_POINT('',(-150.,636.,150.));
#6583=CARTESIAN_POINT('Origin',(-150.,630.,-150.));
#6584=CARTESIAN_POINT('',(-150.,624.,-5.));
#6585=CARTESIAN_POINT('',(-150.,630.,-5.));
#6586=CARTESIAN_POINT('',(-150.,624.,-150.));
#6587=CARTESIAN_POINT('',(-150.,630.,-150.));
#6588=CARTESIAN_POINT('',(-150.,624.,150.));
#6589=CARTESIAN_POINT('Origin',(-5.,630.,-150.));
#6590=CARTESIAN_POINT('',(-5.,624.,-150.));
#6591=CARTESIAN_POINT('',(-5.,630.,-150.));
#6592=CARTESIAN_POINT('',(-150.,624.,-150.));
#6593=CARTESIAN_POINT('Origin',(-5.,630.,-103.879738159085));
#6594=CARTESIAN_POINT('',(-5.,624.,-103.879738159085));
#6595=CARTESIAN_POINT('',(-5.,630.,-103.879738159085));
#6596=CARTESIAN_POINT('',(-5.,624.,-150.));
#6597=CARTESIAN_POINT('Origin',(0.,630.,0.));
#6598=CARTESIAN_POINT('',(-103.879738159085,624.,-5.));
#6599=CARTESIAN_POINT('',(-103.879738159085,630.,-5.));
#6600=CARTESIAN_POINT('Origin',(0.,624.,0.));
#6601=CARTESIAN_POINT('Origin',(-150.,630.,-5.));
#6602=CARTESIAN_POINT('',(-150.,624.,-5.));
#6603=CARTESIAN_POINT('Origin',(-77.5,624.,-77.5));
#6604=CARTESIAN_POINT('Origin',(77.5,636.,-77.5));
#6605=CARTESIAN_POINT('',(103.879738159085,636.,-5.));
#6606=CARTESIAN_POINT('',(150.,636.,-5.));
#6607=CARTESIAN_POINT('',(150.,636.,-5.));
#6608=CARTESIAN_POINT('',(150.,636.,-150.));
#6609=CARTESIAN_POINT('',(150.,636.,150.));
#6610=CARTESIAN_POINT('',(5.,636.,-150.));
#6611=CARTESIAN_POINT('',(150.,636.,-150.));
#6612=CARTESIAN_POINT('',(5.,636.,-103.879738159085));
#6613=CARTESIAN_POINT('',(5.,636.,-150.));
#6614=CARTESIAN_POINT('Origin',(0.,636.,0.));
#6615=CARTESIAN_POINT('Origin',(150.,630.,-150.));
#6616=CARTESIAN_POINT('',(150.,624.,-5.));
#6617=CARTESIAN_POINT('',(150.,630.,-5.));
#6618=CARTESIAN_POINT('',(150.,624.,-150.));
#6619=CARTESIAN_POINT('',(150.,624.,150.));
#6620=CARTESIAN_POINT('',(150.,630.,-150.));
#6621=CARTESIAN_POINT('Origin',(5.,630.,-150.));
#6622=CARTESIAN_POINT('',(5.,624.,-150.));
#6623=CARTESIAN_POINT('',(150.,624.,-150.));
#6624=CARTESIAN_POINT('',(5.,630.,-150.));
#6625=CARTESIAN_POINT('Origin',(5.,630.,-103.879738159085));
#6626=CARTESIAN_POINT('',(5.,624.,-103.879738159085));
#6627=CARTESIAN_POINT('',(5.,624.,-150.));
#6628=CARTESIAN_POINT('',(5.,630.,-103.879738159085));
#6629=CARTESIAN_POINT('Origin',(0.,630.,0.));
#6630=CARTESIAN_POINT('',(103.879738159085,624.,-5.));
#6631=CARTESIAN_POINT('Origin',(0.,624.,0.));
#6632=CARTESIAN_POINT('',(103.879738159085,630.,-5.));
#6633=CARTESIAN_POINT('Origin',(150.,630.,-5.));
#6634=CARTESIAN_POINT('',(150.,624.,-5.));
#6635=CARTESIAN_POINT('Origin',(77.5,624.,-77.5));
#6636=CARTESIAN_POINT('Origin',(-4.99769291489478,630.,129.997692914895));
#6637=CARTESIAN_POINT('',(-149.997692914895,624.,129.997692914895));
#6638=CARTESIAN_POINT('',(-149.997692914895,636.,129.997692914895));
#6639=CARTESIAN_POINT('',(-149.997692914895,630.,129.997692914895));
#6640=CARTESIAN_POINT('',(-4.99769291489478,624.,129.997692914895));
#6641=CARTESIAN_POINT('',(-41.2476929148947,624.,129.997692914895));
#6642=CARTESIAN_POINT('',(-4.99769291489478,636.,129.997692914895));
#6643=CARTESIAN_POINT('',(-4.99769291489472,630.,129.997692914895));
#6644=CARTESIAN_POINT('',(-41.2476929148947,636.,129.997692914895));
#6645=CARTESIAN_POINT('Origin',(-77.4976929148947,624.,77.4976929148947));
#6646=CARTESIAN_POINT('',(-149.997692914895,624.,4.9976929148947));
#6647=CARTESIAN_POINT('',(-149.997692914895,624.,-150.002307085105));
#6648=CARTESIAN_POINT('',(-103.877431073979,624.,4.99769291489471));
#6649=CARTESIAN_POINT('',(-149.997692914895,624.,4.9976929148947));
#6650=CARTESIAN_POINT('',(-4.99769291489471,624.,103.877431073979));
#6651=CARTESIAN_POINT('Origin',(0.00230708510528643,624.,-0.00230708510525146));
#6652=CARTESIAN_POINT('',(-4.99769291489478,624.,149.997692914895));
#6653=CARTESIAN_POINT('Origin',(-149.997692914895,630.,149.997692914895));
#6654=CARTESIAN_POINT('',(-149.997692914895,636.,4.9976929148947));
#6655=CARTESIAN_POINT('',(-149.997692914895,636.,-150.002307085105));
#6656=CARTESIAN_POINT('',(-149.997692914895,630.,4.9976929148947));
#6657=CARTESIAN_POINT('Origin',(-77.4976929148947,636.,77.4976929148947));
#6658=CARTESIAN_POINT('',(-4.99769291489471,636.,103.877431073979));
#6659=CARTESIAN_POINT('',(-4.99769291489478,636.,149.997692914895));
#6660=CARTESIAN_POINT('',(-103.877431073979,636.,4.99769291489471));
#6661=CARTESIAN_POINT('Origin',(0.00230708510528643,636.,-0.00230708510525146));
#6662=CARTESIAN_POINT('',(-149.997692914895,636.,4.9976929148947));
#6663=CARTESIAN_POINT('Origin',(-4.99769291489471,630.,103.877431073979));
#6664=CARTESIAN_POINT('',(-4.99769291489471,630.,103.877431073979));
#6665=CARTESIAN_POINT('Origin',(0.00230708510528643,630.,-0.00230708510525146));
#6666=CARTESIAN_POINT('',(-103.877431073979,630.,4.99769291489471));
#6667=CARTESIAN_POINT('Origin',(-149.997692914895,630.,4.9976929148947));
#6668=CARTESIAN_POINT('Origin',(-4.99769291489478,370.,129.997692914895));
#6669=CARTESIAN_POINT('',(-149.997692914895,364.,129.997692914895));
#6670=CARTESIAN_POINT('',(-149.997692914895,376.,129.997692914895));
#6671=CARTESIAN_POINT('',(-149.997692914895,370.,129.997692914895));
#6672=CARTESIAN_POINT('',(-4.99769291489478,364.,129.997692914895));
#6673=CARTESIAN_POINT('',(-41.2476929148947,364.,129.997692914895));
#6674=CARTESIAN_POINT('',(-4.99769291489478,376.,129.997692914895));
#6675=CARTESIAN_POINT('',(-4.99769291489472,370.,129.997692914895));
#6676=CARTESIAN_POINT('',(-41.2476929148947,376.,129.997692914895));
#6677=CARTESIAN_POINT('Origin',(-77.4976929148947,364.,77.4976929148947));
#6678=CARTESIAN_POINT('',(-149.997692914895,364.,4.9976929148947));
#6679=CARTESIAN_POINT('',(-149.997692914895,364.,-150.002307085105));
#6680=CARTESIAN_POINT('',(-103.877431073979,364.,4.99769291489471));
#6681=CARTESIAN_POINT('',(-149.997692914895,364.,4.9976929148947));
#6682=CARTESIAN_POINT('',(-4.99769291489471,364.,103.877431073979));
#6683=CARTESIAN_POINT('Origin',(0.00230708510528643,364.,-0.00230708510525146));
#6684=CARTESIAN_POINT('',(-4.99769291489478,364.,149.997692914895));
#6685=CARTESIAN_POINT('Origin',(-149.997692914895,370.,149.997692914895));
#6686=CARTESIAN_POINT('',(-149.997692914895,376.,4.9976929148947));
#6687=CARTESIAN_POINT('',(-149.997692914895,376.,-150.002307085105));
#6688=CARTESIAN_POINT('',(-149.997692914895,370.,4.9976929148947));
#6689=CARTESIAN_POINT('Origin',(-4.99769291489471,370.,103.877431073979));
#6690=CARTESIAN_POINT('',(-4.99769291489471,376.,103.877431073979));
#6691=CARTESIAN_POINT('',(-4.99769291489471,370.,103.877431073979));
#6692=CARTESIAN_POINT('',(-4.99769291489478,376.,149.997692914895));
#6693=CARTESIAN_POINT('Origin',(0.00230708510528643,370.,-0.00230708510525146));
#6694=CARTESIAN_POINT('',(-103.877431073979,376.,4.99769291489471));
#6695=CARTESIAN_POINT('',(-103.877431073979,370.,4.99769291489471));
#6696=CARTESIAN_POINT('Origin',(0.00230708510528643,376.,-0.00230708510525146));
#6697=CARTESIAN_POINT('Origin',(-149.997692914895,370.,4.9976929148947));
#6698=CARTESIAN_POINT('',(-149.997692914895,376.,4.9976929148947));
#6699=CARTESIAN_POINT('Origin',(-77.4976929148947,376.,77.4976929148947));
#6700=CARTESIAN_POINT('Origin',(-122.497692914895,624.,122.497692914895));
#6701=CARTESIAN_POINT('',(-122.497692914895,624.,122.497692914895));
#6702=CARTESIAN_POINT('',(-122.497692914895,376.,122.497692914895));
#6703=CARTESIAN_POINT('',(-122.497692914895,624.,122.497692914895));
#6704=CARTESIAN_POINT('',(-122.497692914895,624.,97.4976929148947));
#6705=CARTESIAN_POINT('',(-122.497692914895,624.,97.4976929148947));
#6706=CARTESIAN_POINT('',(-122.497692914895,376.,97.4976929148947));
#6707=CARTESIAN_POINT('',(-122.497692914895,624.,97.4976929148947));
#6708=CARTESIAN_POINT('',(-122.497692914895,376.,97.4976929148947));
#6709=CARTESIAN_POINT('Origin',(-97.4976929148949,624.,122.497692914895));
#6710=CARTESIAN_POINT('',(-97.4976929148949,624.,122.497692914895));
#6711=CARTESIAN_POINT('',(-97.4976929148949,376.,122.497692914895));
#6712=CARTESIAN_POINT('',(-97.4976929148949,624.,122.497692914895));
#6713=CARTESIAN_POINT('',(-122.497692914895,624.,122.497692914895));
#6714=CARTESIAN_POINT('',(-122.497692914895,376.,122.497692914895));
#6715=CARTESIAN_POINT('',(-105.897692914895,599.,122.497692914895));
#6716=CARTESIAN_POINT('Origin',(-109.997692914895,599.,122.497692914895));
#6717=CARTESIAN_POINT('',(-105.897692914895,401.,122.497692914895));
#6718=CARTESIAN_POINT('Origin',(-109.997692914895,401.,122.497692914895));
#6719=CARTESIAN_POINT('Origin',(-109.997692914895,599.,214.997692914895));
#6720=CARTESIAN_POINT('',(-105.897692914895,599.,97.4976929148947));
#6721=CARTESIAN_POINT('',(-105.897692914895,599.,214.997692914895));
#6722=CARTESIAN_POINT('Origin',(-109.997692914895,599.,97.4976929148947));
#6723=CARTESIAN_POINT('Origin',(-109.997692914895,401.,214.997692914895));
#6724=CARTESIAN_POINT('',(-105.897692914895,401.,97.4976929148947));
#6725=CARTESIAN_POINT('',(-105.897692914895,401.,214.997692914895));
#6726=CARTESIAN_POINT('Origin',(-109.997692914895,401.,97.4976929148947));
#6727=CARTESIAN_POINT('Origin',(-97.4976929148948,624.,97.4976929148947));
#6728=CARTESIAN_POINT('',(-97.4976929148948,376.,97.4976929148947));
#6729=CARTESIAN_POINT('',(-97.4976929148949,376.,122.497692914895));
#6730=CARTESIAN_POINT('',(-97.4976929148948,624.,97.4976929148947));
#6731=CARTESIAN_POINT('',(-97.4976929148948,624.,97.4976929148947));
#6732=CARTESIAN_POINT('',(-97.4976929148949,624.,122.497692914895));
#6733=CARTESIAN_POINT('Origin',(-122.497692914895,624.,97.4976929148947));
#6734=CARTESIAN_POINT('',(-97.4976929148948,624.,97.4976929148947));
#6735=CARTESIAN_POINT('',(-97.4976929148948,376.,97.4976929148947));
#6736=CARTESIAN_POINT('Origin',(-109.997692914895,376.,109.997692914895));
#6737=CARTESIAN_POINT('Origin',(-109.997692914895,624.,109.997692914895));
#6738=CARTESIAN_POINT('Origin',(4.99769291489478,630.,129.997692914895));
#6739=CARTESIAN_POINT('',(149.997692914895,636.,129.997692914895));
#6740=CARTESIAN_POINT('',(149.997692914895,624.,129.997692914895));
#6741=CARTESIAN_POINT('',(149.997692914895,630.,129.997692914895));
#6742=CARTESIAN_POINT('',(4.99769291489478,636.,129.997692914895));
#6743=CARTESIAN_POINT('',(41.2476929148947,636.,129.997692914895));
#6744=CARTESIAN_POINT('',(4.99769291489478,624.,129.997692914895));
#6745=CARTESIAN_POINT('',(4.99769291489472,630.,129.997692914895));
#6746=CARTESIAN_POINT('',(41.2476929148947,624.,129.997692914895));
#6747=CARTESIAN_POINT('Origin',(77.4976929148947,636.,77.4976929148947));
#6748=CARTESIAN_POINT('',(149.997692914895,636.,4.9976929148947));
#6749=CARTESIAN_POINT('',(149.997692914895,636.,-150.002307085105));
#6750=CARTESIAN_POINT('',(103.877431073979,636.,4.99769291489471));
#6751=CARTESIAN_POINT('',(149.997692914895,636.,4.9976929148947));
#6752=CARTESIAN_POINT('',(4.99769291489471,636.,103.877431073979));
#6753=CARTESIAN_POINT('Origin',(-0.00230708510528643,636.,-0.00230708510525146));
#6754=CARTESIAN_POINT('',(4.99769291489478,636.,149.997692914895));
#6755=CARTESIAN_POINT('Origin',(149.997692914895,630.,149.997692914895));
#6756=CARTESIAN_POINT('',(149.997692914895,624.,4.9976929148947));
#6757=CARTESIAN_POINT('',(149.997692914895,624.,-150.002307085105));
#6758=CARTESIAN_POINT('',(149.997692914895,630.,4.9976929148947));
#6759=CARTESIAN_POINT('Origin',(4.99769291489471,630.,103.877431073979));
#6760=CARTESIAN_POINT('',(4.99769291489471,624.,103.877431073979));
#6761=CARTESIAN_POINT('',(4.99769291489471,630.,103.877431073979));
#6762=CARTESIAN_POINT('',(4.99769291489478,624.,149.997692914895));
#6763=CARTESIAN_POINT('Origin',(-0.00230708510528643,630.,-0.00230708510525146));
#6764=CARTESIAN_POINT('',(103.877431073979,624.,4.99769291489471));
#6765=CARTESIAN_POINT('',(103.877431073979,630.,4.99769291489471));
#6766=CARTESIAN_POINT('Origin',(-0.00230708510528643,624.,-0.00230708510525146));
#6767=CARTESIAN_POINT('Origin',(149.997692914895,630.,4.9976929148947));
#6768=CARTESIAN_POINT('',(149.997692914895,624.,4.9976929148947));
#6769=CARTESIAN_POINT('Origin',(77.4976929148947,624.,77.4976929148947));
#6770=CARTESIAN_POINT('Origin',(4.99769291489478,370.,129.997692914895));
#6771=CARTESIAN_POINT('',(149.997692914895,376.,129.997692914895));
#6772=CARTESIAN_POINT('',(149.997692914895,364.,129.997692914895));
#6773=CARTESIAN_POINT('',(149.997692914895,370.,129.997692914895));
#6774=CARTESIAN_POINT('',(4.99769291489478,376.,129.997692914895));
#6775=CARTESIAN_POINT('',(41.2476929148947,376.,129.997692914895));
#6776=CARTESIAN_POINT('',(4.99769291489478,364.,129.997692914895));
#6777=CARTESIAN_POINT('',(4.99769291489472,370.,129.997692914895));
#6778=CARTESIAN_POINT('',(41.2476929148947,364.,129.997692914895));
#6779=CARTESIAN_POINT('Origin',(77.4976929148947,376.,77.4976929148947));
#6780=CARTESIAN_POINT('',(149.997692914895,376.,4.9976929148947));
#6781=CARTESIAN_POINT('',(149.997692914895,376.,-150.002307085105));
#6782=CARTESIAN_POINT('',(103.877431073979,376.,4.99769291489471));
#6783=CARTESIAN_POINT('',(149.997692914895,376.,4.9976929148947));
#6784=CARTESIAN_POINT('',(4.99769291489471,376.,103.877431073979));
#6785=CARTESIAN_POINT('Origin',(-0.00230708510528643,376.,-0.00230708510525146));
#6786=CARTESIAN_POINT('',(4.99769291489478,376.,149.997692914895));
#6787=CARTESIAN_POINT('Origin',(149.997692914895,370.,149.997692914895));
#6788=CARTESIAN_POINT('',(149.997692914895,364.,4.9976929148947));
#6789=CARTESIAN_POINT('',(149.997692914895,364.,-150.002307085105));
#6790=CARTESIAN_POINT('',(149.997692914895,370.,4.9976929148947));
#6791=CARTESIAN_POINT('Origin',(77.4976929148947,364.,77.4976929148947));
#6792=CARTESIAN_POINT('',(4.99769291489471,364.,103.877431073979));
#6793=CARTESIAN_POINT('',(4.99769291489478,364.,149.997692914895));
#6794=CARTESIAN_POINT('',(103.877431073979,364.,4.99769291489471));
#6795=CARTESIAN_POINT('Origin',(-0.00230708510528643,364.,-0.00230708510525146));
#6796=CARTESIAN_POINT('',(149.997692914895,364.,4.9976929148947));
#6797=CARTESIAN_POINT('Origin',(4.99769291489471,370.,103.877431073979));
#6798=CARTESIAN_POINT('',(4.99769291489471,370.,103.877431073979));
#6799=CARTESIAN_POINT('Origin',(-0.00230708510528643,370.,-0.00230708510525146));
#6800=CARTESIAN_POINT('',(103.877431073979,370.,4.99769291489471));
#6801=CARTESIAN_POINT('Origin',(149.997692914895,370.,4.9976929148947));
#6802=CARTESIAN_POINT('Origin',(122.497692914895,624.,122.497692914895));
#6803=CARTESIAN_POINT('',(122.497692914895,376.,122.497692914895));
#6804=CARTESIAN_POINT('',(122.497692914895,624.,122.497692914895));
#6805=CARTESIAN_POINT('',(122.497692914895,531.25,122.497692914895));
#6806=CARTESIAN_POINT('',(122.497692914895,376.,97.4976929148947));
#6807=CARTESIAN_POINT('',(122.497692914895,376.,97.4976929148947));
#6808=CARTESIAN_POINT('',(122.497692914895,624.,97.4976929148947));
#6809=CARTESIAN_POINT('',(122.497692914895,624.,97.4976929148947));
#6810=CARTESIAN_POINT('',(122.497692914895,624.,97.4976929148947));
#6811=CARTESIAN_POINT('Origin',(97.4976929148949,624.,122.497692914895));
#6812=CARTESIAN_POINT('',(97.4976929148949,624.,122.497692914895));
#6813=CARTESIAN_POINT('',(97.4976929148949,376.,122.497692914895));
#6814=CARTESIAN_POINT('',(97.4976929148949,624.,122.497692914895));
#6815=CARTESIAN_POINT('',(122.497692914895,376.,122.497692914895));
#6816=CARTESIAN_POINT('',(122.497692914895,624.,122.497692914895));
#6817=CARTESIAN_POINT('',(105.897692914895,599.,122.497692914895));
#6818=CARTESIAN_POINT('Origin',(109.997692914895,599.,122.497692914895));
#6819=CARTESIAN_POINT('',(105.897692914895,401.,122.497692914895));
#6820=CARTESIAN_POINT('Origin',(109.997692914895,401.,122.497692914895));
#6821=CARTESIAN_POINT('Origin',(109.997692914895,599.,214.997692914895));
#6822=CARTESIAN_POINT('',(105.897692914895,599.,97.4976929148947));
#6823=CARTESIAN_POINT('',(105.897692914895,599.,214.997692914895));
#6824=CARTESIAN_POINT('Origin',(109.997692914895,599.,97.4976929148947));
#6825=CARTESIAN_POINT('Origin',(109.997692914895,401.,214.997692914895));
#6826=CARTESIAN_POINT('',(105.897692914895,401.,97.4976929148947));
#6827=CARTESIAN_POINT('',(105.897692914895,401.,214.997692914895));
#6828=CARTESIAN_POINT('Origin',(109.997692914895,401.,97.4976929148947));
#6829=CARTESIAN_POINT('Origin',(97.4976929148948,624.,97.4976929148947));
#6830=CARTESIAN_POINT('',(97.4976929148948,624.,97.4976929148947));
#6831=CARTESIAN_POINT('',(97.4976929148949,624.,122.497692914895));
#6832=CARTESIAN_POINT('',(97.4976929148948,376.,97.4976929148947));
#6833=CARTESIAN_POINT('',(97.4976929148948,624.,97.4976929148947));
#6834=CARTESIAN_POINT('',(97.4976929148949,376.,122.497692914895));
#6835=CARTESIAN_POINT('Origin',(122.497692914895,624.,97.4976929148947));
#6836=CARTESIAN_POINT('',(97.4976929148948,624.,97.4976929148947));
#6837=CARTESIAN_POINT('',(97.4976929148948,376.,97.4976929148947));
#6838=CARTESIAN_POINT('Origin',(109.997692914895,376.,109.997692914895));
#6839=CARTESIAN_POINT('Origin',(109.997692914895,624.,109.997692914895));
#6840=CARTESIAN_POINT('',(4.,0.,0.));
#6841=CARTESIAN_POINT('',(-4.,0.,0.));
#6842=CARTESIAN_POINT('',(0.,123.,0.));
#6843=CARTESIAN_POINT('',(0.,0.,0.));
#6844=CARTESIAN_POINT('',(0.,123.,0.));
#6845=CARTESIAN_POINT('',(-132.,394.,-150.));
#6846=CARTESIAN_POINT('',(-132.,606.,-150.));
#6847=CARTESIAN_POINT('',(-132.,503.,-150.));
#6848=CARTESIAN_POINT('',(-149.997692914895,393.999999999999,131.997692914895));
#6849=CARTESIAN_POINT('',(-149.997692914895,605.999999999999,131.997692914895));
#6850=CARTESIAN_POINT('',(132.,394.,-150.));
#6851=CARTESIAN_POINT('',(132.,606.,-150.));
#6852=CARTESIAN_POINT('',(132.,503.,-150.));
#6853=CARTESIAN_POINT('',(149.997692914895,393.999999999999,131.997692914895));
#6854=CARTESIAN_POINT('',(149.997692914895,605.999999999999,131.997692914895));
#6855=CARTESIAN_POINT('',(0.,0.,0.));
#6856=CARTESIAN_POINT('',(1.22124532708767E-14,260.,0.));
#6857=CARTESIAN_POINT('',(0.,0.,0.));
#6858=CARTESIAN_POINT('',(0.,0.,0.));
#6859=CARTESIAN_POINT('',(109.997692914895,438.5,162.));
#6860=CARTESIAN_POINT('',(109.997692914895,561.5,162.));
#6861=CARTESIAN_POINT('',(-109.997692914895,561.5,162.));
#6862=CARTESIAN_POINT('',(-109.997692914895,438.5,162.));
#6863=CARTESIAN_POINT('',(109.997692914895,500.,162.));
#6864=CARTESIAN_POINT('',(-109.997692914895,500.,162.));
#6865=CARTESIAN_POINT('',(109.997692914895,438.5,97.4976929148947));
#6866=CARTESIAN_POINT('',(109.997692914895,561.5,97.4976929148947));
#6867=CARTESIAN_POINT('',(-109.997692914895,561.5,97.4976929148946));
#6868=CARTESIAN_POINT('',(-109.997692914895,438.5,97.4976929148946));
#6869=UNCERTAINTY_MEASURE_WITH_UNIT(LENGTH_MEASURE(0.01),#6897,
'DISTANCE_ACCURACY_VALUE',
'Maximum model space distance between geometric entities at asserted c
onnectivities');
#6870=UNCERTAINTY_MEASURE_WITH_UNIT(LENGTH_MEASURE(0.01),#6897,
'DISTANCE_ACCURACY_VALUE',
'Maximum model space distance between geometric entities at asserted c
onnectivities');
#6871=UNCERTAINTY_MEASURE_WITH_UNIT(LENGTH_MEASURE(0.01),#6897,
'DISTANCE_ACCURACY_VALUE',
'Maximum model space distance between geometric entities at asserted c
onnectivities');
#6872=UNCERTAINTY_MEASURE_WITH_UNIT(LENGTH_MEASURE(0.01),#6897,
'DISTANCE_ACCURACY_VALUE',
'Maximum model space distance between geometric entities at asserted c
onnectivities');
#6873=UNCERTAINTY_MEASURE_WITH_UNIT(LENGTH_MEASURE(0.01),#6897,
'DISTANCE_ACCURACY_VALUE',
'Maximum model space distance between geometric entities at asserted c
onnectivities');
#6874=UNCERTAINTY_MEASURE_WITH_UNIT(LENGTH_MEASURE(0.01),#6897,
'DISTANCE_ACCURACY_VALUE',
'Maximum model space distance between geometric entities at asserted c
onnectivities');
#6875=UNCERTAINTY_MEASURE_WITH_UNIT(LENGTH_MEASURE(0.01),#6897,
'DISTANCE_ACCURACY_VALUE',
'Maximum model space distance between geometric entities at asserted c
onnectivities');
#6876=UNCERTAINTY_MEASURE_WITH_UNIT(LENGTH_MEASURE(0.01),#6897,
'DISTANCE_ACCURACY_VALUE',
'Maximum model space distance between geometric entities at asserted c
onnectivities');
#6877=UNCERTAINTY_MEASURE_WITH_UNIT(LENGTH_MEASURE(0.01),#6897,
'DISTANCE_ACCURACY_VALUE',
'Maximum model space distance between geometric entities at asserted c
onnectivities');
#6878=UNCERTAINTY_MEASURE_WITH_UNIT(LENGTH_MEASURE(0.01),#6897,
'DISTANCE_ACCURACY_VALUE',
'Maximum model space distance between geometric entities at asserted c
onnectivities');
#6879=UNCERTAINTY_MEASURE_WITH_UNIT(LENGTH_MEASURE(0.01),#6897,
'DISTANCE_ACCURACY_VALUE',
'Maximum model space distance between geometric entities at asserted c
onnectivities');
#6880=UNCERTAINTY_MEASURE_WITH_UNIT(LENGTH_MEASURE(0.01),#6897,
'DISTANCE_ACCURACY_VALUE',
'Maximum model space distance between geometric entities at asserted c
onnectivities');
#6881=UNCERTAINTY_MEASURE_WITH_UNIT(LENGTH_MEASURE(0.01),#6897,
'DISTANCE_ACCURACY_VALUE',
'Maximum model space distance between geometric entities at asserted c
onnectivities');
#6882=UNCERTAINTY_MEASURE_WITH_UNIT(LENGTH_MEASURE(0.01),#6897,
'DISTANCE_ACCURACY_VALUE',
'Maximum model space distance between geometric entities at asserted c
onnectivities');
#6883=(
GEOMETRIC_REPRESENTATION_CONTEXT(3)
GLOBAL_UNCERTAINTY_ASSIGNED_CONTEXT((#6869))
GLOBAL_UNIT_ASSIGNED_CONTEXT((#6897,#6899,#6900))
REPRESENTATION_CONTEXT('','3D')
);
#6884=(
GEOMETRIC_REPRESENTATION_CONTEXT(3)
GLOBAL_UNCERTAINTY_ASSIGNED_CONTEXT((#6870))
GLOBAL_UNIT_ASSIGNED_CONTEXT((#6897,#6899,#6900))
REPRESENTATION_CONTEXT('','3D')
);
#6885=(
GEOMETRIC_REPRESENTATION_CONTEXT(3)
GLOBAL_UNCERTAINTY_ASSIGNED_CONTEXT((#6871))
GLOBAL_UNIT_ASSIGNED_CONTEXT((#6897,#6899,#6900))
REPRESENTATION_CONTEXT('','3D')
);
#6886=(
GEOMETRIC_REPRESENTATION_CONTEXT(3)
GLOBAL_UNCERTAINTY_ASSIGNED_CONTEXT((#6872))
GLOBAL_UNIT_ASSIGNED_CONTEXT((#6897,#6899,#6900))
REPRESENTATION_CONTEXT('','3D')
);
#6887=(
GEOMETRIC_REPRESENTATION_CONTEXT(3)
GLOBAL_UNCERTAINTY_ASSIGNED_CONTEXT((#6873))
GLOBAL_UNIT_ASSIGNED_CONTEXT((#6897,#6899,#6900))
REPRESENTATION_CONTEXT('','3D')
);
#6888=(
GEOMETRIC_REPRESENTATION_CONTEXT(3)
GLOBAL_UNCERTAINTY_ASSIGNED_CONTEXT((#6874))
GLOBAL_UNIT_ASSIGNED_CONTEXT((#6897,#6899,#6900))
REPRESENTATION_CONTEXT('','3D')
);
#6889=(
GEOMETRIC_REPRESENTATION_CONTEXT(3)
GLOBAL_UNCERTAINTY_ASSIGNED_CONTEXT((#6875))
GLOBAL_UNIT_ASSIGNED_CONTEXT((#6897,#6899,#6900))
REPRESENTATION_CONTEXT('','3D')
);
#6890=(
GEOMETRIC_REPRESENTATION_CONTEXT(3)
GLOBAL_UNCERTAINTY_ASSIGNED_CONTEXT((#6876))
GLOBAL_UNIT_ASSIGNED_CONTEXT((#6897,#6899,#6900))
REPRESENTATION_CONTEXT('','3D')
);
#6891=(
GEOMETRIC_REPRESENTATION_CONTEXT(3)
GLOBAL_UNCERTAINTY_ASSIGNED_CONTEXT((#6877))
GLOBAL_UNIT_ASSIGNED_CONTEXT((#6897,#6899,#6900))
REPRESENTATION_CONTEXT('','3D')
);
#6892=(
GEOMETRIC_REPRESENTATION_CONTEXT(3)
GLOBAL_UNCERTAINTY_ASSIGNED_CONTEXT((#6878))
GLOBAL_UNIT_ASSIGNED_CONTEXT((#6897,#6899,#6900))
REPRESENTATION_CONTEXT('','3D')
);
#6893=(
GEOMETRIC_REPRESENTATION_CONTEXT(3)
GLOBAL_UNCERTAINTY_ASSIGNED_CONTEXT((#6879))
GLOBAL_UNIT_ASSIGNED_CONTEXT((#6897,#6899,#6900))
REPRESENTATION_CONTEXT('','3D')
);
#6894=(
GEOMETRIC_REPRESENTATION_CONTEXT(3)
GLOBAL_UNCERTAINTY_ASSIGNED_CONTEXT((#6880))
GLOBAL_UNIT_ASSIGNED_CONTEXT((#6897,#6899,#6900))
REPRESENTATION_CONTEXT('','3D')
);
#6895=(
GEOMETRIC_REPRESENTATION_CONTEXT(3)
GLOBAL_UNCERTAINTY_ASSIGNED_CONTEXT((#6881))
GLOBAL_UNIT_ASSIGNED_CONTEXT((#6897,#6899,#6900))
REPRESENTATION_CONTEXT('','3D')
);
#6896=(
GEOMETRIC_REPRESENTATION_CONTEXT(3)
GLOBAL_UNCERTAINTY_ASSIGNED_CONTEXT((#6882))
GLOBAL_UNIT_ASSIGNED_CONTEXT((#6897,#6899,#6900))
REPRESENTATION_CONTEXT('','3D')
);
#6897=(
LENGTH_UNIT()
NAMED_UNIT(*)
SI_UNIT(.MILLI.,.METRE.)
);
#6898=(
LENGTH_UNIT()
NAMED_UNIT(*)
SI_UNIT($,.METRE.)
);
#6899=(
NAMED_UNIT(*)
PLANE_ANGLE_UNIT()
SI_UNIT($,.RADIAN.)
);
#6900=(
NAMED_UNIT(*)
SI_UNIT($,.STERADIAN.)
SOLID_ANGLE_UNIT()
);
#6901=SHAPE_DEFINITION_REPRESENTATION(#6914,#6956);
#6902=SHAPE_DEFINITION_REPRESENTATION(#6915,#6957);
#6903=SHAPE_DEFINITION_REPRESENTATION(#6916,#6958);
#6904=SHAPE_DEFINITION_REPRESENTATION(#6917,#6959);
#6905=SHAPE_DEFINITION_REPRESENTATION(#6918,#6960);
#6906=SHAPE_DEFINITION_REPRESENTATION(#6919,#6961);
#6907=SHAPE_DEFINITION_REPRESENTATION(#6920,#6962);
#6908=SHAPE_DEFINITION_REPRESENTATION(#6921,#6963);
#6909=SHAPE_DEFINITION_REPRESENTATION(#6922,#6964);
#6910=SHAPE_DEFINITION_REPRESENTATION(#6923,#6965);
#6911=SHAPE_DEFINITION_REPRESENTATION(#6924,#6966);
#6912=SHAPE_DEFINITION_REPRESENTATION(#6925,#6967);
#6913=SHAPE_DEFINITION_REPRESENTATION(#6926,#6968);
#6914=PRODUCT_DEFINITION_SHAPE('',$,#6970);
#6915=PRODUCT_DEFINITION_SHAPE('',$,#6971);
#6916=PRODUCT_DEFINITION_SHAPE('',$,#6972);
#6917=PRODUCT_DEFINITION_SHAPE('',$,#6973);
#6918=PRODUCT_DEFINITION_SHAPE('',$,#6974);
#6919=PRODUCT_DEFINITION_SHAPE('',$,#6975);
#6920=PRODUCT_DEFINITION_SHAPE('',$,#6976);
#6921=PRODUCT_DEFINITION_SHAPE('',$,#6977);
#6922=PRODUCT_DEFINITION_SHAPE('',$,#6978);
#6923=PRODUCT_DEFINITION_SHAPE('',$,#6979);
#6924=PRODUCT_DEFINITION_SHAPE('',$,#6980);
#6925=PRODUCT_DEFINITION_SHAPE('',$,#6981);
#6926=PRODUCT_DEFINITION_SHAPE('',$,#6982);
#6927=PRODUCT_DEFINITION_SHAPE($,$,#98);
#6928=PRODUCT_DEFINITION_SHAPE($,$,#99);
#6929=PRODUCT_DEFINITION_SHAPE($,$,#100);
#6930=PRODUCT_DEFINITION_SHAPE($,$,#101);
#6931=PRODUCT_DEFINITION_SHAPE($,$,#102);
#6932=PRODUCT_DEFINITION_SHAPE($,$,#103);
#6933=PRODUCT_DEFINITION_SHAPE($,$,#104);
#6934=PRODUCT_DEFINITION_SHAPE($,$,#105);
#6935=PRODUCT_DEFINITION_SHAPE($,$,#106);
#6936=PRODUCT_DEFINITION_SHAPE($,$,#107);
#6937=PRODUCT_DEFINITION_SHAPE($,$,#108);
#6938=PRODUCT_DEFINITION_SHAPE($,$,#109);
#6939=PRODUCT_DEFINITION_SHAPE($,$,#110);
#6940=PRODUCT_DEFINITION_SHAPE($,$,#111);
#6941=PRODUCT_DEFINITION_SHAPE($,$,#112);
#6942=PRODUCT_DEFINITION_SHAPE($,$,#113);
#6943=PRODUCT_DEFINITION_SHAPE($,$,#114);
#6944=PRODUCT_DEFINITION_SHAPE($,$,#115);
#6945=PRODUCT_DEFINITION_SHAPE($,$,#116);
#6946=PRODUCT_DEFINITION_SHAPE($,$,#117);
#6947=PRODUCT_DEFINITION_SHAPE($,$,#118);
#6948=PRODUCT_DEFINITION_SHAPE($,$,#119);
#6949=PRODUCT_DEFINITION_SHAPE($,$,#120);
#6950=PRODUCT_DEFINITION_SHAPE($,$,#121);
#6951=PRODUCT_DEFINITION_SHAPE($,$,#122);
#6952=PRODUCT_DEFINITION_SHAPE($,$,#123);
#6953=PRODUCT_DEFINITION_SHAPE($,$,#124);
#6954=PRODUCT_DEFINITION_SHAPE($,$,#125);
#6955=PRODUCT_DEFINITION_SHAPE($,$,#126);
#6956=SHAPE_REPRESENTATION('',(#4187,#4525,#4526,#4527,#4528,#4529,#4530,
#4531,#4532,#4533,#4534,#4535,#4536,#4537,#4538,#4539,#4540,#4541,#4542,
#4543,#4544,#4545,#4546,#4547,#4548,#4549,#4550,#4551,#4552,#4553),#6883);
#6957=SHAPE_REPRESENTATION('',(#4188),#6884);
#6958=SHAPE_REPRESENTATION('',(#4204),#6885);
#6959=SHAPE_REPRESENTATION('',(#4211),#6886);
#6960=SHAPE_REPRESENTATION('',(#4212),#6887);
#6961=SHAPE_REPRESENTATION('',(#4213),#6888);
#6962=SHAPE_REPRESENTATION('',(#4234),#6889);
#6963=SHAPE_REPRESENTATION('',(#4255),#6890);
#6964=SHAPE_REPRESENTATION('',(#4296),#6891);
#6965=SHAPE_REPRESENTATION('',(#4303),#6892);
#6966=SHAPE_REPRESENTATION('',(#4310),#6893);
#6967=SHAPE_REPRESENTATION('',(#4334),#6894);
#6968=SHAPE_REPRESENTATION('',(#4358),#6895);
#6969=PRODUCT_DEFINITION_CONTEXT('part definition',#7010,'design');
#6970=PRODUCT_DEFINITION('04-OTA cradle','04-OTA cradle v12',#6983,#6969);
#6971=PRODUCT_DEFINITION('Alt Bearing','Alt Bearing',#6984,#6969);
#6972=PRODUCT_DEFINITION('Alt Bearing 2','Alt Bearing 2',#6985,#6969);
#6973=PRODUCT_DEFINITION('Component7','Component7',#6986,#6969);
#6974=PRODUCT_DEFINITION('Component7(Mirror)','Component7(Mirror)',#6987,
#6969);
#6975=PRODUCT_DEFINITION('40x40 L brackets','40x40 L brackets v1',#6988,
#6969);
#6976=PRODUCT_DEFINITION('40x40 L brackets v1(Mirror)',
'40x40 L brackets v1(Mirror)',#6989,#6969);
#6977=PRODUCT_DEFINITION('Component10','Component10',#6990,#6969);
#6978=PRODUCT_DEFINITION('Component11','Component11',#6991,#6969);
#6979=PRODUCT_DEFINITION('Component11(Mirror)','Component11(Mirror)',#6992,
#6969);
#6980=PRODUCT_DEFINITION('DIN EN ISO 4014 - M8 x 80 Steel 4.6 Plain',
'Hexagon Head Bolt DIN EN ISO 4014 - M8 x 80 Steel 4.6 Plain v1',#6993,
#6969);
#6981=PRODUCT_DEFINITION('DIN EN ISO 4014 - M8 x 40 Steel 4.6 Plain',
'Hexagon Head Bolt DIN EN ISO 4014 - M8 x 40 Steel 4.6 Plain v1',#6994,
#6969);
#6982=PRODUCT_DEFINITION('DIN EN 1661 - M8 Steel 6 Plain',
'Hexagon Nut With Flange DIN EN 1661 - M8 Steel 6 Plain v1',#6995,#6969);
#6983=PRODUCT_DEFINITION_FORMATION('',$,#7012);
#6984=PRODUCT_DEFINITION_FORMATION('',$,#7013);
#6985=PRODUCT_DEFINITION_FORMATION('',$,#7014);
#6986=PRODUCT_DEFINITION_FORMATION('',$,#7015);
#6987=PRODUCT_DEFINITION_FORMATION('',$,#7016);
#6988=PRODUCT_DEFINITION_FORMATION('',$,#7017);
#6989=PRODUCT_DEFINITION_FORMATION('',$,#7018);
#6990=PRODUCT_DEFINITION_FORMATION('',$,#7019);
#6991=PRODUCT_DEFINITION_FORMATION('',$,#7020);
#6992=PRODUCT_DEFINITION_FORMATION('',$,#7021);
#6993=PRODUCT_DEFINITION_FORMATION('',$,#7022);
#6994=PRODUCT_DEFINITION_FORMATION('',$,#7023);
#6995=PRODUCT_DEFINITION_FORMATION('',$,#7024);
#6996=PRODUCT_RELATED_PRODUCT_CATEGORY('04-OTA cradle v12',
'04-OTA cradle v12',(#7012));
#6997=PRODUCT_RELATED_PRODUCT_CATEGORY('Alt Bearing','Alt Bearing',(#7013));
#6998=PRODUCT_RELATED_PRODUCT_CATEGORY('Alt Bearing 2','Alt Bearing 2',
(#7014));
#6999=PRODUCT_RELATED_PRODUCT_CATEGORY('Component7','Component7',(#7015));
#7000=PRODUCT_RELATED_PRODUCT_CATEGORY('Component7(Mirror)',
'Component7(Mirror)',(#7016));
#7001=PRODUCT_RELATED_PRODUCT_CATEGORY('40x40 L brackets v1',
'40x40 L brackets v1',(#7017));
#7002=PRODUCT_RELATED_PRODUCT_CATEGORY('40x40 L brackets v1(Mirror)',
'40x40 L brackets v1(Mirror)',(#7018));
#7003=PRODUCT_RELATED_PRODUCT_CATEGORY('Component10','Component10',(#7019));
#7004=PRODUCT_RELATED_PRODUCT_CATEGORY('Component11','Component11',(#7020));
#7005=PRODUCT_RELATED_PRODUCT_CATEGORY('Component11(Mirror)',
'Component11(Mirror)',(#7021));
#7006=PRODUCT_RELATED_PRODUCT_CATEGORY(
'Hexagon Head Bolt DIN EN ISO 4014 - M8 x 80 Steel 4.6 Plain v1',
'Hexagon Head Bolt DIN EN ISO 4014 - M8 x 80 Steel 4.6 Plain v1',(#7022));
#7007=PRODUCT_RELATED_PRODUCT_CATEGORY(
'Hexagon Head Bolt DIN EN ISO 4014 - M8 x 40 Steel 4.6 Plain v1',
'Hexagon Head Bolt DIN EN ISO 4014 - M8 x 40 Steel 4.6 Plain v1',(#7023));
#7008=PRODUCT_RELATED_PRODUCT_CATEGORY(
'Hexagon Nut With Flange DIN EN 1661 - M8 Steel 6 Plain v1',
'Hexagon Nut With Flange DIN EN 1661 - M8 Steel 6 Plain v1',(#7024));
#7009=APPLICATION_PROTOCOL_DEFINITION('international standard',
'automotive_design',2009,#7010);
#7010=APPLICATION_CONTEXT(
'Core Data for Automotive Mechanical Design Process');
#7011=PRODUCT_CONTEXT('part definition',#7010,'mechanical');
#7012=PRODUCT('04-OTA cradle','04-OTA cradle v12',$,(#7011));
#7013=PRODUCT('Alt Bearing','Alt Bearing',$,(#7011));
#7014=PRODUCT('Alt Bearing 2','Alt Bearing 2',$,(#7011));
#7015=PRODUCT('Component7','Component7',$,(#7011));
#7016=PRODUCT('Component7(Mirror)','Component7(Mirror)',$,(#7011));
#7017=PRODUCT('40x40 L brackets','40x40 L brackets v1',$,(#7011));
#7018=PRODUCT('40x40 L brackets v1(Mirror)',
'40x40 L brackets v1(Mirror)',$,(#7011));
#7019=PRODUCT('Component10','Component10',$,(#7011));
#7020=PRODUCT('Component11','Component11',$,(#7011));
#7021=PRODUCT('Component11(Mirror)','Component11(Mirror)',$,(#7011));
#7022=PRODUCT('DIN EN ISO 4014 - M8 x 80 Steel 4.6 Plain',
'Hexagon Head Bolt DIN EN ISO 4014 - M8 x 80 Steel 4.6 Plain v1',
'Hexagon Head Bolt DIN EN ISO 4014 - M8 x 80',(#7011));
#7023=PRODUCT('DIN EN ISO 4014 - M8 x 40 Steel 4.6 Plain',
'Hexagon Head Bolt DIN EN ISO 4014 - M8 x 40 Steel 4.6 Plain v1',
'Hexagon Head Bolt DIN EN ISO 4014 - M8 x 40',(#7011));
#7024=PRODUCT('DIN EN 1661 - M8 Steel 6 Plain',
'Hexagon Nut With Flange DIN EN 1661 - M8 Steel 6 Plain v1',
'Hexagon Nut With Flange DIN EN 1661 - M8',(#7011));
#7025=PRESENTATION_STYLE_ASSIGNMENT((#7033));
#7026=PRESENTATION_STYLE_ASSIGNMENT((#7034));
#7027=PRESENTATION_STYLE_ASSIGNMENT((#7035));
#7028=PRESENTATION_STYLE_ASSIGNMENT((#7036));
#7029=PRESENTATION_STYLE_ASSIGNMENT((#7037));
#7030=PRESENTATION_STYLE_ASSIGNMENT((#7038));
#7031=PRESENTATION_STYLE_ASSIGNMENT((#7039));
#7032=PRESENTATION_STYLE_ASSIGNMENT((#7040));
#7033=SURFACE_STYLE_USAGE(.BOTH.,#7041);
#7034=SURFACE_STYLE_USAGE(.BOTH.,#7042);
#7035=SURFACE_STYLE_USAGE(.BOTH.,#7043);
#7036=SURFACE_STYLE_USAGE(.BOTH.,#7044);
#7037=SURFACE_STYLE_USAGE(.BOTH.,#7045);
#7038=SURFACE_STYLE_USAGE(.BOTH.,#7046);
#7039=SURFACE_STYLE_USAGE(.BOTH.,#7047);
#7040=SURFACE_STYLE_USAGE(.BOTH.,#7048);
#7041=SURFACE_SIDE_STYLE('',(#7049));
#7042=SURFACE_SIDE_STYLE('',(#7050));
#7043=SURFACE_SIDE_STYLE('',(#7051));
#7044=SURFACE_SIDE_STYLE('',(#7052));
#7045=SURFACE_SIDE_STYLE('',(#7053));
#7046=SURFACE_SIDE_STYLE('',(#7054));
#7047=SURFACE_SIDE_STYLE('',(#7055));
#7048=SURFACE_SIDE_STYLE('',(#7056));
#7049=SURFACE_STYLE_FILL_AREA(#7057);
#7050=SURFACE_STYLE_FILL_AREA(#7058);
#7051=SURFACE_STYLE_FILL_AREA(#7059);
#7052=SURFACE_STYLE_FILL_AREA(#7060);
#7053=SURFACE_STYLE_FILL_AREA(#7061);
#7054=SURFACE_STYLE_FILL_AREA(#7062);
#7055=SURFACE_STYLE_FILL_AREA(#7063);
#7056=SURFACE_STYLE_FILL_AREA(#7064);
#7057=FILL_AREA_STYLE('Steel - Satin',(#7065));
#7058=FILL_AREA_STYLE('Paint - Enamel Glossy (Black)',(#7066));
#7059=FILL_AREA_STYLE('Paint - Enamel Glossy (Blue)',(#7067));
#7060=FILL_AREA_STYLE('Paint - Enamel Glossy (Black) (1) (1)',(#7068));
#7061=FILL_AREA_STYLE('Paint - Enamel Glossy (Black) (1) (1) (1)',(#7069));
#7062=FILL_AREA_STYLE('Paint - Enamel Glossy (Black) (1) (1) (2)',(#7070));
#7063=FILL_AREA_STYLE('Paint - Enamel Glossy (Black) (1)',(#7071));
#7064=FILL_AREA_STYLE('Stainless Steel - Satin',(#7072));
#7065=FILL_AREA_STYLE_COLOUR('Steel - Satin',#7073);
#7066=FILL_AREA_STYLE_COLOUR('Paint - Enamel Glossy (Black)',#7074);
#7067=FILL_AREA_STYLE_COLOUR('Paint - Enamel Glossy (Blue)',#7075);
#7068=FILL_AREA_STYLE_COLOUR('Paint - Enamel Glossy (Black) (1) (1)',#7076);
#7069=FILL_AREA_STYLE_COLOUR(
'Paint - Enamel Glossy (Black) (1) (1) (1)',#7077);
#7070=FILL_AREA_STYLE_COLOUR(
'Paint - Enamel Glossy (Black) (1) (1) (2)',#7078);
#7071=FILL_AREA_STYLE_COLOUR('Paint - Enamel Glossy (Black) (1)',#7079);
#7072=FILL_AREA_STYLE_COLOUR('Stainless Steel - Satin',#7080);
#7073=COLOUR_RGB('Steel - Satin',0.627450980392157,0.627450980392157,0.627450980392157);
#7074=COLOUR_RGB('Paint - Enamel Glossy (Black)',0.388235294117647,0.380392156862745,
0.380392156862745);
#7075=COLOUR_RGB('Paint - Enamel Glossy (Blue)',0.470588235294118,0.525490196078431,
0.952941176470588);
#7076=COLOUR_RGB('Paint - Enamel Glossy (Black) (1) (1)',0.905882352941176,
0.431372549019608,0.431372549019608);
#7077=COLOUR_RGB('Paint - Enamel Glossy (Black) (1) (1) (1)',0.905882352941176,
0.819607843137255,0.431372549019608);
#7078=COLOUR_RGB('Paint - Enamel Glossy (Black) (1) (1) (2)',0.431372549019608,
0.905882352941176,0.509803921568627);
#7079=COLOUR_RGB('Paint - Enamel Glossy (Black) (1)',0.803921568627451,
0.76078431372549,0.76078431372549);
#7080=COLOUR_RGB('Stainless Steel - Satin',0.796078431372549,0.796078431372549,
0.796078431372549);
ENDSEC;
END-ISO-10303-21;
